<?xml version='1.0' encoding='UTF-8'?>
<gpx xmlns="http://www.topografix.com/GPX/1/1" version="1.1" creator="combine_gpx.py">
  <trk>
    <name>06-09</name>
    <trkseg>
      <trkpt lat="52.673465" lon="13.499168">
        <ele>62.819653</ele>
        <time>2026-03-18T08:32:05.017Z</time>
      </trkpt>
      <trkpt lat="52.673463" lon="13.499009">
        <ele>62.819653</ele>
        <time>2026-03-18T08:32:07.108Z</time>
      </trkpt>
      <trkpt lat="52.673342" lon="13.497389">
        <ele>62.764702</ele>
        <time>2026-03-18T08:32:28.394Z</time>
      </trkpt>
      <trkpt lat="52.673283" lon="13.496907">
        <ele>62.677007</ele>
        <time>2026-03-18T08:32:35.044Z</time>
      </trkpt>
      <trkpt lat="52.673239" lon="13.496605">
        <ele>62.621615</ele>
        <time>2026-03-18T08:32:39.389Z</time>
      </trkpt>
      <trkpt lat="52.673010" lon="13.495512">
        <ele>62.415379</ele>
        <time>2026-03-18T08:32:56.703Z</time>
      </trkpt>
      <trkpt lat="52.672781" lon="13.494699">
        <ele>62.282092</ele>
        <time>2026-03-18T08:33:10.872Z</time>
      </trkpt>
      <trkpt lat="52.671841" lon="13.491922">
        <ele>62.161215</ele>
        <time>2026-03-18T08:33:57.389Z</time>
      </trkpt>
      <trkpt lat="52.671734" lon="13.491604">
        <ele>62.160566</ele>
        <time>2026-03-18T08:34:02.756Z</time>
      </trkpt>
      <trkpt lat="52.671697" lon="13.491490">
        <ele>62.160335</ele>
        <time>2026-03-18T08:34:04.693Z</time>
      </trkpt>
      <trkpt lat="52.671345" lon="13.490492">
        <ele>62.158274</ele>
        <time>2026-03-18T08:34:22.208Z</time>
      </trkpt>
      <trkpt lat="52.670583" lon="13.488329">
        <ele>61.801874</ele>
        <time>2026-03-18T08:34:59.379Z</time>
      </trkpt>
      <trkpt lat="52.669893" lon="13.486408">
        <ele>61.295913</ele>
        <time>2026-03-18T08:35:29.647Z</time>
      </trkpt>
      <trkpt lat="52.669785" lon="13.486081">
        <ele>61.209132</ele>
        <time>2026-03-18T08:35:34.775Z</time>
      </trkpt>
      <trkpt lat="52.669443" lon="13.485039">
        <ele>60.932994</ele>
        <time>2026-03-18T08:35:51.708Z</time>
      </trkpt>
      <trkpt lat="52.670081" lon="13.484494">
        <ele>60.904808</ele>
        <time>2026-03-18T08:36:09.625Z</time>
      </trkpt>
      <trkpt lat="52.670751" lon="13.483921">
        <ele>61.099523</ele>
        <time>2026-03-18T08:36:29.030Z</time>
      </trkpt>
      <trkpt lat="52.671241" lon="13.483466">
        <ele>61.244600</ele>
        <time>2026-03-18T08:36:43.805Z</time>
      </trkpt>
      <trkpt lat="52.671906" lon="13.482851">
        <ele>61.148754</ele>
        <time>2026-03-18T08:37:04.162Z</time>
      </trkpt>
      <trkpt lat="52.672722" lon="13.482095">
        <ele>60.979656</ele>
        <time>2026-03-18T08:37:26.412Z</time>
      </trkpt>
      <trkpt lat="52.673604" lon="13.481310">
        <ele>60.109943</ele>
        <time>2026-03-18T08:37:47.579Z</time>
      </trkpt>
      <trkpt lat="52.674022" lon="13.480937">
        <ele>59.618246</ele>
        <time>2026-03-18T08:37:57.426Z</time>
      </trkpt>
      <trkpt lat="52.674828" lon="13.480244">
        <ele>59.143451</ele>
        <time>2026-03-18T08:38:17.668Z</time>
      </trkpt>
      <trkpt lat="52.674886" lon="13.480203">
        <ele>59.153108</ele>
        <time>2026-03-18T08:38:19.194Z</time>
      </trkpt>
      <trkpt lat="52.674977" lon="13.480118">
        <ele>59.169113</ele>
        <time>2026-03-18T08:38:21.736Z</time>
      </trkpt>
      <trkpt lat="52.676728" lon="13.478681">
        <ele>60.015416</ele>
        <time>2026-03-18T08:39:14.529Z</time>
      </trkpt>
      <trkpt lat="52.676791" lon="13.478629">
        <ele>60.079951</ele>
        <time>2026-03-18T08:39:16.563Z</time>
      </trkpt>
      <trkpt lat="52.677334" lon="13.478312">
        <ele>60.607613</ele>
        <time>2026-03-18T08:39:33.506Z</time>
      </trkpt>
      <trkpt lat="52.677993" lon="13.477865">
        <ele>61.181695</ele>
        <time>2026-03-18T08:40:03.384Z</time>
      </trkpt>
      <trkpt lat="52.678008" lon="13.477855">
        <ele>61.191925</ele>
        <time>2026-03-18T08:40:04.026Z</time>
      </trkpt>
      <trkpt lat="52.678142" lon="13.477761">
        <ele>61.284004</ele>
        <time>2026-03-18T08:40:10.034Z</time>
      </trkpt>
      <trkpt lat="52.678500" lon="13.477517">
        <ele>61.528947</ele>
        <time>2026-03-18T08:40:25.737Z</time>
      </trkpt>
      <trkpt lat="52.678713" lon="13.477376">
        <ele>61.674078</ele>
        <time>2026-03-18T08:40:34.879Z</time>
      </trkpt>
      <trkpt lat="52.678845" lon="13.477288">
        <ele>61.764107</ele>
        <time>2026-03-18T08:40:40.503Z</time>
      </trkpt>
      <trkpt lat="52.679111" lon="13.477101">
        <ele>61.946950</ele>
        <time>2026-03-18T08:40:51.652Z</time>
      </trkpt>
      <trkpt lat="52.679159" lon="13.477066">
        <ele>61.980136</ele>
        <time>2026-03-18T08:40:53.644Z</time>
      </trkpt>
      <trkpt lat="52.679322" lon="13.476946">
        <ele>62.093008</ele>
        <time>2026-03-18T08:41:00.395Z</time>
      </trkpt>
      <trkpt lat="52.679449" lon="13.476852">
        <ele>62.119133</ele>
        <time>2026-03-18T08:41:05.584Z</time>
      </trkpt>
      <trkpt lat="52.679941" lon="13.476562">
        <ele>61.901201</ele>
        <time>2026-03-18T08:41:24.350Z</time>
      </trkpt>
      <trkpt lat="52.680193" lon="13.476479">
        <ele>61.794012</ele>
        <time>2026-03-18T08:41:33.450Z</time>
      </trkpt>
      <trkpt lat="52.680408" lon="13.476412">
        <ele>61.702745</ele>
        <time>2026-03-18T08:41:41.163Z</time>
      </trkpt>
      <trkpt lat="52.680545" lon="13.476388">
        <ele>61.645278</ele>
        <time>2026-03-18T08:41:45.976Z</time>
      </trkpt>
      <trkpt lat="52.680845" lon="13.476216">
        <ele>61.512799</ele>
        <time>2026-03-18T08:41:57.045Z</time>
      </trkpt>
      <trkpt lat="52.681527" lon="13.475764">
        <ele>61.433997</ele>
        <time>2026-03-18T08:42:22.325Z</time>
      </trkpt>
      <trkpt lat="52.681739" lon="13.475624">
        <ele>61.454602</ele>
        <time>2026-03-18T08:42:30.566Z</time>
      </trkpt>
      <trkpt lat="52.682119" lon="13.475333">
        <ele>61.492404</ele>
        <time>2026-03-18T08:42:46.178Z</time>
      </trkpt>
      <trkpt lat="52.682407" lon="13.475176">
        <ele>61.519773</ele>
        <time>2026-03-18T08:42:57.922Z</time>
      </trkpt>
      <trkpt lat="52.682489" lon="13.475171">
        <ele>61.527177</ele>
        <time>2026-03-18T08:43:01.189Z</time>
      </trkpt>
      <trkpt lat="52.682582" lon="13.475191">
        <ele>61.535639</ele>
        <time>2026-03-18T08:43:04.882Z</time>
      </trkpt>
      <trkpt lat="52.682664" lon="13.475216">
        <ele>61.543163</ele>
        <time>2026-03-18T08:43:08.206Z</time>
      </trkpt>
      <trkpt lat="52.683237" lon="13.475360">
        <ele>61.555780</ele>
        <time>2026-03-18T08:43:32.043Z</time>
      </trkpt>
      <trkpt lat="52.683728" lon="13.475439">
        <ele>61.555780</ele>
        <time>2026-03-18T08:43:53.477Z</time>
      </trkpt>
      <trkpt lat="52.684327" lon="13.475536">
        <ele>61.555780</ele>
        <time>2026-03-18T08:44:18.881Z</time>
      </trkpt>
      <trkpt lat="52.684371" lon="13.475546">
        <ele>61.555780</ele>
        <time>2026-03-18T08:44:20.751Z</time>
      </trkpt>
      <trkpt lat="52.684524" lon="13.475574">
        <ele>61.555780</ele>
        <time>2026-03-18T08:44:27.038Z</time>
      </trkpt>
      <trkpt lat="52.684583" lon="13.475596">
        <ele>61.555780</ele>
        <time>2026-03-18T08:44:29.500Z</time>
      </trkpt>
    </trkseg>
  </trk>
  <trk>
    <trkseg>
      <trkpt lat="52.75209065991" lon="13.49548637867" />
      <trkpt lat="52.752103647484" lon="13.495354950428" />
      <trkpt lat="52.75215072741" lon="13.495381772518" />
      <trkpt lat="52.75224488711" lon="13.495443463326" />
      <trkpt lat="52.752301707519" lon="13.495491743088" />
      <trkpt lat="52.75244619337" lon="13.495588302612" />
      <trkpt lat="52.752775749193" lon="13.495829701424" />
      <trkpt lat="52.752991663724" lon="13.495987951756" />
      <trkpt lat="52.753080951376" lon="13.495845794678" />
      <trkpt lat="52.753455957514" lon="13.495312035084" />
      <trkpt lat="52.753665375121" lon="13.495030403137" />
      <trkpt lat="52.753970571072" lon="13.494526147842" />
      <trkpt lat="52.754386153609" lon="13.493850231171" />
      <trkpt lat="52.754678357707" lon="13.493367433548" />
      <trkpt lat="52.754967313165" lon="13.492949008942" />
      <trkpt lat="52.755087440151" lon="13.49276393652" />
      <trkpt lat="52.755232728428" lon="13.492538630962" />
      <trkpt lat="52.755348796368" lon="13.492366969585" />
      <trkpt lat="52.755459994034" lon="13.492187261581" />
      <trkpt lat="52.755602034436" lon="13.491961956024" />
      <trkpt lat="52.755695375019" lon="13.491810411215" />
      <trkpt lat="52.755789527057" lon="13.491654843092" />
      <trkpt lat="52.755893418725" lon="13.491492569447" />
      <trkpt lat="52.755938871252" lon="13.49141612649" />
      <trkpt lat="52.755988381986" lon="13.491331636906" />
      <trkpt lat="52.756059807208" lon="13.491224348545" />
      <trkpt lat="52.75612798572" lon="13.491113036871" />
      <trkpt lat="52.756187236007" lon="13.491016477346" />
      <trkpt lat="52.756291126726" lon="13.490848839283" />
      <trkpt lat="52.756347130214" lon="13.490768373013" />
      <trkpt lat="52.756411250061" lon="13.490663766861" />
      <trkpt lat="52.756485921156" lon="13.490541726351" />
      <trkpt lat="52.756567896886" lon="13.490412980318" />
      <trkpt lat="52.756619030183" lon="13.490331172943" />
      <trkpt lat="52.756706687125" lon="13.490176945925" />
      <trkpt lat="52.756781357714" lon="13.490064293146" />
      <trkpt lat="52.75685521654" lon="13.489948958158" />
      <trkpt lat="52.756928263608" lon="13.489825576544" />
      <trkpt lat="52.7570126734" lon="13.489686101675" />
      <trkpt lat="52.757164448288" lon="13.489464819431" />
      <trkpt lat="52.757247234368" lon="13.489334732294" />
      <trkpt lat="52.757323527282" lon="13.489227443933" />
      <trkpt lat="52.75739413869" lon="13.489117473364" />
      <trkpt lat="52.757467996477" lon="13.489002138376" />
      <trkpt lat="52.757521563585" lon="13.488916307688" />
      <trkpt lat="52.757599479261" lon="13.488803654909" />
      <trkpt lat="52.757667655363" lon="13.488699048758" />
      <trkpt lat="52.757771542551" lon="13.488538116217" />
      <trkpt lat="52.757848646164" lon="13.488429486752" />
      <trkpt lat="52.757931430943" lon="13.488319516182" />
      <trkpt lat="52.757975258115" lon="13.488252460957" />
      <trkpt lat="52.758000418139" lon="13.488193452358" />
      <trkpt lat="52.758008534272" lon="13.488147854805" />
      <trkpt lat="52.758019085243" lon="13.488079458475" />
      <trkpt lat="52.758035317502" lon="13.487938642502" />
      <trkpt lat="52.758049114917" lon="13.48783403635" />
      <trkpt lat="52.758053172979" lon="13.487791121006" />
      <trkpt lat="52.758092130359" lon="13.487754911184" />
      <trkpt lat="52.75807914457" lon="13.487486690283" />
      <trkpt lat="52.758000418139" lon="13.4865693748" />
      <trkpt lat="52.757960649063" lon="13.485901504755" />
      <trkpt lat="52.757904647649" lon="13.485590368509" />
      <trkpt lat="52.757812935034" lon="13.485198765993" />
      <trkpt lat="52.757634378946" lon="13.484571129084" />
      <trkpt lat="52.75757107252" lon="13.484375327826" />
      <trkpt lat="52.757545100627" lon="13.484120517969" />
      <trkpt lat="52.757540230895" lon="13.483920693398" />
      <trkpt lat="52.757535361163" lon="13.483793288469" />
      <trkpt lat="52.757533737919" lon="13.483647108078" />
      <trkpt lat="52.757605160607" lon="13.48338291049" />
      <trkpt lat="52.757643306767" lon="13.483216613531" />
      <trkpt lat="52.757701743374" lon="13.482955098152" />
      <trkpt lat="52.75775287534" lon="13.482764661312" />
      <trkpt lat="52.757825920903" lon="13.482575565577" />
      <trkpt lat="52.757908705725" lon="13.482385128736" />
      <trkpt lat="52.758095376806" lon="13.482013642788" />
      <trkpt lat="52.758134334148" lon="13.481935858727" />
      <trkpt lat="52.758118101926" lon="13.481804430485" />
      <trkpt lat="52.758056419429" lon="13.481498658657" />
      <trkpt lat="52.757993113617" lon="13.481120467186" />
      <trkpt lat="52.757933054172" lon="13.480791896582" />
      <trkpt lat="52.757868936565" lon="13.480412364006" />
      <trkpt lat="52.757790209754" lon="13.479983210564" />
      <trkpt lat="52.757732584885" lon="13.479665368795" />
      <trkpt lat="52.757655481067" lon="13.479226827621" />
      <trkpt lat="52.757592986293" lon="13.478870093822" />
      <trkpt lat="52.757544289005" lon="13.47857773304" />
      <trkpt lat="52.757495591662" lon="13.478302806616" />
      <trkpt lat="52.757456633749" lon="13.478052020073" />
      <trkpt lat="52.757397385189" lon="13.47770601511" />
      <trkpt lat="52.757329208664" lon="13.477339893579" />
      <trkpt lat="52.757301613373" lon="13.477165549994" />
      <trkpt lat="52.757261032032" lon="13.476895987988" />
      <trkpt lat="52.757215580885" lon="13.476637154818" />
      <trkpt lat="52.757195290179" lon="13.476466834545" />
      <trkpt lat="52.757005368713" lon="13.476252257824" />
      <trkpt lat="52.756627146574" lon="13.4758284688" />
      <trkpt lat="52.756521633374" lon="13.475697040558" />
      <trkpt lat="52.756442092486" lon="13.475585728884" />
      <trkpt lat="52.756328462393" lon="13.475422114134" />
      <trkpt lat="52.756221325176" lon="13.475285321474" />
      <trkpt lat="52.756084156689" lon="13.475080132484" />
      <trkpt lat="52.755964844103" lon="13.474916517735" />
      <trkpt lat="52.755827674808" lon="13.47470998764" />
      <trkpt lat="52.755709173176" lon="13.474527597427" />
      <trkpt lat="52.755593106196" lon="13.474359959364" />
      <trkpt lat="52.75548353219" lon="13.474196344614" />
      <trkpt lat="52.755430774237" lon="13.474125266075" />
      <trkpt lat="52.755381262869" lon="13.474062234163" />
      <trkpt lat="52.755352043019" lon="13.474026024342" />
      <trkpt lat="52.755327693129" lon="13.47400188446" />
      <trkpt lat="52.755300908234" lon="13.473984450102" />
      <trkpt lat="52.755272499994" lon="13.47396299243" />
      <trkpt lat="52.755251396719" lon="13.473949581385" />
      <trkpt lat="52.755030623374" lon="13.473920077085" />
      <trkpt lat="52.754623975426" lon="13.473882526159" />
      <trkpt lat="52.754249791026" lon="13.473822176456" />
      <trkpt lat="52.754144272068" lon="13.473795354366" />
      <trkpt lat="52.754000603537" lon="13.473733663559" />
      <trkpt lat="52.753776577085" lon="13.473634421825" />
      <trkpt lat="52.753607744795" lon="13.473557978868" />
      <trkpt lat="52.753472191473" lon="13.473497629166" />
      <trkpt lat="52.753297676096" lon="13.473415821791" />
      <trkpt lat="52.753238421879" lon="13.473395705223" />
      <trkpt lat="52.753172673955" lon="13.473316580057" />
      <trkpt lat="52.753156439884" lon="13.473173081875" />
      <trkpt lat="52.753162121809" lon="13.473026901484" />
      <trkpt lat="52.753177544175" lon="13.472836464643" />
      <trkpt lat="52.753204330375" lon="13.47258836031" />
      <trkpt lat="52.753225434642" lon="13.472389876842" />
      <trkpt lat="52.753247350602" lon="13.472186028957" />
      <trkpt lat="52.753272513356" lon="13.472006320953" />
      <trkpt lat="52.753296052694" lon="13.471825271845" />
      <trkpt lat="52.753310663311" lon="13.471711277962" />
      <trkpt lat="52.753308228208" lon="13.471644222736" />
      <trkpt lat="52.753315533516" lon="13.471479266882" />
      <trkpt lat="52.753323650522" lon="13.471425622702" />
      <trkpt lat="52.75333907283" lon="13.471371978521" />
      <trkpt lat="52.753349624932" lon="13.471334427595" />
    </trkseg>
    <name>1-30</name>
  </trk>
  <trk>
    <trkseg>
      <trkpt lat="52.980179373999" lon="13.818675801158" />
      <trkpt lat="52.980160398513" lon="13.818666413426" />
      <trkpt lat="52.980141423019" lon="13.818661719561" />
      <trkpt lat="52.980099838396" lon="13.818653002381" />
      <trkpt lat="52.980004960708" lon="13.818632885814" />
      <trkpt lat="52.979791787953" lon="13.818590641022" />
      <trkpt lat="52.979481716613" lon="13.818515539169" />
      <trkpt lat="52.979216862248" lon="13.818429708481" />
      <trkpt lat="52.978990765774" lon="13.818333148956" />
      <trkpt lat="52.978712988486" lon="13.818225860596" />
      <trkpt lat="52.978490119371" lon="13.818172216415" />
      <trkpt lat="52.978157428553" lon="13.818123936653" />
      <trkpt lat="52.977899026151" lon="13.818086385727" />
      <trkpt lat="52.977634162084" lon="13.818054199219" />
      <trkpt lat="52.977285314251" lon="13.817979097366" />
      <trkpt lat="52.976968764706" lon="13.81791472435" />
      <trkpt lat="52.976648982709" lon="13.817828893661" />
      <trkpt lat="52.976448713991" lon="13.817775249481" />
      <trkpt lat="52.97620968237" lon="13.817684054375" />
      <trkpt lat="52.97592542683" lon="13.817523121834" />
      <trkpt lat="52.975721924556" lon="13.817367553711" />
      <trkpt lat="52.975524881758" lon="13.817244172096" />
      <trkpt lat="52.975308456666" lon="13.817099332809" />
      <trkpt lat="52.975143714452" lon="13.817018866539" />
      <trkpt lat="52.974920826927" lon="13.816922307014" />
      <trkpt lat="52.974691477694" lon="13.816820383072" />
      <trkpt lat="52.974500890786" lon="13.816729187965" />
      <trkpt lat="52.974387830359" lon="13.816686272621" />
      <trkpt lat="52.974210163375" lon="13.816675543785" />
      <trkpt lat="52.974009883354" lon="13.816627264023" />
      <trkpt lat="52.973699770523" lon="13.816562891006" />
      <trkpt lat="52.973538252542" lon="13.816455602646" />
      <trkpt lat="52.973396116219" lon="13.816359043121" />
      <trkpt lat="52.973286283286" lon="13.816208839417" />
      <trkpt lat="52.973221675548" lon="13.81603717804" />
      <trkpt lat="52.973157067713" lon="13.815672397614" />
      <trkpt lat="52.973040773367" lon="13.815393447876" />
      <trkpt lat="52.97278880121" lon="13.814943507314" />
      <trkpt lat="52.972569131978" lon="13.814771175385" />
      <trkpt lat="52.972019954013" lon="13.814631700516" />
      <trkpt lat="52.970482218584" lon="13.813676834106" />
      <trkpt lat="52.969551797473" lon="13.81279706955" />
      <trkpt lat="52.96820782051" lon="13.809857368469" />
      <trkpt lat="52.966476096275" lon="13.805930614471" />
      <trkpt lat="52.965261263244" lon="13.806123733521" />
      <trkpt lat="52.963715209607" lon="13.806432187557" />
      <trkpt lat="52.963680475269" lon="13.806390613317" />
    </trkseg>
    <name>10-11</name>
  </trk>
  <trk>
    <trkseg>
      <trkpt lat="52.976027177607" lon="13.830550611019" />
      <trkpt lat="52.976031215331" lon="13.830526471138" />
      <trkpt lat="52.976082090626" lon="13.830391019583" />
      <trkpt lat="52.976199991871" lon="13.830078542233" />
      <trkpt lat="52.976485860678" lon="13.829263150692" />
      <trkpt lat="52.976713989089" lon="13.828531578183" />
      <trkpt lat="52.976769708766" lon="13.828357234597" />
      <trkpt lat="52.976816141775" lon="13.828207701445" />
      <trkpt lat="52.976889223193" lon="13.827969655395" />
      <trkpt lat="52.976960285668" lon="13.82773630321" />
      <trkpt lat="52.976978858796" lon="13.827677965164" />
      <trkpt lat="52.977034578131" lon="13.827500939369" />
      <trkpt lat="52.977099987694" lon="13.827292397618" />
      <trkpt lat="52.97716135954" lon="13.827097937465" />
      <trkpt lat="52.977216271117" lon="13.826922923326" />
      <trkpt lat="52.977285314251" lon="13.826686218381" />
      <trkpt lat="52.977332957987" lon="13.826521262527" />
      <trkpt lat="52.977393521982" lon="13.826314732432" />
      <trkpt lat="52.97742905282" lon="13.826194033027" />
      <trkpt lat="52.977456508447" lon="13.826099485159" />
      <trkpt lat="52.977514649718" lon="13.825913742185" />
      <trkpt lat="52.97757077212" lon="13.825734034181" />
      <trkpt lat="52.977604687781" lon="13.825628757477" />
      <trkpt lat="52.97765596498" lon="13.825463801622" />
      <trkpt lat="52.977702800794" lon="13.825316950679" />
      <trkpt lat="52.977755692902" lon="13.825145289302" />
      <trkpt lat="52.977776284468" lon="13.825076892972" />
      <trkpt lat="52.977812622502" lon="13.824962228537" />
      <trkpt lat="52.977844115441" lon="13.824858292937" />
      <trkpt lat="52.97788529848" lon="13.824723511934" />
      <trkpt lat="52.977909927533" lon="13.824643045664" />
      <trkpt lat="52.977942631664" lon="13.824541121721" />
      <trkpt lat="52.977972105737" lon="13.824443221092" />
      <trkpt lat="52.978018941208" lon="13.824295029044" />
      <trkpt lat="52.978064565368" lon="13.824154213071" />
      <trkpt lat="52.978127954607" lon="13.823955059052" />
      <trkpt lat="52.978166714861" lon="13.82384441793" />
      <trkpt lat="52.978208301344" lon="13.823729753494" />
      <trkpt lat="52.978248676533" lon="13.823617771268" />
      <trkpt lat="52.978316910515" lon="13.823430016637" />
      <trkpt lat="52.978354863098" lon="13.823324069381" />
      <trkpt lat="52.978417444411" lon="13.823149055243" />
      <trkpt lat="52.978451763157" lon="13.82305316627" />
      <trkpt lat="52.978516766826" lon="13.822871446609" />
      <trkpt lat="52.978557545475" lon="13.822781592607" />
      <trkpt lat="52.978600342827" lon="13.822676315904" />
      <trkpt lat="52.978624971473" lon="13.822617977858" />
      <trkpt lat="52.978649196357" lon="13.822562322021" />
      <trkpt lat="52.978691589871" lon="13.822462409735" />
      <trkpt lat="52.978733983344" lon="13.822361826897" />
      <trkpt lat="52.97876426437" lon="13.822288736701" />
      <trkpt lat="52.978811906475" lon="13.822174072266" />
      <trkpt lat="52.978833708777" lon="13.822117745876" />
      <trkpt lat="52.978879332077" lon="13.822009786963" />
      <trkpt lat="52.978923340347" lon="13.821902498603" />
      <trkpt lat="52.978970174786" lon="13.821785822511" />
      <trkpt lat="52.979016605431" lon="13.821671158075" />
      <trkpt lat="52.979045271282" lon="13.821598738432" />
      <trkpt lat="52.979099776722" lon="13.821472004056" />
      <trkpt lat="52.979117137699" lon="13.821428418159" />
      <trkpt lat="52.979147418457" lon="13.821351975203" />
      <trkpt lat="52.979161145727" lon="13.821323812008" />
      <trkpt lat="52.979190618968" lon="13.82125005126" />
      <trkpt lat="52.979220092189" lon="13.821179643273" />
      <trkpt lat="52.97926006269" lon="13.821081072092" />
      <trkpt lat="52.979289535864" lon="13.821016028523" />
      <trkpt lat="52.979326276367" lon="13.820926845074" />
      <trkpt lat="52.979357768202" lon="13.820853754878" />
      <trkpt lat="52.97939127872" lon="13.820777982473" />
      <trkpt lat="52.979432056543" lon="13.820680752397" />
      <trkpt lat="52.979467181964" lon="13.820600956678" />
      <trkpt lat="52.979502307357" lon="13.820517137647" />
      <trkpt lat="52.979543488815" lon="13.820423260331" />
      <trkpt lat="52.979567309445" lon="13.820364251733" />
      <trkpt lat="52.979585073974" lon="13.82032468915" />
      <trkpt lat="52.979608490841" lon="13.820268362761" />
      <trkpt lat="52.979629889002" lon="13.820222094655" />
      <trkpt lat="52.97966582174" lon="13.820132911205" />
      <trkpt lat="52.979700139494" lon="13.820053786039" />
      <trkpt lat="52.979715481541" lon="13.820019587874" />
      <trkpt lat="52.97972920863" lon="13.819986060262" />
      <trkpt lat="52.979753432895" lon="13.819930404425" />
      <trkpt lat="52.979773216034" lon="13.819884136319" />
      <trkpt lat="52.979797036537" lon="13.819827139378" />
      <trkpt lat="52.97981641592" lon="13.819782882929" />
      <trkpt lat="52.979824086923" lon="13.819762095809" />
      <trkpt lat="52.979839428925" lon="13.81973862648" />
      <trkpt lat="52.979849926082" lon="13.819719851017" />
      <trkpt lat="52.979864056865" lon="13.819700405002" />
      <trkpt lat="52.979881417535" lon="13.81967894733" />
      <trkpt lat="52.979897163253" lon="13.819660171866" />
      <trkpt lat="52.979911697757" lon="13.81964340806" />
      <trkpt lat="52.979946419053" lon="13.819612562656" />
      <trkpt lat="52.979969431989" lon="13.81959579885" />
      <trkpt lat="52.97999971215" lon="13.819572329521" />
      <trkpt lat="52.980036855784" lon="13.81954215467" />
      <trkpt lat="52.980065117224" lon="13.819516003132" />
      <trkpt lat="52.980080459141" lon="13.819497227669" />
      <trkpt lat="52.980093378645" lon="13.819471746683" />
      <trkpt lat="52.980102664537" lon="13.819446265697" />
      <trkpt lat="52.980108720552" lon="13.819428160787" />
      <trkpt lat="52.980111950426" lon="13.819413408637" />
      <trkpt lat="52.980113161629" lon="13.81939932704" />
      <trkpt lat="52.980123658719" lon="13.819291368127" />
      <trkpt lat="52.980136981944" lon="13.819129765034" />
      <trkpt lat="52.980144652891" lon="13.819048628211" />
      <trkpt lat="52.980147075295" lon="13.819006383419" />
      <trkpt lat="52.98015797611" lon="13.818889707327" />
      <trkpt lat="52.980167261988" lon="13.818781748414" />
      <trkpt lat="52.980168876923" lon="13.818740844727" />
      <trkpt lat="52.980173317993" lon="13.818688541651" />
      <trkpt lat="52.980180988933" lon="13.818675801158" />
    </trkseg>
    <name>11-12</name>
  </trk>
  <trk>
    <trkseg>
      <trkpt lat="52.980180181466" lon="13.818677812815" />
      <trkpt lat="52.980188256138" lon="13.81866440177" />
      <trkpt lat="52.980242356403" lon="13.818628191948" />
      <trkpt lat="52.980276269967" lon="13.818602710962" />
      <trkpt lat="52.980319873082" lon="13.818553090096" />
      <trkpt lat="52.980373165718" lon="13.818502128124" />
      <trkpt lat="52.980399004548" lon="13.818477988243" />
      <trkpt lat="52.980440185152" lon="13.818433731794" />
      <trkpt lat="52.980495900024" lon="13.818362653255" />
      <trkpt lat="52.980541925299" lon="13.818302303553" />
      <trkpt lat="52.980633975701" lon="13.818164169788" />
      <trkpt lat="52.980738945219" lon="13.818004578352" />
      <trkpt lat="52.980790622427" lon="13.817928135395" />
      <trkpt lat="52.980877827574" lon="13.817794024944" />
      <trkpt lat="52.980986833761" lon="13.817634433508" />
      <trkpt lat="52.98103770322" lon="13.817555308342" />
      <trkpt lat="52.981081305567" lon="13.817485570908" />
      <trkpt lat="52.981121678071" lon="13.817427903414" />
      <trkpt lat="52.981158820741" lon="13.817379623652" />
      <trkpt lat="52.981194348482" lon="13.817311227322" />
      <trkpt lat="52.981250062382" lon="13.81720662117" />
      <trkpt lat="52.981287204941" lon="13.817128837109" />
      <trkpt lat="52.981328384698" lon="13.817040324211" />
      <trkpt lat="52.981346148503" lon="13.816997408867" />
      <trkpt lat="52.981388135649" lon="13.816912919283" />
      <trkpt lat="52.981443041855" lon="13.816793560982" />
      <trkpt lat="52.981480184248" lon="13.816713094711" />
      <trkpt lat="52.981521363822" lon="13.816619217396" />
      <trkpt lat="52.981568195445" lon="13.816511929035" />
      <trkpt lat="52.981599685647" lon="13.816440850496" />
      <trkpt lat="52.98161744934" lon="13.816387206316" />
      <trkpt lat="52.981660243661" lon="13.816259801388" />
      <trkpt lat="52.981704652818" lon="13.816136419773" />
      <trkpt lat="52.981723223907" lon="13.816088140011" />
      <trkpt lat="52.981764403248" lon="13.815999627113" />
      <trkpt lat="52.981823346159" lon="13.81588563323" />
      <trkpt lat="52.981890363343" lon="13.815743476152" />
      <trkpt lat="52.981988870342" lon="13.815547674894" />
      <trkpt lat="52.982085762252" lon="13.815363943577" />
      <trkpt lat="52.982202839687" lon="13.815154731274" />
      <trkpt lat="52.982258552286" lon="13.81507024169" />
      <trkpt lat="52.982309420248" lon="13.814997822046" />
      <trkpt lat="52.98234575447" lon="13.81490662694" />
      <trkpt lat="52.98238854807" lon="13.81472826004" />
      <trkpt lat="52.982418422823" lon="13.814604878426" />
      <trkpt lat="52.982470905446" lon="13.814380913973" />
      <trkpt lat="52.982512084075" lon="13.814197182655" />
      <trkpt lat="52.982567796275" lon="13.813965171576" />
      <trkpt lat="52.982638849411" lon="13.813690245152" />
      <trkpt lat="52.982704250491" lon="13.813477009535" />
      <trkpt lat="52.982758347605" lon="13.813321441412" />
      <trkpt lat="52.98282132625" lon="13.813135027885" />
      <trkpt lat="52.982914986628" lon="13.812886923552" />
      <trkpt lat="52.983027217332" lon="13.812582492828" />
      <trkpt lat="52.983103114189" lon="13.812349140644" />
      <trkpt lat="52.983213729582" lon="13.812036663294" />
      <trkpt lat="52.98326378901" lon="13.811907917261" />
      <trkpt lat="52.983309811337" lon="13.811777830124" />
      <trkpt lat="52.983380863253" lon="13.811602145433" />
      <trkpt lat="52.983489863125" lon="13.811337947845" />
      <trkpt lat="52.983562529553" lon="13.811162263155" />
      <trkpt lat="52.98365457352" lon="13.810935616493" />
      <trkpt lat="52.983708669444" lon="13.810818940401" />
      <trkpt lat="52.983791831703" lon="13.810621798038" />
      <trkpt lat="52.983904060128" lon="13.81036028266" />
      <trkpt lat="52.983971881482" lon="13.810183256865" />
      <trkpt lat="52.984081687256" lon="13.809904307127" />
      <trkpt lat="52.984158389654" lon="13.809712529182" />
      <trkpt lat="52.984247202787" lon="13.809484541416" />
      <trkpt lat="52.984320675331" lon="13.809303492308" />
      <trkpt lat="52.984410295518" lon="13.809193521738" />
      <trkpt lat="52.984482960398" lon="13.80910769105" />
      <trkpt lat="52.984549166071" lon="13.809032589197" />
      <trkpt lat="52.984636363632" lon="13.808958828449" />
      <trkpt lat="52.984725983164" lon="13.808890432119" />
      <trkpt lat="52.984813987749" lon="13.808813989162" />
      <trkpt lat="52.984931057791" lon="13.808730840683" />
      <trkpt lat="52.985097377442" lon="13.808618187904" />
      <trkpt lat="52.985209602476" lon="13.808540403843" />
      <trkpt lat="52.985401756893" lon="13.808403611183" />
      <trkpt lat="52.985583414695" lon="13.808268159628" />
      <trkpt lat="52.985777182175" lon="13.808128684759" />
      <trkpt lat="52.98595560896" lon="13.807994574308" />
      <trkpt lat="52.986139686501" lon="13.80785509944" />
      <trkpt lat="52.986297120617" lon="13.807733058929" />
      <trkpt lat="52.986389966109" lon="13.807661980391" />
      <trkpt lat="52.986498958388" lon="13.807576149702" />
      <trkpt lat="52.986654776502" lon="13.807448744774" />
      <trkpt lat="52.986828355605" lon="13.807297199965" />
      <trkpt lat="52.986997897311" lon="13.807151019573" />
      <trkpt lat="52.987181163073" lon="13.806987404823" />
      <trkpt lat="52.987336978727" lon="13.806850612164" />
      <trkpt lat="52.987470188555" lon="13.806728571653" />
      <trkpt lat="52.987594517357" lon="13.806609213352" />
      <trkpt lat="52.987675250154" lon="13.806527405977" />
      <trkpt lat="52.987764056056" lon="13.806426823139" />
      <trkpt lat="52.987880310779" lon="13.806299418211" />
      <trkpt lat="52.988006253043" lon="13.806151896715" />
      <trkpt lat="52.988145112036" lon="13.805978894234" />
      <trkpt lat="52.988243604772" lon="13.805840760469" />
      <trkpt lat="52.988359050891" lon="13.805693238974" />
      <trkpt lat="52.988487413695" lon="13.805526942015" />
      <trkpt lat="52.988598822612" lon="13.805395513773" />
      <trkpt lat="52.988720726242" lon="13.805245310068" />
      <trkpt lat="52.98878934734" lon="13.805133998394" />
      <trkpt lat="52.988846666056" lon="13.805046826601" />
      <trkpt lat="52.988952422923" lon="13.80485907197" />
      <trkpt lat="52.989036382389" lon="13.804734349251" />
      <trkpt lat="52.989094508077" lon="13.804624378681" />
      <trkpt lat="52.989173623472" lon="13.804472833872" />
      <trkpt lat="52.989194613246" lon="13.804443329573" />
      <trkpt lat="52.989234978168" lon="13.804334700108" />
      <trkpt lat="52.989322973567" lon="13.80410939455" />
      <trkpt lat="52.989403703134" lon="13.803874701262" />
      <trkpt lat="52.989480396082" lon="13.803613185883" />
      <trkpt lat="52.989504614879" lon="13.803465664387" />
      <trkpt lat="52.989562739937" lon="13.803092837334" />
      <trkpt lat="52.989648312798" lon="13.802703917027" />
      <trkpt lat="52.989701593927" lon="13.802513480186" />
      <trkpt lat="52.989775864482" lon="13.802274763584" />
      <trkpt lat="52.989866280638" lon="13.801993131638" />
      <trkpt lat="52.98994378005" lon="13.801738321781" />
      <trkpt lat="52.989967998587" lon="13.801676630974" />
      <trkpt lat="52.990011591921" lon="13.801483511925" />
      <trkpt lat="52.990084247379" lon="13.801121413708" />
      <trkpt lat="52.990143986219" lon="13.80078881979" />
      <trkpt lat="52.990187579375" lon="13.800485730171" />
      <trkpt lat="52.990234401605" lon="13.800201416016" />
      <trkpt lat="52.990294140238" lon="13.799876868725" />
      <trkpt lat="52.990345806016" lon="13.799571096897" />
      <trkpt lat="52.990384555309" lon="13.799270689487" />
      <trkpt lat="52.990436220978" lon="13.798956871033" />
      <trkpt lat="52.990483042938" lon="13.798645734787" />
      <trkpt lat="52.990518563012" lon="13.798361420631" />
      <trkpt lat="52.990537937585" lon="13.798165619373" />
      <trkpt lat="52.990589603072" lon="13.797814249992" />
      <trkpt lat="52.990594446708" lon="13.797688186169" />
      <trkpt lat="52.990623508514" lon="13.797269761562" />
      <trkpt lat="52.990657413929" lon="13.796725273132" />
      <trkpt lat="52.990689704776" lon="13.795856237411" />
      <trkpt lat="52.99068486115" lon="13.795078396797" />
      <trkpt lat="52.990683246608" lon="13.794850409031" />
      <trkpt lat="52.990646112127" lon="13.79392772913" />
      <trkpt lat="52.990630773962" lon="13.79352003336" />
      <trkpt lat="52.990624315786" lon="13.793233036995" />
      <trkpt lat="52.990630773962" lon="13.793068081141" />
      <trkpt lat="52.990639653953" lon="13.792940676212" />
      <trkpt lat="52.990651763028" lon="13.792807906866" />
      <trkpt lat="52.9906638721" lon="13.792649656534" />
      <trkpt lat="52.990678402982" lon="13.792528957129" />
      <trkpt lat="52.990710693813" lon="13.792268782854" />
      <trkpt lat="52.99074459916" lon="13.792009949684" />
      <trkpt lat="52.990779311749" lon="13.791751116514" />
      <trkpt lat="52.990806758893" lon="13.791484236717" />
      <trkpt lat="52.990833398752" lon="13.791224062443" />
      <trkpt lat="52.990864074932" lon="13.790938407183" />
      <trkpt lat="52.990909281894" lon="13.790502548218" />
      <trkpt lat="52.990943994351" lon="13.790140450001" />
      <trkpt lat="52.990983550373" lon="13.789819926023" />
      <trkpt lat="52.991019070035" lon="13.789535611868" />
      <trkpt lat="52.99105297514" lon="13.789276778698" />
      <trkpt lat="52.991083651164" lon="13.78901258111" />
      <trkpt lat="52.991115941692" lon="13.788761794567" />
      <trkpt lat="52.991148232196" lon="13.788515031338" />
      <trkpt lat="52.991165184701" lon="13.78826290369" />
      <trkpt lat="52.991182944461" lon="13.78803357482" />
      <trkpt lat="52.991212005871" lon="13.787631243467" />
      <trkpt lat="52.991227343829" lon="13.787399232388" />
      <trkpt lat="52.991250754387" lon="13.787094801664" />
      <trkpt lat="52.991291924647" lon="13.786539584398" />
      <trkpt lat="52.991327444055" lon="13.786113113165" />
      <trkpt lat="52.991358927143" lon="13.785755038261" />
      <trkpt lat="52.9914000973" lon="13.785301744938" />
      <trkpt lat="52.991443689188" lon="13.784784078598" />
      <trkpt lat="52.991454183524" lon="13.784631192684" />
      <trkpt lat="52.99151392047" lon="13.783996850252" />
      <trkpt lat="52.99156397028" lon="13.783515393734" />
      <trkpt lat="52.991608369256" lon="13.783094286919" />
      <trkpt lat="52.99166245522" lon="13.782713413239" />
      <trkpt lat="52.991721384626" lon="13.782294988632" />
      <trkpt lat="52.991796458959" lon="13.781793415546" />
      <trkpt lat="52.991819061958" lon="13.78155335784" />
      <trkpt lat="52.99184731569" lon="13.781286478043" />
      <trkpt lat="52.991890907127" lon="13.780894875526" />
      <trkpt lat="52.991923197052" lon="13.780575692654" />
      <trkpt lat="52.991942570995" lon="13.780465722084" />
      <trkpt lat="52.992049127527" lon="13.780047297478" />
      <trkpt lat="52.99219281698" lon="13.779467940331" />
      <trkpt lat="52.99227838463" lon="13.779127299786" />
      <trkpt lat="52.992488266826" lon="13.778285086155" />
      <trkpt lat="52.992746581974" lon="13.777252435684" />
      <trkpt lat="52.992796630356" lon="13.777027130127" />
      <trkpt lat="52.99280470267" lon="13.776922523975" />
      <trkpt lat="52.99281116052" lon="13.776796460152" />
      <trkpt lat="52.992807931595" lon="13.776643574238" />
      <trkpt lat="52.992798244818" lon="13.776404857635" />
      <trkpt lat="52.992791786966" lon="13.776206374168" />
      <trkpt lat="52.992741738579" lon="13.775694072247" />
      <trkpt lat="52.992728822857" lon="13.775506317616" />
      <trkpt lat="52.992693304601" lon="13.775348067284" />
      <trkpt lat="52.992669087592" lon="13.77516835928" />
      <trkpt lat="52.992651328443" lon="13.774943053722" />
      <trkpt lat="52.99265455738" lon="13.774516582489" />
      <trkpt lat="52.992665858656" lon="13.774369060993" />
      <trkpt lat="52.992699762468" lon="13.774020373821" />
      <trkpt lat="52.992740124114" lon="13.773567080498" />
      <trkpt lat="52.992801473744" lon="13.772955536842" />
      <trkpt lat="52.992817618369" lon="13.772676587105" />
      <trkpt lat="52.992824076217" lon="13.772322535515" />
      <trkpt lat="52.992812774982" lon="13.772038221359" />
      <trkpt lat="52.992793401429" lon="13.771799504757" />
      <trkpt lat="52.992765955548" lon="13.771442770958" />
      <trkpt lat="52.992741738579" lon="13.771086037159" />
      <trkpt lat="52.992702991401" lon="13.770525455475" />
      <trkpt lat="52.992665858656" lon="13.769962191582" />
      <trkpt lat="52.992601279893" lon="13.769125342369" />
      <trkpt lat="52.992565761532" lon="13.76860499382" />
      <trkpt lat="52.992538315506" lon="13.768280446529" />
      <trkpt lat="52.992520556304" lon="13.76800686121" />
      <trkpt lat="52.992531857615" lon="13.76781642437" />
      <trkpt lat="52.992568990476" lon="13.767473101616" />
      <trkpt lat="52.992622268002" lon="13.766958117485" />
      <trkpt lat="52.99266262972" lon="13.766504824162" />
      <trkpt lat="52.992693304601" lon="13.766032755375" />
      <trkpt lat="52.992714292665" lon="13.765600919724" />
      <trkpt lat="52.992722364995" lon="13.765378296375" />
      <trkpt lat="52.992843449757" lon="13.764855265617" />
      <trkpt lat="52.99302588349" lon="13.764029145241" />
      <trkpt lat="52.99329388209" lon="13.762902617455" />
      <trkpt lat="52.993393977526" lon="13.76256197691" />
      <trkpt lat="52.993224460926" lon="13.761658072472" />
      <trkpt lat="52.993046871392" lon="13.760531544685" />
      <trkpt lat="52.992664244188" lon="13.757683038712" />
      <trkpt lat="52.992354265234" lon="13.756363391876" />
      <trkpt lat="52.99210886365" lon="13.754464387894" />
      <trkpt lat="52.99188929263" lon="13.753616809845" />
      <trkpt lat="52.991333902126" lon="13.752393722534" />
      <trkpt lat="52.990759130015" lon="13.750891685486" />
      <trkpt lat="52.99008101825" lon="13.747973442078" />
      <trkpt lat="52.989848520337" lon="13.747158050537" />
      <trkpt lat="52.989396437479" lon="13.745806217194" />
      <trkpt lat="52.988996017281" lon="13.744626045227" />
      <trkpt lat="52.988803878852" lon="13.744078874588" />
      <trkpt lat="52.988660178124" lon="13.743722140789" />
      <trkpt lat="52.988545540122" lon="13.743534386158" />
      <trkpt lat="52.988492257567" lon="13.743491470814" />
      <trkpt lat="52.988438167632" lon="13.743443191051" />
      <trkpt lat="52.988436553006" lon="13.743424415588" />
    </trkseg>
    <name>11-51</name>
  </trk>
  <trk>
    <trkseg>
      <trkpt lat="52.902078484153" lon="13.871242403984" />
      <trkpt lat="52.902062305627" lon="13.871340304613" />
      <trkpt lat="52.901984648618" lon="13.871714472771" />
      <trkpt lat="52.901913462904" lon="13.872048407793" />
      <trkpt lat="52.90185441103" lon="13.872267007828" />
      <trkpt lat="52.901780798308" lon="13.872497677803" />
      <trkpt lat="52.90162871888" lon="13.87296974659" />
      <trkpt lat="52.90158018278" lon="13.873178958893" />
      <trkpt lat="52.901539735989" lon="13.873551785946" />
      <trkpt lat="52.901558341517" lon="13.873987644911" />
      <trkpt lat="52.901567239811" lon="13.874391317368" />
      <trkpt lat="52.901568857682" lon="13.874719887972" />
      <trkpt lat="52.901626292076" lon="13.875368982553" />
      <trkpt lat="52.901683726394" lon="13.87590944767" />
      <trkpt lat="52.901741969568" lon="13.876510262489" />
      <trkpt lat="52.901779180444" lon="13.877001106739" />
      <trkpt lat="52.901777562581" lon="13.877233117819" />
      <trkpt lat="52.901779180444" lon="13.877953290939" />
      <trkpt lat="52.90179212335" lon="13.878517895937" />
      <trkpt lat="52.901832569906" lon="13.879251480103" />
      <trkpt lat="52.901873016424" lon="13.880068212748" />
      <trkpt lat="52.901871398564" lon="13.880399465561" />
      <trkpt lat="52.901857646751" lon="13.8806194067" />
      <trkpt lat="52.901834996698" lon="13.880835324526" />
      <trkpt lat="52.901809919839" lon="13.881025761366" />
      <trkpt lat="52.901774326853" lon="13.881177306175" />
      <trkpt lat="52.901725790917" lon="13.881343603134" />
      <trkpt lat="52.901667547721" lon="13.881552815437" />
      <trkpt lat="52.901363387537" lon="13.882432579994" />
      <trkpt lat="52.900810069387" lon="13.883993625641" />
      <trkpt lat="52.900512374828" lon="13.884803652763" />
      <trkpt lat="52.900292338404" lon="13.885431289673" />
      <trkpt lat="52.899971989261" lon="13.886305689812" />
      <trkpt lat="52.8999331589" lon="13.886584639549" />
      <trkpt lat="52.8999331589" lon="13.886938691139" />
      <trkpt lat="52.899959045811" lon="13.887501955032" />
      <trkpt lat="52.900014055445" lon="13.887882828712" />
      <trkpt lat="52.900065829154" lon="13.888097405434" />
      <trkpt lat="52.900120838652" lon="13.888269066811" />
      <trkpt lat="52.900169376387" lon="13.888456821442" />
      <trkpt lat="52.90029881008" lon="13.888703584671" />
      <trkpt lat="52.900405592585" lon="13.888993263245" />
      <trkpt lat="52.900606213551" lon="13.889540433884" />
      <trkpt lat="52.900832719977" lon="13.890162706375" />
      <trkpt lat="52.901039810529" lon="13.890758156776" />
      <trkpt lat="52.901256607392" lon="13.891380429268" />
      <trkpt lat="52.901502524907" lon="13.892067074776" />
      <trkpt lat="52.901712847991" lon="13.892523050308" />
      <trkpt lat="52.901894048598" lon="13.893097043037" />
      <trkpt lat="52.902072012743" lon="13.89363348484" />
      <trkpt lat="52.90216261239" lon="13.893810510635" />
      <trkpt lat="52.902385874998" lon="13.894320130348" />
      <trkpt lat="52.902586486795" lon="13.894840478897" />
      <trkpt lat="52.902793568967" lon="13.895285725594" />
      <trkpt lat="52.903003885784" lon="13.895763158798" />
      <trkpt lat="52.903337154957" lon="13.896267414093" />
      <trkpt lat="52.903586296256" lon="13.896744847298" />
      <trkpt lat="52.903770724607" lon="13.897431492805" />
      <trkpt lat="52.903916325383" lon="13.897849917412" />
      <trkpt lat="52.903977801119" lon="13.898059129715" />
      <trkpt lat="52.904061925668" lon="13.898321986198" />
      <trkpt lat="52.904139578954" lon="13.898547291756" />
      <trkpt lat="52.904264147476" lon="13.898820877075" />
      <trkpt lat="52.904306209493" lon="13.898901343346" />
      <trkpt lat="52.90449063478" lon="13.899258077145" />
      <trkpt lat="52.904589318163" lon="13.899427056313" />
      <trkpt lat="52.904694472341" lon="13.899612128735" />
      <trkpt lat="52.904764035734" lon="13.899872303009" />
      <trkpt lat="52.904812568267" lon="13.899987637997" />
      <trkpt lat="52.904846541008" lon="13.900062739849" />
      <trkpt lat="52.904872424984" lon="13.900097608566" />
      <trkpt lat="52.905466570683" lon="13.902487816386" />
      <trkpt lat="52.906152846457" lon="13.90514861175" />
      <trkpt lat="52.906342267237" lon="13.906434847363" />
      <trkpt lat="52.906381222787" lon="13.907765371766" />
      <trkpt lat="52.906680593922" lon="13.909521648725" />
      <trkpt lat="52.908148454557" lon="13.910382530285" />
      <trkpt lat="52.908345590656" lon="13.910504579544" />
      <trkpt lat="52.908546174858" lon="13.910472393036" />
      <trkpt lat="52.908792051" lon="13.910429477692" />
      <trkpt lat="52.908966751622" lon="13.910429477692" />
      <trkpt lat="52.909290269431" lon="13.91051530838" />
      <trkpt lat="52.910325510184" lon="13.911019563675" />
      <trkpt lat="52.910869001674" lon="13.911051750183" />
      <trkpt lat="52.91097252309" lon="13.912210464478" />
      <trkpt lat="52.911541886453" lon="13.91628742218" />
      <trkpt lat="52.911955964198" lon="13.918604850769" />
      <trkpt lat="52.912240640352" lon="13.920321464539" />
      <trkpt lat="52.912499435231" lon="13.92165184021" />
      <trkpt lat="52.912661181246" lon="13.922515511513" />
      <trkpt lat="52.912745288935" lon="13.922971487045" />
      <trkpt lat="52.912842336065" lon="13.923467695713" />
      <trkpt lat="52.912910268927" lon="13.923832476139" />
      <trkpt lat="52.91301216802" lon="13.924403786659" />
      <trkpt lat="52.913110831992" lon="13.92497241497" />
      <trkpt lat="52.913215965487" lon="13.925597369671" />
      <trkpt lat="52.913308159264" lon="13.926112353802" />
      <trkpt lat="52.91341167485" lon="13.926683664322" />
      <trkpt lat="52.913518425039" lon="13.927279114723" />
      <trkpt lat="52.913642966593" lon="13.928019404411" />
      <trkpt lat="52.913735159461" lon="13.928577303886" />
      <trkpt lat="52.91378853419" lon="13.928880393505" />
      <trkpt lat="52.91385808298" lon="13.929298818111" />
      <trkpt lat="52.913909840147" lon="13.92960190773" />
      <trkpt lat="52.914002032447" lon="13.930141031742" />
      <trkpt lat="52.914087754936" lon="13.930634558201" />
      <trkpt lat="52.914175094656" lon="13.931144177914" />
      <trkpt lat="52.914293164738" lon="13.931822776794" />
      <trkpt lat="52.914335217018" lon="13.932050764561" />
      <trkpt lat="52.914411234498" lon="13.93246114254" />
      <trkpt lat="52.914482399678" lon="13.932823240757" />
      <trkpt lat="52.914584295072" lon="13.933429419994" />
      <trkpt lat="52.914896449311" lon="13.935148715973" />
      <trkpt lat="52.915139054679" lon="13.936484456062" />
      <trkpt lat="52.915339607424" lon="13.937589526176" />
      <trkpt lat="52.91551751634" lon="13.938571214676" />
      <trkpt lat="52.91558221031" lon="13.938555121422" />
      <trkpt lat="52.915685720461" lon="13.938657045364" />
      <trkpt lat="52.915802169085" lon="13.938785791397" />
      <trkpt lat="52.915889505347" lon="13.939032554626" />
      <trkpt lat="52.915954198761" lon="13.939225673676" />
      <trkpt lat="52.916035065393" lon="13.939434885979" />
      <trkpt lat="52.916096523933" lon="13.939617276192" />
      <trkpt lat="52.916161217038" lon="13.939751386642" />
      <trkpt lat="52.916290602958" lon="13.94000351429" />
      <trkpt lat="52.916407049955" lon="13.940266370773" />
      <trkpt lat="52.916581719865" lon="13.940802812576" />
      <trkpt lat="52.916701400692" lon="13.941151499748" />
      <trkpt lat="52.916811377377" lon="13.941478729248" />
      <trkpt lat="52.916879304013" lon="13.941693305969" />
      <trkpt lat="52.916947230543" lon="13.941875696182" />
      <trkpt lat="52.917011922377" lon="13.941988348961" />
      <trkpt lat="52.917031329909" lon="13.942084908485" />
      <trkpt lat="52.917050737431" lon="13.942240476608" />
      <trkpt lat="52.917105725365" lon="13.942256569862" />
      <trkpt lat="52.917131602016" lon="13.942626714706" />
      <trkpt lat="52.917189824423" lon="13.943173885345" />
      <trkpt lat="52.917280392457" lon="13.94397854805" />
      <trkpt lat="52.917396836793" lon="13.94468665123" />
      <trkpt lat="52.917545626322" lon="13.945705890656" />
      <trkpt lat="52.917733229783" lon="13.946778774261" />
      <trkpt lat="52.917830265737" lon="13.947154283524" />
      <trkpt lat="52.918056682117" lon="13.94767999649" />
      <trkpt lat="52.918270159333" lon="13.948109149933" />
      <trkpt lat="52.918554793986" lon="13.948581218719" />
      <trkpt lat="52.918813551137" lon="13.94909620285" />
      <trkpt lat="52.919043196813" lon="13.94967019558" />
      <trkpt lat="52.91910141665" lon="13.949852585793" />
      <trkpt lat="52.919140229832" lon="13.950099349022" />
      <trkpt lat="52.919159636409" lon="13.950308561325" />
      <trkpt lat="52.919159636409" lon="13.950619697571" />
      <trkpt lat="52.919149933122" lon="13.95075917244" />
      <trkpt lat="52.919124057677" lon="13.95092010498" />
      <trkpt lat="52.919082010047" lon="13.95114004612" />
      <trkpt lat="52.918997914664" lon="13.951381444931" />
      <trkpt lat="52.918917053564" lon="13.951542377472" />
      <trkpt lat="52.918829723407" lon="13.951676487923" />
      <trkpt lat="52.91876179983" lon="13.951789140701" />
      <trkpt lat="52.918687407219" lon="13.951880335808" />
      <trkpt lat="52.91860978001" lon="13.951939344406" />
      <trkpt lat="52.918548325037" lon="13.95198225975" />
      <trkpt lat="52.918470697579" lon="13.952035903931" />
      <trkpt lat="52.91837366306" lon="13.952078819275" />
      <trkpt lat="52.918118137787" lon="13.952212929726" />
      <trkpt lat="52.917901425298" lon="13.952314853668" />
      <trkpt lat="52.917742933388" lon="13.952406048775" />
      <trkpt lat="52.917565033614" lon="13.952540159225" />
      <trkpt lat="52.917425947828" lon="13.95266354084" />
      <trkpt lat="52.917286861595" lon="13.952808380127" />
      <trkpt lat="52.917170416963" lon="13.952958583832" />
      <trkpt lat="52.916982811064" lon="13.953205347061" />
      <trkpt lat="52.916811377377" lon="13.953462839127" />
      <trkpt lat="52.91668846224" lon="13.953677415848" />
      <trkpt lat="52.916578485243" lon="13.953913450241" />
      <trkpt lat="52.916487915742" lon="13.954122662544" />
      <trkpt lat="52.916415136541" lon="13.954339921474" />
      <trkpt lat="52.91637268195" lon="13.954461291432" />
      <trkpt lat="52.916334674948" lon="13.954584673047" />
      <trkpt lat="52.916295050592" lon="13.954700678587" />
      <trkpt lat="52.916257447853" lon="13.954812660813" />
      <trkpt lat="52.916217823425" lon="13.954932019114" />
      <trkpt lat="52.916178603293" lon="13.955048024654" />
      <trkpt lat="52.916138574462" lon="13.955168053508" />
      <trkpt lat="52.916102993247" lon="13.955286741257" />
      <trkpt lat="52.916051238702" lon="13.955468460917" />
      <trkpt lat="52.916016061748" lon="13.955591842532" />
      <trkpt lat="52.915978458767" lon="13.955707848072" />
      <trkpt lat="52.915953794428" lon="13.955784291029" />
      <trkpt lat="52.915904061374" lon="13.955943882465" />
      <trkpt lat="52.915866458295" lon="13.956063240767" />
      <trkpt lat="52.915829663853" lon="13.956185951829" />
      <trkpt lat="52.915793273715" lon="13.956301957369" />
      <trkpt lat="52.915756074875" lon="13.956422656775" />
      <trkpt lat="52.915718471668" lon="13.95654335618" />
      <trkpt lat="52.91568369878" lon="13.956663385034" />
      <trkpt lat="52.91566590799" lon="13.956719040871" />
      <trkpt lat="52.915648117192" lon="13.956780731678" />
      <trkpt lat="52.915615770269" lon="13.956902772188" />
      <trkpt lat="52.915583018984" lon="13.957028836012" />
      <trkpt lat="52.915549863337" lon="13.957153558731" />
      <trkpt lat="52.915498512468" lon="13.957348689437" />
      <trkpt lat="52.915456865655" lon="13.957549855113" />
      <trkpt lat="52.915430583665" lon="13.957679271698" />
      <trkpt lat="52.915407536369" lon="13.957789242268" />
      <trkpt lat="52.915386915093" lon="13.957917317748" />
      <trkpt lat="52.91536952852" lon="13.958041369915" />
      <trkpt lat="52.915338394406" lon="13.958239853382" />
      <trkpt lat="52.915333946674" lon="13.958314284682" />
      <trkpt lat="52.915322625171" lon="13.958445042372" />
      <trkpt lat="52.915317368758" lon="13.958513438702" />
      <trkpt lat="52.915312112345" lon="13.958583846688" />
      <trkpt lat="52.915308068949" lon="13.958640173078" />
      <trkpt lat="52.915303621214" lon="13.958698511124" />
      <trkpt lat="52.91529674744" lon="13.958782330155" />
      <trkpt lat="52.915291895363" lon="13.958870172501" />
      <trkpt lat="52.915285021588" lon="13.958990201354" />
      <trkpt lat="52.91527895649" lon="13.959109559655" />
      <trkpt lat="52.915272082713" lon="13.959200754762" />
      <trkpt lat="52.915265208934" lon="13.959316089749" />
      <trkpt lat="52.915256313453" lon="13.959475681186" />
      <trkpt lat="52.915248226652" lon="13.959631919861" />
      <trkpt lat="52.915238926828" lon="13.959780782461" />
      <trkpt lat="52.915232053043" lon="13.959910869598" />
      <trkpt lat="52.915224370577" lon="13.960049003363" />
      <trkpt lat="52.91521628377" lon="13.960189148784" />
      <trkpt lat="52.91520779262" lon="13.960328623652" />
      <trkpt lat="52.91520051449" lon="13.960462063551" />
      <trkpt lat="52.9151936407" lon="13.960572704673" />
      <trkpt lat="52.915188788612" lon="13.960646465421" />
      <trkpt lat="52.915186362568" lon="13.960714191198" />
      <trkpt lat="52.915179084434" lon="13.960828855634" />
      <trkpt lat="52.915175445367" lon="13.960905298591" />
      <trkpt lat="52.915170188936" lon="13.960983753204" />
      <trkpt lat="52.915161697778" lon="13.961093723774" />
      <trkpt lat="52.915150780571" lon="13.961222469807" />
      <trkpt lat="52.915143906773" lon="13.961317017674" />
      <trkpt lat="52.915136224291" lon="13.961404189467" />
      <trkpt lat="52.915130967856" lon="13.961472585797" />
      <trkpt lat="52.915126115761" lon="13.961542323232" />
      <trkpt lat="52.915118837617" lon="13.961640223861" />
      <trkpt lat="52.915097407521" lon="13.961783722043" />
      <trkpt lat="52.915058590716" lon="13.961941301823" />
      <trkpt lat="52.915001578471" lon="13.962110280991" />
      <trkpt lat="52.914970848435" lon="13.962169960141" />
      <trkpt lat="52.914953461695" lon="13.962202146649" />
      <trkpt lat="52.914945779179" lon="13.962215557694" />
      <trkpt lat="52.91491949688" lon="13.962236344814" />
      <trkpt lat="52.914892001534" lon="13.962257131934" />
      <trkpt lat="52.914871784356" lon="13.962270542979" />
      <trkpt lat="52.914851567169" lon="13.96228261292" />
      <trkpt lat="52.914830541285" lon="13.962294012308" />
      <trkpt lat="52.914787276452" lon="13.962298706174" />
      <trkpt lat="52.914702768384" lon="13.962310776114" />
      <trkpt lat="52.914624729686" lon="13.962323516607" />
      <trkpt lat="52.914555586473" lon="13.962334915996" />
      <trkpt lat="52.914528090896" lon="13.962335586548" />
      <trkpt lat="52.914472695342" lon="13.962335586548" />
      <trkpt lat="52.914427408413" lon="13.962335586548" />
      <trkpt lat="52.914368373595" lon="13.962337598205" />
      <trkpt lat="52.914266073343" lon="13.962338939309" />
      <trkpt lat="52.914208655705" lon="13.962340950966" />
      <trkpt lat="52.914147194487" lon="13.962341621518" />
      <trkpt lat="52.914059854711" lon="13.962341621518" />
      <trkpt lat="52.913978580038" lon="13.962343633175" />
      <trkpt lat="52.913906200973" lon="13.962342962623" />
      <trkpt lat="52.913859700393" lon="13.962342962623" />
      <trkpt lat="52.91376144248" lon="13.962346315384" />
      <trkpt lat="52.913682189022" lon="13.962344974279" />
      <trkpt lat="52.913599296219" lon="13.962342962623" />
      <trkpt lat="52.913517616326" lon="13.9623362571" />
      <trkpt lat="52.913432701423" lon="13.962332233787" />
      <trkpt lat="52.913357895299" lon="13.96232418716" />
      <trkpt lat="52.913275810592" lon="13.962312787771" />
      <trkpt lat="52.91319372573" lon="13.962302058935" />
      <trkpt lat="52.913110427632" lon="13.962292671204" />
      <trkpt lat="52.913059073871" lon="13.962287306786" />
      <trkpt lat="52.913027938096" lon="13.96227657795" />
      <trkpt lat="52.912985480185" lon="13.962262496352" />
      <trkpt lat="52.912879941769" lon="13.962228298187" />
      <trkpt lat="52.912797451794" lon="13.962202817202" />
      <trkpt lat="52.912717387844" lon="13.962178006768" />
      <trkpt lat="52.912638941205" lon="13.962153196335" />
      <trkpt lat="52.912557259501" lon="13.962126374245" />
      <trkpt lat="52.912480025669" lon="13.962102904916" />
      <trkpt lat="52.912401982966" lon="13.96207742393" />
      <trkpt lat="52.91232272702" lon="13.962053284049" />
      <trkpt lat="52.912232148619" lon="13.962022438645" />
      <trkpt lat="52.912178771972" lon="13.961999639869" />
      <trkpt lat="52.912094258813" lon="13.961966112256" />
      <trkpt lat="52.912017024156" lon="13.9619345963" />
      <trkpt lat="52.911942215587" lon="13.961906433105" />
      <trkpt lat="52.911860936941" lon="13.961872234941" />
      <trkpt lat="52.911780466887" lon="13.961831331253" />
      <trkpt lat="52.911700805431" lon="13.961791098118" />
      <trkpt lat="52.911650663119" lon="13.961766958237" />
      <trkpt lat="52.911615886966" lon="13.96175019443" />
      <trkpt lat="52.911585963276" lon="13.961734101176" />
      <trkpt lat="52.911541886453" lon="13.9617113024" />
      <trkpt lat="52.911483252077" lon="13.961677104235" />
      <trkpt lat="52.911446858287" lon="13.961654305458" />
      <trkpt lat="52.911392267544" lon="13.961623460054" />
      <trkpt lat="52.911353851795" lon="13.961602672935" />
      <trkpt lat="52.911304113459" lon="13.961572498083" />
      <trkpt lat="52.911243052496" lon="13.96153897047" />
      <trkpt lat="52.911203827859" lon="13.961517512798" />
      <trkpt lat="52.911169051347" lon="13.961494714022" />
      <trkpt lat="52.911160963782" lon="13.961524218321" />
      <trkpt lat="52.911102733269" lon="13.961737453938" />
      <trkpt lat="52.911048950851" lon="13.961988911033" />
      <trkpt lat="52.910996381506" lon="13.962242379785" />
      <trkpt lat="52.910967670529" lon="13.962387219071" />
      <trkpt lat="52.910919144891" lon="13.96262794733" />
      <trkpt lat="52.910856465861" lon="13.962959200144" />
      <trkpt lat="52.910762244955" lon="13.963476866484" />
      <trkpt lat="52.910744047761" lon="13.963590860367" />
      <trkpt lat="52.910706844585" lon="13.963960334659" />
      <trkpt lat="52.910691073663" lon="13.964103162289" />
      <trkpt lat="52.910653870441" lon="13.964392840862" />
      <trkpt lat="52.910632842519" lon="13.964661061764" />
      <trkpt lat="52.910626372387" lon="13.964910507202" />
      <trkpt lat="52.910642547715" lon="13.965044617653" />
      <trkpt lat="52.910670045759" lon="13.965178728104" />
      <trkpt lat="52.910718571676" lon="13.965307474136" />
      <trkpt lat="52.910742834615" lon="13.965377211571" />
      <trkpt lat="52.910781655287" lon="13.96543353796" />
      <trkpt lat="52.910851208906" lon="13.965489864349" />
      <trkpt lat="52.911097071965" lon="13.965680301189" />
      <trkpt lat="52.911223237993" lon="13.96576076746" />
      <trkpt lat="52.911334846096" lon="13.965822458267" />
      <trkpt lat="52.911493361458" lon="13.965916335583" />
      <trkpt lat="52.911687461112" lon="13.966028988361" />
      <trkpt lat="52.911818477886" lon="13.966106772423" />
      <trkpt lat="52.911996401266" lon="13.966254293919" />
      <trkpt lat="52.912154914207" lon="13.966447412968" />
      <trkpt lat="52.912397534932" lon="13.966962397099" />
      <trkpt lat="52.91256575117" lon="13.967332541943" />
      <trkpt lat="52.912730731846" lon="13.967689275742" />
      <trkpt lat="52.912826161558" lon="13.967895805836" />
      <trkpt lat="52.913005698243" lon="13.968303501606" />
      <trkpt lat="52.913072013407" lon="13.968488574028" />
      <trkpt lat="52.913206260867" lon="13.968861401081" />
      <trkpt lat="52.913398735415" lon="13.969397842884" />
      <trkpt lat="52.913565330341" lon="13.969875276089" />
      <trkpt lat="52.913706045945" lon="13.970285654068" />
      <trkpt lat="52.913804708337" lon="13.970510959625" />
      <trkpt lat="52.913964832069" lon="13.970886468887" />
      <trkpt lat="52.914090989744" lon="13.971168100834" />
      <trkpt lat="52.914217147051" lon="13.971452414989" />
      <trkpt lat="52.914351390961" lon="13.971728682518" />
      <trkpt lat="52.914488869234" lon="13.971972763538" />
      <trkpt lat="52.914632816604" lon="13.972302675247" />
      <trkpt lat="52.914699129276" lon="13.972527980804" />
      <trkpt lat="52.914734711644" lon="13.972753286362" />
      <trkpt lat="52.914741181162" lon="13.972903490067" />
      <trkpt lat="52.91474765068" lon="13.973346054554" />
      <trkpt lat="52.914749268059" lon="13.974123895168" />
      <trkpt lat="52.914725007365" lon="13.974762260914" />
      <trkpt lat="52.91467163379" lon="13.975328207016" />
      <trkpt lat="52.914581060301" lon="13.976004123688" />
      <trkpt lat="52.914471077952" lon="13.976811468601" />
      <trkpt lat="52.914437112759" lon="13.977170884609" />
      <trkpt lat="52.914445199712" lon="13.977672457695" />
      <trkpt lat="52.914459756224" lon="13.978187441826" />
      <trkpt lat="52.914462586656" lon="13.978674262762" />
      <trkpt lat="52.914461777961" lon="13.978902921081" />
      <trkpt lat="52.914446817102" lon="13.979043066502" />
      <trkpt lat="52.914419321456" lon="13.979276418686" />
      <trkpt lat="52.914391421444" lon="13.979512453079" />
      <trkpt lat="52.914361904021" lon="13.979753851891" />
      <trkpt lat="52.91433157788" lon="13.980008661747" />
      <trkpt lat="52.914302060416" lon="13.980267494917" />
      <trkpt lat="52.914275777726" lon="13.980546444654" />
      <trkpt lat="52.914247473272" lon="13.980854898691" />
      <trkpt lat="52.914216742701" lon="13.981174752116" />
      <trkpt lat="52.914162155449" lon="13.981462419033" />
      <trkpt lat="52.914121720404" lon="13.981630727649" />
      <trkpt lat="52.914111611636" lon="13.98165486753" />
      <trkpt lat="52.914067133032" lon="13.981787636876" />
      <trkpt lat="52.914047724172" lon="13.981825858355" />
      <trkpt lat="52.914012545592" lon="13.981898277998" />
      <trkpt lat="52.913966853829" lon="13.981976062059" />
      <trkpt lat="52.913932483888" lon="13.982032388449" />
      <trkpt lat="52.913877491925" lon="13.982127606869" />
      <trkpt lat="52.913824926013" lon="13.982224166393" />
      <trkpt lat="52.913767103436" lon="13.982338160276" />
      <trkpt lat="52.913711706908" lon="13.982479646802" />
      <trkpt lat="52.913657523375" lon="13.982651308179" />
      <trkpt lat="52.913628814162" lon="13.982750549912" />
      <trkpt lat="52.913598083152" lon="13.982884660363" />
      <trkpt lat="52.913573417457" lon="13.982992619276" />
      <trkpt lat="52.913537429779" lon="13.983143493533" />
      <trkpt lat="52.913510337912" lon="13.983257487416" />
      <trkpt lat="52.913486480881" lon="13.983357399702" />
      <trkpt lat="52.913456154127" lon="13.983480110765" />
      <trkpt lat="52.913422592495" lon="13.983611539006" />
      <trkpt lat="52.913395904913" lon="13.98370206356" />
      <trkpt lat="52.913352234289" lon="13.983822762966" />
      <trkpt lat="52.913312607204" lon="13.983915969729" />
      <trkpt lat="52.913238205231" lon="13.984076231718" />
      <trkpt lat="52.913205856508" lon="13.984131217003" />
      <trkpt lat="52.91317391212" lon="13.984184190631" />
      <trkpt lat="52.913141158988" lon="13.984243199229" />
      <trkpt lat="52.913084144219" lon="13.984325006604" />
      <trkpt lat="52.913056647707" lon="13.984367251396" />
      <trkpt lat="52.913027533735" lon="13.984404802322" />
      <trkpt lat="52.912983054018" lon="13.984465822577" />
      <trkpt lat="52.91293978734" lon="13.984525501728" />
      <trkpt lat="52.912900564239" lon="13.984579816461" />
      <trkpt lat="52.912888433376" lon="13.984591886401" />
      <trkpt lat="52.912858106203" lon="13.984628096223" />
      <trkpt lat="52.912779659818" lon="13.984720632434" />
      <trkpt lat="52.91274245839" lon="13.984756842256" />
      <trkpt lat="52.912697169652" lon="13.9847997576" />
      <trkpt lat="52.912649050316" lon="13.984844014049" />
      <trkpt lat="52.912618722975" lon="13.984870165586" />
      <trkpt lat="52.912541893619" lon="13.98493655026" />
      <trkpt lat="52.912511161838" lon="13.984960690141" />
      <trkpt lat="52.912454146239" lon="13.985010311007" />
      <trkpt lat="52.912393086898" lon="13.985057920218" />
      <trkpt lat="52.9123526502" lon="13.98509144783" />
      <trkpt lat="52.91231949208" lon="13.985115587711" />
      <trkpt lat="52.912249536451" lon="13.985171243548" />
      <trkpt lat="52.912204651566" lon="13.985209465027" />
      <trkpt lat="52.912102346204" lon="13.985303342342" />
      <trkpt lat="52.912027133412" lon="13.985399901867" />
      <trkpt lat="52.911938980619" lon="13.985547423363" />
      <trkpt lat="52.911893286669" lon="13.985633924603" />
      <trkpt lat="52.911831417793" lon="13.985750600696" />
      <trkpt lat="52.911786128102" lon="13.985835760832" />
      <trkpt lat="52.911722237208" lon="13.985959812999" />
      <trkpt lat="52.911632466298" lon="13.986132144928" />
      <trkpt lat="52.911592028891" lon="13.986209928989" />
      <trkpt lat="52.911522476462" lon="13.986342027783" />
      <trkpt lat="52.911446858287" lon="13.986490219831" />
      <trkpt lat="52.911364769959" lon="13.986661881208" />
      <trkpt lat="52.911300069689" lon="13.986798673868" />
      <trkpt lat="52.911285916492" lon="13.986826166511" />
      <trkpt lat="52.911241030608" lon="13.986909985542" />
      <trkpt lat="52.911194527166" lon="13.986995816231" />
      <trkpt lat="52.911142766755" lon="13.987089693546" />
      <trkpt lat="52.911095858828" lon="13.987172171474" />
      <trkpt lat="52.911038841367" lon="13.987267389894" />
      <trkpt lat="52.911008917279" lon="13.987319022417" />
      <trkpt lat="52.91097211871" lon="13.987369984388" />
      <trkpt lat="52.910894477671" lon="13.987477272749" />
      <trkpt lat="52.910837459944" lon="13.987557739019" />
      <trkpt lat="52.910711697175" lon="13.987734764814" />
      <trkpt lat="52.910658318654" lon="13.987808525562" />
      <trkpt lat="52.910583912122" lon="13.987915143371" />
      <trkpt lat="52.910499395852" lon="13.988040536642" />
      <trkpt lat="52.910418518884" lon="13.98818872869" />
      <trkpt lat="52.910393851378" lon="13.988253772259" />
      <trkpt lat="52.910345325097" lon="13.988386541605" />
      <trkpt lat="52.910273344347" lon="13.98860514164" />
      <trkpt lat="52.910227244253" lon="13.988746628165" />
      <trkpt lat="52.91018114411" lon="13.988884091377" />
      <trkpt lat="52.910146771164" lon="13.988973945379" />
      <trkpt lat="52.910080047133" lon="13.989144936204" />
      <trkpt lat="52.910025050279" lon="13.989289104939" />
      <trkpt lat="52.909976927974" lon="13.989415839314" />
      <trkpt lat="52.909956708503" lon="13.989472836256" />
      <trkpt lat="52.909882300765" lon="13.989670649171" />
      <trkpt lat="52.909835391474" lon="13.989798054099" />
      <trkpt lat="52.909792930433" lon="13.989908695221" />
      <trkpt lat="52.90976462305" lon="13.989961668849" />
      <trkpt lat="52.909707603836" lon="13.990063592792" />
      <trkpt lat="52.909655841648" lon="13.990158140659" />
      <trkpt lat="52.909591138825" lon="13.990274816751" />
      <trkpt lat="52.909502981074" lon="13.990430384874" />
      <trkpt lat="52.90943706484" lon="13.99054504931" />
      <trkpt lat="52.909395412199" lon="13.990660384297" />
      <trkpt lat="52.90936265621" lon="13.990788459778" />
      <trkpt lat="52.909345671614" lon="13.990908488631" />
      <trkpt lat="52.909344054033" lon="13.990984261036" />
      <trkpt lat="52.909341627661" lon="13.991107642651" />
      <trkpt lat="52.909348097985" lon="13.991268575191" />
      <trkpt lat="52.909351737542" lon="13.991361781955" />
      <trkpt lat="52.909357803469" lon="13.991492539644" />
      <trkpt lat="52.909363869395" lon="13.991642072797" />
      <trkpt lat="52.909371148506" lon="13.991761431098" />
      <trkpt lat="52.909383684749" lon="13.991964608431" />
      <trkpt lat="52.909397029778" lon="13.992179855704" />
      <trkpt lat="52.909399860541" lon="13.992408514023" />
      <trkpt lat="52.909388941882" lon="13.992512449622" />
      <trkpt lat="52.909367104556" lon="13.992739096284" />
      <trkpt lat="52.909345671614" lon="13.992820903659" />
      <trkpt lat="52.909317768333" lon="13.992933556437" />
      <trkpt lat="52.909250234233" lon="13.993093818426" />
      <trkpt lat="52.909191596755" lon="13.993233293295" />
      <trkpt lat="52.909145899907" lon="13.993339240551" />
      <trkpt lat="52.909094945843" lon="13.993453234434" />
      <trkpt lat="52.90905976324" lon="13.993522971869" />
      <trkpt lat="52.909005978285" lon="13.993601426482" />
      <trkpt lat="52.908950575668" lon="13.993680551648" />
      <trkpt lat="52.908896386179" lon="13.99372279644" />
      <trkpt lat="52.908840579022" lon="13.993767052889" />
      <trkpt lat="52.908786793795" lon="13.993796557188" />
      <trkpt lat="52.908745544929" lon="13.99381801486" />
      <trkpt lat="52.908684075958" lon="13.993848860264" />
      <trkpt lat="52.908656576654" lon="13.993862271309" />
      <trkpt lat="52.908599151579" lon="13.993885070086" />
      <trkpt lat="52.908534851581" lon="13.99391323328" />
      <trkpt lat="52.908462867822" lon="13.993944078684" />
      <trkpt lat="52.90842080984" lon="13.993962854147" />
      <trkpt lat="52.90837147254" lon="13.993983641267" />
      <trkpt lat="52.908320517565" lon="13.994009122252" />
      <trkpt lat="52.908251364288" lon="13.994044661522" />
      <trkpt lat="52.908183828525" lon="13.994086235762" />
      <trkpt lat="52.908142579086" lon="13.994126468897" />
      <trkpt lat="52.908135299769" lon="13.994131162763" />
      <trkpt lat="52.908107395709" lon="13.994140550494" />
      <trkpt lat="52.908055631608" lon="13.994158655405" />
      <trkpt lat="52.908000227776" lon="13.994176760316" />
      <trkpt lat="52.907955338487" lon="13.994192183018" />
      <trkpt lat="52.907917728507" lon="13.994199559093" />
      <trkpt lat="52.907876074405" lon="13.994208946824" />
      <trkpt lat="52.907855045134" lon="13.994212299585" />
      <trkpt lat="52.90781541302" lon="13.994219005108" />
      <trkpt lat="52.907812177743" lon="13.994396701455" />
      <trkpt lat="52.907828354122" lon="13.994601890445" />
      <trkpt lat="52.907848978997" lon="13.994748741388" />
      <trkpt lat="52.907866368589" lon="13.994878828526" />
      <trkpt lat="52.907884971401" lon="13.99516582489" />
      <trkpt lat="52.90790195657" lon="13.995356932282" />
      <trkpt lat="52.907929051946" lon="13.995663374662" />
      <trkpt lat="52.907951698813" lon="13.995922878385" />
      <trkpt lat="52.907979602973" lon="13.99609990418" />
      <trkpt lat="52.907997801329" lon="13.996212556958" />
      <trkpt lat="52.908021661384" lon="13.996330574155" />
      <trkpt lat="52.908043094981" lon="13.996437862515" />
      <trkpt lat="52.908051587535" lon="13.996470719576" />
      <trkpt lat="52.90808232248" lon="13.996596112847" />
      <trkpt lat="52.90811103537" lon="13.996722176671" />
      <trkpt lat="52.908128829264" lon="13.99681404233" />
      <trkpt lat="52.908155924497" lon="13.996940106153" />
      <trkpt lat="52.908180593277" lon="13.997142612934" />
      <trkpt lat="52.908189894616" lon="13.997308909893" />
      <trkpt lat="52.908192321052" lon="13.997485935688" />
      <trkpt lat="52.908195151894" lon="13.997668996453" />
      <trkpt lat="52.908198791548" lon="13.997858762741" />
      <trkpt lat="52.908201622389" lon="13.998006284237" />
      <trkpt lat="52.908204453231" lon="13.998132348061" />
      <trkpt lat="52.908206070854" lon="13.998202085495" />
      <trkpt lat="52.908210519319" lon="13.998349606991" />
      <trkpt lat="52.908216989811" lon="13.998507857323" />
      <trkpt lat="52.908222247086" lon="13.998675495386" />
      <trkpt lat="52.908231144011" lon="13.998915553093" />
      <trkpt lat="52.908237210095" lon="13.999085202813" />
      <trkpt lat="52.908243276178" lon="13.999198526144" />
      <trkpt lat="52.908250555477" lon="13.99932526052" />
      <trkpt lat="52.908255812748" lon="13.999415785074" />
      <trkpt lat="52.908263900855" lon="13.999486193061" />
      <trkpt lat="52.908278459445" lon="13.999601528049" />
      <trkpt lat="52.908290591599" lon="13.999704122543" />
      <trkpt lat="52.908305554585" lon="13.999838232994" />
      <trkpt lat="52.908312429468" lon="13.999922722578" />
      <trkpt lat="52.908322943994" lon="14.00004543364" />
      <trkpt lat="52.908325370422" lon="14.000119864941" />
      <trkpt lat="52.908328201256" lon="14.000224471092" />
      <trkpt lat="52.908334267326" lon="14.000357910991" />
      <trkpt lat="52.908341142205" lon="14.000506773591" />
      <trkpt lat="52.908337906968" lon="14.000553712249" />
      <trkpt lat="52.908331032089" lon="14.000656306744" />
      <trkpt lat="52.908325774827" lon="14.000736102462" />
      <trkpt lat="52.90832092197" lon="14.000823944807" />
      <trkpt lat="52.908315664707" lon="14.00089636445" />
      <trkpt lat="52.908311620658" lon="14.000962078571" />
      <trkpt lat="52.908307981014" lon="14.001010358334" />
      <trkpt lat="52.90830515018" lon="14.001051262021" />
      <trkpt lat="52.90829625327" lon="14.001155868173" />
      <trkpt lat="52.908287760763" lon="14.001261815429" />
      <trkpt lat="52.908283716712" lon="14.001361057162" />
      <trkpt lat="52.90827886385" lon="14.001479744911" />
      <trkpt lat="52.908282503497" lon="14.001555517316" />
      <trkpt lat="52.908286547548" lon="14.001662135124" />
      <trkpt lat="52.908290187194" lon="14.001735895872" />
      <trkpt lat="52.908294231245" lon="14.001817032695" />
      <trkpt lat="52.90829787089" lon="14.001886770129" />
      <trkpt lat="52.908314855897" lon="14.00197327137" />
      <trkpt lat="52.908324966018" lon="14.002014175057" />
      <trkpt lat="52.908355296364" lon="14.002134203911" />
      <trkpt lat="52.908392097156" lon="14.002281725407" />
      <trkpt lat="52.908468933874" lon="14.002599567175" />
      <trkpt lat="52.908516653451" lon="14.002834260464" />
      <trkpt lat="52.908565990586" lon="14.003072306514" />
      <trkpt lat="52.9085849975" lon="14.0031722188" />
      <trkpt lat="52.908600364786" lon="14.003251343966" />
      <trkpt lat="52.908618158478" lon="14.003348574042" />
      <trkpt lat="52.908642826995" lon="14.003482684493" />
      <trkpt lat="52.908665069088" lon="14.003602713346" />
      <trkpt lat="52.908686906768" lon="14.003716036677" />
      <trkpt lat="52.908696207999" lon="14.003773704171" />
      <trkpt lat="52.908728560091" lon="14.003969505429" />
      <trkpt lat="52.908748375735" lon="14.004140496254" />
      <trkpt lat="52.908747971334" lon="14.00417201221" />
      <trkpt lat="52.908745544929" lon="14.0042732656" />
      <trkpt lat="52.908759698956" lon="14.004381224513" />
      <trkpt lat="52.908767382569" lon="14.00441005826" />
      <trkpt lat="52.908777088183" lon="14.004425480962" />
      <trkpt lat="52.908787198195" lon="14.00443688035" />
      <trkpt lat="52.908829255821" lon="14.004473090172" />
      <trkpt lat="52.908873335405" lon="14.004491865635" />
      <trkpt lat="52.908885871792" lon="14.004556238651" />
      <trkpt lat="52.908932782112" lon="14.004864692688" />
      <trkpt lat="52.908986162759" lon="14.00518655777" />
      <trkpt lat="52.909020132227" lon="14.005446732044" />
      <trkpt lat="52.909050866485" lon="14.00564789772" />
      <trkpt lat="52.909071895175" lon="14.005822241306" />
      <trkpt lat="52.909134981184" lon="14.006369411945" />
      <trkpt lat="52.909217478135" lon="14.006905853748" />
      <trkpt lat="52.909301592511" lon="14.007458388805" />
      <trkpt lat="52.909379236405" lon="14.007970690727" />
      <trkpt lat="52.909471438349" lon="14.008491039276" />
      <trkpt lat="52.909550699512" lon="14.008917510509" />
      <trkpt lat="52.909612167253" lon="14.009258151054" />
      <trkpt lat="52.909689810591" lon="14.009577333927" />
      <trkpt lat="52.909783629438" lon="14.00992333889" />
      <trkpt lat="52.90989524125" lon="14.01033103466" />
      <trkpt lat="52.910035968778" lon="14.010829925537" />
      <trkpt lat="52.910157285245" lon="14.011264443398" />
      <trkpt lat="52.910249485533" lon="14.011586308479" />
      <trkpt lat="52.910325510184" lon="14.011862576008" />
      <trkpt lat="52.910362713688" lon="14.012031555176" />
      <trkpt lat="52.910386976825" lon="14.012213945389" />
      <trkpt lat="52.910403152243" lon="14.012364149094" />
      <trkpt lat="52.910409622408" lon="14.012562632561" />
      <trkpt lat="52.910406387325" lon="14.012763798237" />
      <trkpt lat="52.910401534701" lon="14.013029336929" />
      <trkpt lat="52.910401534701" lon="14.013310968876" />
      <trkpt lat="52.910406387325" lon="14.013501405716" />
      <trkpt lat="52.910429032898" lon="14.013766944408" />
      <trkpt lat="52.91047108893" lon="14.01422560215" />
      <trkpt lat="52.910509909847" lon="14.014611840248" />
      <trkpt lat="52.910547113192" lon="14.015086591244" />
      <trkpt lat="52.910582698971" lon="14.01547819376" />
      <trkpt lat="52.910624754854" lon="14.015794694424" />
      <trkpt lat="52.910658723037" lon="14.015901982784" />
      <trkpt lat="52.910718571676" lon="14.016041457653" />
      <trkpt lat="52.910802683138" lon="14.016148746014" />
      <trkpt lat="52.910925614979" lon="14.016333818436" />
      <trkpt lat="52.911000020924" lon="14.016435742378" />
      <trkpt lat="52.911105159542" lon="14.016572535038" />
      <trkpt lat="52.911234560567" lon="14.016746878624" />
      <trkpt lat="52.911336463603" lon="14.016875624657" />
      <trkpt lat="52.911464246435" lon="14.017044603825" />
      <trkpt lat="52.911564531432" lon="14.017141163349" />
      <trkpt lat="52.91166966868" lon="14.017232358456" />
      <trkpt lat="52.91174892582" lon="14.017272591591" />
      <trkpt lat="52.911886412354" lon="14.017350375652" />
      <trkpt lat="52.912022280969" lon="14.017428159714" />
      <trkpt lat="52.91214035692" lon="14.017484486103" />
      <trkpt lat="52.912243875297" lon="14.017551541328" />
      <trkpt lat="52.912381360259" lon="14.017640054226" />
      <trkpt lat="52.912528549558" lon="14.017760753632" />
      <trkpt lat="52.912641771756" lon="14.017857313156" />
      <trkpt lat="52.91273558421" lon="14.017978012562" />
      <trkpt lat="52.912826161558" lon="14.018096029758" />
      <trkpt lat="52.912887624651" lon="14.018176496029" />
      <trkpt lat="52.912976584237" lon="14.018353521824" />
      <trkpt lat="52.913042899445" lon="14.018613696098" />
      <trkpt lat="52.913133476151" lon="14.019203782082" />
      <trkpt lat="52.913178764433" lon="14.019466638565" />
      <trkpt lat="52.913240227026" lon="14.019745588303" />
      <trkpt lat="52.913288750064" lon="14.019847512245" />
      <trkpt lat="52.913340507911" lon="14.019965529442" />
      <trkpt lat="52.913398735415" lon="14.020040631294" />
      <trkpt lat="52.913492546229" lon="14.020158648491" />
      <trkpt lat="52.91358635684" lon="14.02027130127" />
      <trkpt lat="52.913686636924" lon="14.020394682884" />
      <trkpt lat="52.913754568461" lon="14.020507335663" />
      <trkpt lat="52.91385808298" lon="14.020673632622" />
      <trkpt lat="52.914023058734" lon="14.020947217941" />
      <trkpt lat="52.914165390251" lon="14.021172523499" />
      <trkpt lat="52.914320660464" lon="14.021424651146" />
      <trkpt lat="52.914456521444" lon="14.021649956703" />
      <trkpt lat="52.914576208144" lon="14.02187526226" />
      <trkpt lat="52.914682955463" lon="14.022036194801" />
      <trkpt lat="52.914860867076" lon="14.022304415703" />
      <trkpt lat="52.915035543222" lon="14.022594094276" />
      <trkpt lat="52.915145524137" lon="14.022765755653" />
      <trkpt lat="52.915291086684" lon="14.023023247719" />
      <trkpt lat="52.915452822273" lon="14.023312926292" />
      <trkpt lat="52.915559567431" lon="14.023500680923" />
      <trkpt lat="52.915698659212" lon="14.023736715317" />
      <trkpt lat="52.915808638443" lon="14.023935198784" />
      <trkpt lat="52.915902444038" lon="14.024106860161" />
      <trkpt lat="52.915967137433" lon="14.024224877357" />
      <trkpt lat="52.916035065393" lon="14.02429997921" />
      <trkpt lat="52.91609975859" lon="14.024385809898" />
      <trkpt lat="52.916183859602" lon="14.024455547333" />
      <trkpt lat="52.916280899027" lon="14.024530649185" />
      <trkpt lat="52.91639087678" lon="14.024621844292" />
      <trkpt lat="52.916462038706" lon="14.024686217308" />
      <trkpt lat="52.916578485243" lon="14.024777412415" />
      <trkpt lat="52.916639943011" lon="14.024847149849" />
      <trkpt lat="52.916704635304" lon="14.024949073792" />
      <trkpt lat="52.916766092893" lon="14.02503490448" />
      <trkpt lat="52.916834019601" lon="14.025163650513" />
      <trkpt lat="52.91691488459" lon="14.025319218636" />
      <trkpt lat="52.917011922377" lon="14.025517702103" />
      <trkpt lat="52.917092787034" lon="14.025694727898" />
      <trkpt lat="52.9172059973" lon="14.025909304619" />
      <trkpt lat="52.917286861595" lon="14.026016592979" />
      <trkpt lat="52.917380663987" lon="14.026118516922" />
      <trkpt lat="52.917610317263" lon="14.026317000389" />
      <trkpt lat="52.917888487205" lon="14.026590585709" />
      <trkpt lat="52.918127841306" lon="14.026789069176" />
      <trkpt lat="52.91842541483" lon="14.027041196823" />
      <trkpt lat="52.918729455232" lon="14.02723968029" />
      <trkpt lat="52.918884709082" lon="14.027309417725" />
      <trkpt lat="52.919124057677" lon="14.027438163757" />
      <trkpt lat="52.919321357551" lon="14.027518630028" />
      <trkpt lat="52.919470140468" lon="14.02756690979" />
      <trkpt lat="52.919580110122" lon="14.027583003044" />
      <trkpt lat="52.9197806423" lon="14.027625918388" />
      <trkpt lat="52.919926189268" lon="14.027636647224" />
      <trkpt lat="52.920104079341" lon="14.027652740479" />
      <trkpt lat="52.920214047385" lon="14.027674198151" />
      <trkpt lat="52.920324015149" lon="14.027679562569" />
      <trkpt lat="52.920437216968" lon="14.027711749077" />
      <trkpt lat="52.920534246862" lon="14.027743935585" />
      <trkpt lat="52.920618339262" lon="14.027786850929" />
      <trkpt lat="52.920712134438" lon="14.027829766273" />
      <trkpt lat="52.920792992185" lon="14.027899503708" />
      <trkpt lat="52.920860912576" lon="14.027958512306" />
      <trkpt lat="52.920912661374" lon="14.028044342995" />
      <trkpt lat="52.920961175816" lon="14.028140902519" />
      <trkpt lat="52.921029095943" lon="14.028291106224" />
      <trkpt lat="52.921113187381" lon="14.028564691544" />
      <trkpt lat="52.921184341548" lon="14.028806090355" />
      <trkpt lat="52.921236089959" lon="14.02900993824" />
      <trkpt lat="52.921404271869" lon="14.029557108879" />
      <trkpt lat="52.921520705116" lon="14.029932618141" />
      <trkpt lat="52.921695354399" lon="14.030447602272" />
      <trkpt lat="52.92180208417" lon="14.03078019619" />
      <trkpt lat="52.921986434973" lon="14.031311273575" />
      <trkpt lat="52.922164316583" lon="14.031783342361" />
      <trkpt lat="52.922274279394" lon="14.032073020935" />
      <trkpt lat="52.922371305172" lon="14.03230369091" />
      <trkpt lat="52.922487735819" lon="14.032561182976" />
      <trkpt lat="52.922617102836" lon="14.032840132713" />
      <trkpt lat="52.922765874429" lon="14.033124446869" />
      <trkpt lat="52.922840260034" lon="14.03328537941" />
      <trkpt lat="52.922943752837" lon="14.033494591713" />
      <trkpt lat="52.92305047953" lon="14.033687710762" />
      <trkpt lat="52.923141035306" lon="14.033864736557" />
      <trkpt lat="52.923280102737" lon="14.034132957458" />
      <trkpt lat="52.923377126261" lon="14.034336805344" />
      <trkpt lat="52.923470915461" lon="14.034465551376" />
      <trkpt lat="52.923584109052" lon="14.034615755081" />
      <trkpt lat="52.923771686352" lon="14.034819602966" />
      <trkpt lat="52.923910751756" lon="14.034964442253" />
      <trkpt lat="52.924046582651" lon="14.035093188286" />
      <trkpt lat="52.924214753643" lon="14.035264849663" />
      <trkpt lat="52.924399094174" lon="14.035393595695" />
      <trkpt lat="52.924531689508" lon="14.035484790802" />
      <trkpt lat="52.924693390586" lon="14.035559892654" />
      <trkpt lat="52.924942409065" lon="14.035656452179" />
      <trkpt lat="52.925184958155" lon="14.035747647285" />
      <trkpt lat="52.925288445353" lon="14.035785198212" />
      <trkpt lat="52.925408102117" lon="14.035860300064" />
      <trkpt lat="52.925631244929" lon="14.035983681679" />
      <trkpt lat="52.9257929419" lon="14.036101698875" />
      <trkpt lat="52.925951404346" lon="14.036208987236" />
      <trkpt lat="52.926113100121" lon="14.036310911179" />
      <trkpt lat="52.926316835939" lon="14.036455750465" />
      <trkpt lat="52.926536740189" lon="14.036616683006" />
      <trkpt lat="52.926691966046" lon="14.036718606949" />
      <trkpt lat="52.926889231436" lon="14.036863446236" />
      <trkpt lat="52.926986246872" lon="14.036927819252" />
      <trkpt lat="52.927060625226" lon="14.036997556686" />
      <trkpt lat="52.92714470495" lon="14.037035107613" />
      <trkpt lat="52.927202913895" lon="14.037045836449" />
      <trkpt lat="52.927335500642" lon="14.037056565285" />
      <trkpt lat="52.927503658859" lon="14.037067294121" />
      <trkpt lat="52.92769768676" lon="14.037061929703" />
      <trkpt lat="52.927888480014" lon="14.037078022957" />
      <trkpt lat="52.92797255813" lon="14.03706997633" />
      <trkpt lat="52.928043701024" lon="14.037064611912" />
      <trkpt lat="52.928097058118" lon="14.037072658539" />
      <trkpt lat="52.928161733295" lon="14.037080705166" />
      <trkpt lat="52.928215090243" lon="14.037080705166" />
      <trkpt lat="52.928270064" lon="14.037094116211" />
      <trkpt lat="52.928329888303" lon="14.037120938301" />
      <trkpt lat="52.928384861914" lon="14.037147760391" />
      <trkpt lat="52.928436601719" lon="14.037196040154" />
      <trkpt lat="52.92848510773" lon="14.037244319916" />
      <trkpt lat="52.928509360716" lon="14.037265777588" />
      <trkpt lat="52.928599905074" lon="14.037204086781" />
      <trkpt lat="52.928690449243" lon="14.037153124809" />
      <trkpt lat="52.928792311206" lon="14.03709679842" />
      <trkpt lat="52.928837583113" lon="14.037083387375" />
      <trkpt lat="52.928890939228" lon="14.037061929703" />
      <trkpt lat="52.929093045129" lon="14.037008285522" />
      <trkpt lat="52.929321019452" lon="14.036949276924" />
      <trkpt lat="52.929542525269" lon="14.036890268326" />
      <trkpt lat="52.929780198132" lon="14.036847352982" />
      <trkpt lat="52.930032420968" lon="14.036793708801" />
      <trkpt lat="52.93027494154" lon="14.03676956892" />
      <trkpt lat="52.930502909639" lon="14.036750793457" />
      <trkpt lat="52.930666205198" lon="14.036740064621" />
      <trkpt lat="52.930795547779" lon="14.036758840084" />
      <trkpt lat="52.930981477061" lon="14.036766886711" />
      <trkpt lat="52.931018662821" lon="14.036750793457" />
    </trkseg>
    <name>17-81</name>
  </trk>
  <trk>
    <name>19-20</name>
    <trkseg>
      <trkpt lat="52.863192" lon="14.045376">
        <ele>3.542037</ele>
        <time>2026-03-17T13:14:04.038Z</time>
      </trkpt>
      <trkpt lat="52.863214" lon="14.045528">
        <ele>3.542037</ele>
        <time>2026-03-17T13:14:06.028Z</time>
      </trkpt>
      <trkpt lat="52.863299" lon="14.045812">
        <ele>3.542037</ele>
        <time>2026-03-17T13:14:10.347Z</time>
      </trkpt>
      <trkpt lat="52.863305" lon="14.045832">
        <ele>3.542037</ele>
        <time>2026-03-17T13:14:10.648Z</time>
      </trkpt>
      <trkpt lat="52.863366" lon="14.046119">
        <ele>3.542037</ele>
        <time>2026-03-17T13:14:14.848Z</time>
      </trkpt>
      <trkpt lat="52.863371" lon="14.046147">
        <ele>3.542037</ele>
        <time>2026-03-17T13:14:15.270Z</time>
      </trkpt>
      <trkpt lat="52.863417" lon="14.046389">
        <ele>3.542037</ele>
        <time>2026-03-17T13:14:19.624Z</time>
      </trkpt>
      <trkpt lat="52.863422" lon="14.046415">
        <ele>3.542037</ele>
        <time>2026-03-17T13:14:20.085Z</time>
      </trkpt>
      <trkpt lat="52.863478" lon="14.046707">
        <ele>3.542037</ele>
        <time>2026-03-17T13:14:25.277Z</time>
      </trkpt>
      <trkpt lat="52.863504" lon="14.046839">
        <ele>3.535223</ele>
        <time>2026-03-17T13:14:27.640Z</time>
      </trkpt>
      <trkpt lat="52.863521" lon="14.046932">
        <ele>3.525141</ele>
        <time>2026-03-17T13:14:29.275Z</time>
      </trkpt>
      <trkpt lat="52.863561" lon="14.047142">
        <ele>3.502293</ele>
        <time>2026-03-17T13:14:33.020Z</time>
      </trkpt>
      <trkpt lat="52.863601" lon="14.047354">
        <ele>3.479248</ele>
        <time>2026-03-17T13:14:36.697Z</time>
      </trkpt>
      <trkpt lat="52.863603" lon="14.047364">
        <ele>3.478155</ele>
        <time>2026-03-17T13:14:36.868Z</time>
      </trkpt>
      <trkpt lat="52.863667" lon="14.047697">
        <ele>3.441896</ele>
        <time>2026-03-17T13:14:42.475Z</time>
      </trkpt>
      <trkpt lat="52.863706" lon="14.047903">
        <ele>3.419496</ele>
        <time>2026-03-17T13:14:45.978Z</time>
      </trkpt>
      <trkpt lat="52.863715" lon="14.047952">
        <ele>3.414182</ele>
        <time>2026-03-17T13:14:46.837Z</time>
      </trkpt>
      <trkpt lat="52.863724" lon="14.047998">
        <ele>3.409165</ele>
        <time>2026-03-17T13:14:47.658Z</time>
      </trkpt>
      <trkpt lat="52.863767" lon="14.048221">
        <ele>3.384876</ele>
        <time>2026-03-17T13:14:51.574Z</time>
      </trkpt>
      <trkpt lat="52.863788" lon="14.048334">
        <ele>3.372609</ele>
        <time>2026-03-17T13:14:53.662Z</time>
      </trkpt>
      <trkpt lat="52.863879" lon="14.048815">
        <ele>3.320310</ele>
        <time>2026-03-17T13:15:03.293Z</time>
      </trkpt>
      <trkpt lat="52.863902" lon="14.048937">
        <ele>3.307049</ele>
        <time>2026-03-17T13:15:05.670Z</time>
      </trkpt>
      <trkpt lat="52.863919" lon="14.049025">
        <ele>3.297463</ele>
        <time>2026-03-17T13:15:07.387Z</time>
      </trkpt>
      <trkpt lat="52.863991" lon="14.049470">
        <ele>3.249662</ele>
        <time>2026-03-17T13:15:13.649Z</time>
      </trkpt>
      <trkpt lat="52.864005" lon="14.049777">
        <ele>3.191398</ele>
        <time>2026-03-17T13:15:17.603Z</time>
      </trkpt>
      <trkpt lat="52.864004" lon="14.049828">
        <ele>3.176936</ele>
        <time>2026-03-17T13:15:18.226Z</time>
      </trkpt>
      <trkpt lat="52.863999" lon="14.049928">
        <ele>3.148498</ele>
        <time>2026-03-17T13:15:19.451Z</time>
      </trkpt>
      <trkpt lat="52.863996" lon="14.049975">
        <ele>3.135104</ele>
        <time>2026-03-17T13:15:20.041Z</time>
      </trkpt>
      <trkpt lat="52.863992" lon="14.050034">
        <ele>3.118277</ele>
        <time>2026-03-17T13:15:20.809Z</time>
      </trkpt>
      <trkpt lat="52.863975" lon="14.050282">
        <ele>3.047539</ele>
        <time>2026-03-17T13:15:24.008Z</time>
      </trkpt>
      <trkpt lat="52.863931" lon="14.050909">
        <ele>2.868643</ele>
        <time>2026-03-17T13:15:32.337Z</time>
      </trkpt>
      <trkpt lat="52.863927" lon="14.050968">
        <ele>2.851817</ele>
        <time>2026-03-17T13:15:33.157Z</time>
      </trkpt>
      <trkpt lat="52.863920" lon="14.051069">
        <ele>2.823004</ele>
        <time>2026-03-17T13:15:34.523Z</time>
      </trkpt>
      <trkpt lat="52.863906" lon="14.051218">
        <ele>2.780267</ele>
        <time>2026-03-17T13:15:36.418Z</time>
      </trkpt>
      <trkpt lat="52.863872" lon="14.051643">
        <ele>2.658763</ele>
        <time>2026-03-17T13:15:41.612Z</time>
      </trkpt>
      <trkpt lat="52.863860" lon="14.051791">
        <ele>2.616442</ele>
        <time>2026-03-17T13:15:43.387Z</time>
      </trkpt>
      <trkpt lat="52.863857" lon="14.051826">
        <ele>2.606423</ele>
        <time>2026-03-17T13:15:43.786Z</time>
      </trkpt>
      <trkpt lat="52.863837" lon="14.052551">
        <ele>2.400734</ele>
        <time>2026-03-17T13:15:52.218Z</time>
      </trkpt>
      <trkpt lat="52.863836" lon="14.052663">
        <ele>2.370727</ele>
        <time>2026-03-17T13:15:53.485Z</time>
      </trkpt>
      <trkpt lat="52.863834" lon="14.052800">
        <ele>2.335342</ele>
        <time>2026-03-17T13:15:55.142Z</time>
      </trkpt>
      <trkpt lat="52.863833" lon="14.052898">
        <ele>2.310034</ele>
        <time>2026-03-17T13:15:56.262Z</time>
      </trkpt>
      <trkpt lat="52.863829" lon="14.053233">
        <ele>2.223516</ele>
        <time>2026-03-17T13:16:00.212Z</time>
      </trkpt>
      <trkpt lat="52.863827" lon="14.053422">
        <ele>2.174707</ele>
        <time>2026-03-17T13:16:02.496Z</time>
      </trkpt>
      <trkpt lat="52.863825" lon="14.053612">
        <ele>2.125640</ele>
        <time>2026-03-17T13:16:04.852Z</time>
      </trkpt>
      <trkpt lat="52.863824" lon="14.053772">
        <ele>2.084324</ele>
        <time>2026-03-17T13:16:06.920Z</time>
      </trkpt>
      <trkpt lat="52.863782" lon="14.056730">
        <ele>1.675657</ele>
        <time>2026-03-17T13:16:45.284Z</time>
      </trkpt>
      <trkpt lat="52.863696" lon="14.057685">
        <ele>1.722698</ele>
        <time>2026-03-17T13:16:58.365Z</time>
      </trkpt>
      <trkpt lat="52.863493" lon="14.059085">
        <ele>1.916377</ele>
        <time>2026-03-17T13:17:19.259Z</time>
      </trkpt>
      <trkpt lat="52.863160" lon="14.061409">
        <ele>2.538194</ele>
        <time>2026-03-17T13:17:54.648Z</time>
      </trkpt>
      <trkpt lat="52.863087" lon="14.061978">
        <ele>2.435137</ele>
        <time>2026-03-17T13:18:02.351Z</time>
      </trkpt>
      <trkpt lat="52.862943" lon="14.063110">
        <ele>2.224067</ele>
        <time>2026-03-17T13:18:16.750Z</time>
      </trkpt>
      <trkpt lat="52.862767" lon="14.065200">
        <ele>1.817869</ele>
        <time>2026-03-17T13:18:42.721Z</time>
      </trkpt>
      <trkpt lat="52.862636" lon="14.067616">
        <ele>1.352926</ele>
        <time>2026-03-17T13:19:14.080Z</time>
      </trkpt>
      <trkpt lat="52.862530" lon="14.069989">
        <ele>1.146747</ele>
        <time>2026-03-17T13:19:45.568Z</time>
      </trkpt>
      <trkpt lat="52.862527" lon="14.070055">
        <ele>1.141012</ele>
        <time>2026-03-17T13:19:46.397Z</time>
      </trkpt>
      <trkpt lat="52.862516" lon="14.070225">
        <ele>1.126197</ele>
        <time>2026-03-17T13:19:48.586Z</time>
      </trkpt>
      <trkpt lat="52.862485" lon="14.070474">
        <ele>1.125400</ele>
        <time>2026-03-17T13:19:51.801Z</time>
      </trkpt>
      <trkpt lat="52.862440" lon="14.070612">
        <ele>1.128398</ele>
        <time>2026-03-17T13:19:53.801Z</time>
      </trkpt>
      <trkpt lat="52.862318" lon="14.070991">
        <ele>1.136607</ele>
        <time>2026-03-17T13:19:59.279Z</time>
      </trkpt>
      <trkpt lat="52.862272" lon="14.071215">
        <ele>1.141130</ele>
        <time>2026-03-17T13:20:02.302Z</time>
      </trkpt>
      <trkpt lat="52.862254" lon="14.071445">
        <ele>1.145563</ele>
        <time>2026-03-17T13:20:05.296Z</time>
      </trkpt>
      <trkpt lat="52.862294" lon="14.074534">
        <ele>1.354980</ele>
        <time>2026-03-17T13:20:48.580Z</time>
      </trkpt>
      <trkpt lat="52.862342" lon="14.074711">
        <ele>1.380045</ele>
        <time>2026-03-17T13:20:51.467Z</time>
      </trkpt>
      <trkpt lat="52.862427" lon="14.074897">
        <ele>1.410178</ele>
        <time>2026-03-17T13:20:54.867Z</time>
      </trkpt>
      <trkpt lat="52.862831" lon="14.075577">
        <ele>1.533417</ele>
        <time>2026-03-17T13:21:08.110Z</time>
      </trkpt>
      <trkpt lat="52.862975" lon="14.075693">
        <ele>1.562085</ele>
        <time>2026-03-17T13:21:11.687Z</time>
      </trkpt>
      <trkpt lat="52.863204" lon="14.075743">
        <ele>1.547636</ele>
        <time>2026-03-17T13:21:16.780Z</time>
      </trkpt>
      <trkpt lat="52.863398" lon="14.075823">
        <ele>1.535130</ele>
        <time>2026-03-17T13:21:21.096Z</time>
      </trkpt>
      <trkpt lat="52.863508" lon="14.075909">
        <ele>1.527520</ele>
        <time>2026-03-17T13:21:23.740Z</time>
      </trkpt>
      <trkpt lat="52.864701" lon="14.077205">
        <ele>1.446908</ele>
        <time>2026-03-17T13:21:56.154Z</time>
      </trkpt>
      <trkpt lat="52.864946" lon="14.077495">
        <ele>1.441020</ele>
        <time>2026-03-17T13:22:02.945Z</time>
      </trkpt>
      <trkpt lat="52.865041" lon="14.077662">
        <ele>1.438311</ele>
        <time>2026-03-17T13:22:06.080Z</time>
      </trkpt>
      <trkpt lat="52.865284" lon="14.078400">
        <ele>1.428387</ele>
        <time>2026-03-17T13:22:17.561Z</time>
      </trkpt>
      <trkpt lat="52.865414" lon="14.078645">
        <ele>1.424537</ele>
        <time>2026-03-17T13:22:22.030Z</time>
      </trkpt>
      <trkpt lat="52.866316" lon="14.080079">
        <ele>1.350309</ele>
        <time>2026-03-17T13:22:49.196Z</time>
      </trkpt>
      <trkpt lat="52.866539" lon="14.080505">
        <ele>1.322377</ele>
        <time>2026-03-17T13:22:56.614Z</time>
      </trkpt>
      <trkpt lat="52.866614" lon="14.080717">
        <ele>1.310205</ele>
        <time>2026-03-17T13:22:59.882Z</time>
      </trkpt>
      <trkpt lat="52.866765" lon="14.081278">
        <ele>1.279777</ele>
        <time>2026-03-17T13:23:08.286Z</time>
      </trkpt>
      <trkpt lat="52.867073" lon="14.082038">
        <ele>0.886465</ele>
        <time>2026-03-17T13:23:20.583Z</time>
      </trkpt>
      <trkpt lat="52.867316" lon="14.082993">
        <ele>0.303998</ele>
        <time>2026-03-17T13:23:33.409Z</time>
      </trkpt>
      <trkpt lat="52.868027" lon="14.085927">
        <ele>-2.070904</ele>
        <time>2026-03-17T13:24:07.417Z</time>
      </trkpt>
      <trkpt lat="52.868480" lon="14.088074">
        <ele>-2.000098</ele>
        <time>2026-03-17T13:24:34.318Z</time>
      </trkpt>
      <trkpt lat="52.868946" lon="14.089857">
        <ele>-0.320750</ele>
        <time>2026-03-17T13:25:14.233Z</time>
      </trkpt>
      <trkpt lat="52.869007" lon="14.090209">
        <ele>0.032190</ele>
        <time>2026-03-17T13:25:22.333Z</time>
      </trkpt>
      <trkpt lat="52.869022" lon="14.090993">
        <ele>0.788141</ele>
        <time>2026-03-17T13:25:37.938Z</time>
      </trkpt>
      <trkpt lat="52.869054" lon="14.091416">
        <ele>1.198992</ele>
        <time>2026-03-17T13:25:45.439Z</time>
      </trkpt>
      <trkpt lat="52.869349" lon="14.092921">
        <ele>2.306645</ele>
        <time>2026-03-17T13:26:07.953Z</time>
      </trkpt>
      <trkpt lat="52.869410" lon="14.093486">
        <ele>2.144956</ele>
        <time>2026-03-17T13:26:15.066Z</time>
      </trkpt>
      <trkpt lat="52.869600" lon="14.095723">
        <ele>1.557531</ele>
        <time>2026-03-17T13:26:42.201Z</time>
      </trkpt>
      <trkpt lat="52.869658" lon="14.096889">
        <ele>1.531959</ele>
        <time>2026-03-17T13:26:57.077Z</time>
      </trkpt>
      <trkpt lat="52.869335" lon="14.101781">
        <ele>1.914384</ele>
        <time>2026-03-17T13:28:06.894Z</time>
      </trkpt>
      <trkpt lat="52.869166" lon="14.104869">
        <ele>1.537901</ele>
        <time>2026-03-17T13:28:46.320Z</time>
      </trkpt>
      <trkpt lat="52.869039" lon="14.106097">
        <ele>1.428515</ele>
        <time>2026-03-17T13:29:02.151Z</time>
      </trkpt>
      <trkpt lat="52.868601" lon="14.109455">
        <ele>1.675836</ele>
        <time>2026-03-17T13:29:49.371Z</time>
      </trkpt>
      <trkpt lat="52.868375" lon="14.111673">
        <ele>1.941641</ele>
        <time>2026-03-17T13:30:22.814Z</time>
      </trkpt>
      <trkpt lat="52.868324" lon="14.112019">
        <ele>1.973133</ele>
        <time>2026-03-17T13:30:27.791Z</time>
      </trkpt>
      <trkpt lat="52.868086" lon="14.112943">
        <ele>2.061959</ele>
        <time>2026-03-17T13:30:40.708Z</time>
      </trkpt>
      <trkpt lat="52.868004" lon="14.113317">
        <ele>2.023185</ele>
        <time>2026-03-17T13:30:45.570Z</time>
      </trkpt>
      <trkpt lat="52.868087" lon="14.113922">
        <ele>1.838567</ele>
        <time>2026-03-17T13:30:53.094Z</time>
      </trkpt>
      <trkpt lat="52.868052" lon="14.114381">
        <ele>1.700899</ele>
        <time>2026-03-17T13:30:58.807Z</time>
      </trkpt>
      <trkpt lat="52.868017" lon="14.114573">
        <ele>1.641218</ele>
        <time>2026-03-17T13:31:01.321Z</time>
      </trkpt>
      <trkpt lat="52.867859" lon="14.115360">
        <ele>1.394421</ele>
        <time>2026-03-17T13:31:11.495Z</time>
      </trkpt>
      <trkpt lat="52.867846" lon="14.115423">
        <ele>1.374610</ele>
        <time>2026-03-17T13:31:12.296Z</time>
      </trkpt>
      <trkpt lat="52.867678" lon="14.116172">
        <ele>1.181458</ele>
        <time>2026-03-17T13:31:22.146Z</time>
      </trkpt>
      <trkpt lat="52.867542" lon="14.116959">
        <ele>1.129439</ele>
        <time>2026-03-17T13:31:32.975Z</time>
      </trkpt>
      <trkpt lat="52.867379" lon="14.118295">
        <ele>1.042824</ele>
        <time>2026-03-17T13:31:50.917Z</time>
      </trkpt>
      <trkpt lat="52.867058" lon="14.119598">
        <ele>1.077814</ele>
        <time>2026-03-17T13:32:10.480Z</time>
      </trkpt>
      <trkpt lat="52.866999" lon="14.119982">
        <ele>1.114258</ele>
        <time>2026-03-17T13:32:15.897Z</time>
      </trkpt>
      <trkpt lat="52.866849" lon="14.121255">
        <ele>1.233548</ele>
        <time>2026-03-17T13:32:33.726Z</time>
      </trkpt>
      <trkpt lat="52.866790" lon="14.122184">
        <ele>1.357758</ele>
        <time>2026-03-17T13:32:46.804Z</time>
      </trkpt>
      <trkpt lat="52.866768" lon="14.124424">
        <ele>1.755351</ele>
        <time>2026-03-17T13:33:18.784Z</time>
      </trkpt>
      <trkpt lat="52.866787" lon="14.125186">
        <ele>1.852761</ele>
        <time>2026-03-17T13:33:29.344Z</time>
      </trkpt>
      <trkpt lat="52.866986" lon="14.127675">
        <ele>2.095982</ele>
        <time>2026-03-17T13:34:03.663Z</time>
      </trkpt>
      <trkpt lat="52.867193" lon="14.129072">
        <ele>2.083042</ele>
        <time>2026-03-17T13:34:23.376Z</time>
      </trkpt>
      <trkpt lat="52.867240" lon="14.129566">
        <ele>2.078543</ele>
        <time>2026-03-17T13:34:30.132Z</time>
      </trkpt>
      <trkpt lat="52.867223" lon="14.130249">
        <ele>2.072393</ele>
        <time>2026-03-17T13:34:39.164Z</time>
      </trkpt>
      <trkpt lat="52.867067" lon="14.132221">
        <ele>1.899840</ele>
        <time>2026-03-17T13:35:05.129Z</time>
      </trkpt>
      <trkpt lat="52.867050" lon="14.132438">
        <ele>1.877160</ele>
        <time>2026-03-17T13:35:07.973Z</time>
      </trkpt>
      <trkpt lat="52.866925" lon="14.133966">
        <ele>1.754367</ele>
        <time>2026-03-17T13:35:27.927Z</time>
      </trkpt>
      <trkpt lat="52.866853" lon="14.135164">
        <ele>1.736930</ele>
        <time>2026-03-17T13:35:43.532Z</time>
      </trkpt>
      <trkpt lat="52.866596" lon="14.136147">
        <ele>1.721415</ele>
        <time>2026-03-17T13:35:57.948Z</time>
      </trkpt>
      <trkpt lat="52.866538" lon="14.136798">
        <ele>1.964287</ele>
        <time>2026-03-17T13:36:07.315Z</time>
      </trkpt>
      <trkpt lat="52.866501" lon="14.136942">
        <ele>2.069080</ele>
        <time>2026-03-17T13:36:09.600Z</time>
      </trkpt>
      <trkpt lat="52.866318" lon="14.137361">
        <ele>2.415372</ele>
        <time>2026-03-17T13:36:17.261Z</time>
      </trkpt>
      <trkpt lat="52.866119" lon="14.137710">
        <ele>2.736829</ele>
        <time>2026-03-17T13:36:24.711Z</time>
      </trkpt>
      <trkpt lat="52.865658" lon="14.138310">
        <ele>3.387127</ele>
        <time>2026-03-17T13:36:41.387Z</time>
      </trkpt>
      <trkpt lat="52.865456" lon="14.138527">
        <ele>3.654179</ele>
        <time>2026-03-17T13:36:48.843Z</time>
      </trkpt>
      <trkpt lat="52.865131" lon="14.140121">
        <ele>3.712293</ele>
        <time>2026-03-17T13:37:19.081Z</time>
      </trkpt>
      <trkpt lat="52.865373" lon="14.140242">
        <ele>3.712293</ele>
        <time>2026-03-17T13:37:26.198Z</time>
      </trkpt>
      <trkpt lat="52.865261" lon="14.140960">
        <ele>3.712293</ele>
        <time>2026-03-17T13:37:37.848Z</time>
      </trkpt>
      <trkpt lat="52.865227" lon="14.140952">
        <ele>3.712293</ele>
        <time>2026-03-17T13:37:38.688Z</time>
      </trkpt>
    </trkseg>
  </trk>
  <trk>
    <trkseg>
      <trkpt lat="52.790974333115" lon="13.480197787285" />
      <trkpt lat="52.790980821105" lon="13.480508923531" />
      <trkpt lat="52.791006773057" lon="13.481265306473" />
      <trkpt lat="52.791035968985" lon="13.481742739677" />
      <trkpt lat="52.791120312666" lon="13.482327461243" />
      <trkpt lat="52.791305219393" lon="13.483067750931" />
      <trkpt lat="52.791422002184" lon="13.483598828316" />
      <trkpt lat="52.791499857205" lon="13.484162092209" />
      <trkpt lat="52.7916393471" lon="13.485218882561" />
      <trkpt lat="52.791717201732" lon="13.485991358757" />
      <trkpt lat="52.791837227348" lon="13.486844301224" />
      <trkpt lat="52.791913459663" lon="13.487496078014" />
      <trkpt lat="52.791953197731" lon="13.487813919783" />
      <trkpt lat="52.791996990662" lon="13.488103598356" />
      <trkpt lat="52.792035106696" lon="13.488409370184" />
      <trkpt lat="52.792105661819" lon="13.488987386227" />
      <trkpt lat="52.792192436355" lon="13.489584177732" />
      <trkpt lat="52.792251637574" lon="13.489754498005" />
      <trkpt lat="52.792314893582" lon="13.489851057529" />
      <trkpt lat="52.792413832282" lon="13.49005356431" />
      <trkpt lat="52.792522502398" lon="13.490290939808" />
      <trkpt lat="52.792628739339" lon="13.490522950888" />
      <trkpt lat="52.792679019327" lon="13.490619510412" />
      <trkpt lat="52.792770658511" lon="13.490801900625" />
      <trkpt lat="52.792891492184" lon="13.49107414484" />
      <trkpt lat="52.793009892639" lon="13.491302132607" />
      <trkpt lat="52.793098287289" lon="13.491499274969" />
      <trkpt lat="52.793193980378" lon="13.491683006287" />
      <trkpt lat="52.793305081411" lon="13.491935133934" />
      <trkpt lat="52.793415371208" lon="13.492180556059" />
      <trkpt lat="52.793555665912" lon="13.492501080036" />
      <trkpt lat="52.793757592178" lon="13.492916822433" />
      <trkpt lat="52.793906806166" lon="13.493112623692" />
      <trkpt lat="52.794008174073" lon="13.493349999189" />
      <trkpt lat="52.794068994703" lon="13.493513613939" />
      <trkpt lat="52.794178471624" lon="13.493721485138" />
      <trkpt lat="52.794250645146" lon="13.493913263083" />
      <trkpt lat="52.79432038574" lon="13.494106382132" />
      <trkpt lat="52.794420941748" lon="13.494425565004" />
      <trkpt lat="52.794477707134" lon="13.494632095098" />
      <trkpt lat="52.794568531597" lon="13.494949936867" />
      <trkpt lat="52.794671519821" lon="13.495289236307" />
      <trkpt lat="52.794789104503" lon="13.495668768883" />
      <trkpt lat="52.794862087939" lon="13.495967835188" />
      <trkpt lat="52.794951289751" lon="13.496307134628" />
      <trkpt lat="52.795031571224" lon="13.496626317501" />
      <trkpt lat="52.795111041628" lon="13.496938794851" />
      <trkpt lat="52.795221326845" lon="13.497327715158" />
      <trkpt lat="52.795284578535" lon="13.497562408447" />
      <trkpt lat="52.795378644981" lon="13.497932553291" />
      <trkpt lat="52.795490551349" lon="13.498355001211" />
      <trkpt lat="52.79555218082" lon="13.498587012291" />
      <trkpt lat="52.795658410362" lon="13.498933017254" />
      <trkpt lat="52.79573220325" lon="13.499226719141" />
      <trkpt lat="52.795818970551" lon="13.499508351088" />
      <trkpt lat="52.79573463598" lon="13.499594181776" />
      <trkpt lat="52.795758152367" lon="13.499717563391" />
      <trkpt lat="52.795775992376" lon="13.499824851751" />
      <trkpt lat="52.795808428738" lon="13.499950915575" />
      <trkpt lat="52.795835999627" lon="13.500016629696" />
      <trkpt lat="52.795846541433" lon="13.500089049339" />
      <trkpt lat="52.795892763166" lon="13.500268757343" />
      <trkpt lat="52.795960068409" lon="13.500491380692" />
      <trkpt lat="52.796050078873" lon="13.500842750072" />
      <trkpt lat="52.79610359852" lon="13.501022458076" />
      <trkpt lat="52.796221179331" lon="13.501450270414" />
      <trkpt lat="52.796329029037" lon="13.501832485199" />
      <trkpt lat="52.796490397646" lon="13.502448052168" />
      <trkpt lat="52.796559323754" lon="13.502710908651" />
      <trkpt lat="52.796615275455" lon="13.502957671881" />
      <trkpt lat="52.796671227085" lon="13.503259420395" />
      <trkpt lat="52.796694742965" lon="13.503380119801" />
      <trkpt lat="52.796712582591" lon="13.503515571356" />
      <trkpt lat="52.796740963797" lon="13.503651022911" />
      <trkpt lat="52.796766912313" lon="13.503884375095" />
      <trkpt lat="52.796762046968" lon="13.504062741995" />
      <trkpt lat="52.796850433993" lon="13.504538834095" />
      <trkpt lat="52.796953416815" lon="13.505155742168" />
      <trkpt lat="52.797023963961" lon="13.505541980267" />
      <trkpt lat="52.797049101422" lon="13.505706936121" />
      <trkpt lat="52.797141542284" lon="13.505988568068" />
      <trkpt lat="52.797219387068" lon="13.506333231926" />
      <trkpt lat="52.797290744664" lon="13.506551831961" />
      <trkpt lat="52.797309394925" lon="13.506728857756" />
      <trkpt lat="52.797321558135" lon="13.506955504417" />
      <trkpt lat="52.797469138142" lon="13.50736990571" />
      <trkpt lat="52.79753319744" lon="13.507593870163" />
      <trkpt lat="52.797583471759" lon="13.507827222347" />
      <trkpt lat="52.797612663273" lon="13.508057892323" />
      <trkpt lat="52.797632124271" lon="13.508213460445" />
      <trkpt lat="52.7976629375" lon="13.508414626122" />
      <trkpt lat="52.797690507214" lon="13.508702963591" />
      <trkpt lat="52.79771321167" lon="13.508884012699" />
      <trkpt lat="52.797725374767" lon="13.509141504765" />
      <trkpt lat="52.797720509528" lon="13.509389609098" />
      <trkpt lat="52.797722131275" lon="13.509632349014" />
      <trkpt lat="52.797729429132" lon="13.509968966246" />
      <trkpt lat="52.797728618259" lon="13.510064184666" />
      <trkpt lat="52.797662126626" lon="13.510430306196" />
      <trkpt lat="52.797628069897" lon="13.510630130768" />
      <trkpt lat="52.797568065119" lon="13.510992228985" />
      <trkpt lat="52.797520223412" lon="13.511185348034" />
      <trkpt lat="52.797434270383" lon="13.511534035206" />
      <trkpt lat="52.797358047744" lon="13.511830419302" />
      <trkpt lat="52.797302907879" lon="13.512039631605" />
      <trkpt lat="52.797232361185" lon="13.512302488089" />
      <trkpt lat="52.797199925885" lon="13.512450009584" />
      <trkpt lat="52.79716262526" lon="13.512574732304" />
      <trkpt lat="52.797118026645" lon="13.512735664845" />
      <trkpt lat="52.797053966736" lon="13.512958288193" />
      <trkpt lat="52.796996393825" lon="13.513178229332" />
      <trkpt lat="52.796939631727" lon="13.513382077217" />
      <trkpt lat="52.796894221994" lon="13.513577878475" />
      <trkpt lat="52.796850433993" lon="13.513758927584" />
      <trkpt lat="52.796804213277" lon="13.514003008604" />
      <trkpt lat="52.79676447964" lon="13.514247089624" />
      <trkpt lat="52.796732043992" lon="13.514452278614" />
      <trkpt lat="52.796725556859" lon="13.51455822587" />
      <trkpt lat="52.796712582591" lon="13.51464137435" />
      <trkpt lat="52.796676903333" lon="13.514751344919" />
      <trkpt lat="52.796636358686" lon="13.514873385429" />
      <trkpt lat="52.796589326849" lon="13.515128195286" />
      <trkpt lat="52.796554458385" lon="13.515297174454" />
      <trkpt lat="52.796510670042" lon="13.515506386757" />
      <trkpt lat="52.796470936137" lon="13.515710234642" />
      <trkpt lat="52.796438500269" lon="13.515892624855" />
      <trkpt lat="52.796376872054" lon="13.516202419996" />
      <trkpt lat="52.79634767971" lon="13.516353964806" />
      <trkpt lat="52.796299836661" lon="13.516661077738" />
      <trkpt lat="52.796239830051" lon="13.517019152641" />
      <trkpt lat="52.796182256063" lon="13.517332971096" />
      <trkpt lat="52.796130358318" lon="13.517632037401" />
      <trkpt lat="52.796077649608" lon="13.517897576094" />
      <trkpt lat="52.796024129929" lon="13.518142998219" />
      <trkpt lat="52.795982773769" lon="13.518318682909" />
      <trkpt lat="52.795941417569" lon="13.518435359001" />
      <trkpt lat="52.795878166834" lon="13.518584221601" />
      <trkpt lat="52.795782479651" lon="13.518809527159" />
      <trkpt lat="52.795703010474" lon="13.518993258476" />
      <trkpt lat="52.795651923069" lon="13.519122004509" />
      <trkpt lat="52.795560289955" lon="13.519337922335" />
      <trkpt lat="52.795511635125" lon="13.51945862174" />
      <trkpt lat="52.795438652779" lon="13.519642353058" />
      <trkpt lat="52.795334044536" lon="13.519875705242" />
      <trkpt lat="52.795240788914" lon="13.520084917545" />
      <trkpt lat="52.795141045722" lon="13.520341068506" />
      <trkpt lat="52.795055898914" lon="13.520543575287" />
      <trkpt lat="52.794962642695" lon="13.520802408457" />
      <trkpt lat="52.794905067017" lon="13.520988821983" />
      <trkpt lat="52.794857222381" lon="13.521153777838" />
      <trkpt lat="52.794799646563" lon="13.521314710379" />
      <trkpt lat="52.794759100166" lon="13.521507829428" />
      <trkpt lat="52.794705578865" lon="13.521749228239" />
      <trkpt lat="52.794651246568" lon="13.521979898214" />
      <trkpt lat="52.794643137264" lon="13.522042930126" />
      <trkpt lat="52.794600157928" lon="13.522261530161" />
      <trkpt lat="52.794568531597" lon="13.522407710552" />
      <trkpt lat="52.794479329001" lon="13.52283552289" />
      <trkpt lat="52.794415265205" lon="13.523119837046" />
      <trkpt lat="52.794357688802" lon="13.523377329111" />
      <trkpt lat="52.794266052962" lon="13.523838669062" />
      <trkpt lat="52.794217396684" lon="13.524096161127" />
      <trkpt lat="52.794149277805" lon="13.524459600449" />
      <trkpt lat="52.794109541743" lon="13.524678200483" />
      <trkpt lat="52.794065750938" lon="13.52494508028" />
      <trkpt lat="52.794019527263" lon="13.525158315897" />
      <trkpt lat="52.793953840904" lon="13.525446653366" />
      <trkpt lat="52.793893831057" lon="13.525733649731" />
      <trkpt lat="52.793830577345" lon="13.5260219872" />
      <trkpt lat="52.79378435342" lon="13.526228517294" />
      <trkpt lat="52.793732452815" lon="13.526491373777" />
      <trkpt lat="52.793697582061" lon="13.526648283005" />
      <trkpt lat="52.793649736097" lon="13.526866883039" />
      <trkpt lat="52.79358648203" lon="13.5271525383" />
      <trkpt lat="52.793542690698" lon="13.527377843857" />
      <trkpt lat="52.79348105838" lon="13.527680933475" />
      <trkpt lat="52.793445376472" lon="13.527906239033" />
      <trkpt lat="52.793407261673" lon="13.528114110231" />
      <trkpt lat="52.793356982527" lon="13.528374284506" />
      <trkpt lat="52.793292106123" lon="13.528704196215" />
      <trkpt lat="52.793230473449" lon="13.528954982758" />
      <trkpt lat="52.793152621526" lon="13.52930366993" />
      <trkpt lat="52.793103153045" lon="13.529526293278" />
      <trkpt lat="52.793044763945" lon="13.529813289642" />
      <trkpt lat="52.792996106301" lon="13.53005066514" />
      <trkpt lat="52.792952314376" lon="13.530278652906" />
      <trkpt lat="52.792872840028" lon="13.530647456646" />
      <trkpt lat="52.792829858943" lon="13.530890196562" />
      <trkpt lat="52.792768225615" lon="13.531150370836" />
      <trkpt lat="52.792705781232" lon="13.531437367201" />
      <trkpt lat="52.792673342557" lon="13.531669378281" />
      <trkpt lat="52.792638470954" lon="13.531869202852" />
      <trkpt lat="52.792584136074" lon="13.53209450841" />
      <trkpt lat="52.792527368218" lon="13.532354682684" />
      <trkpt lat="52.792468978345" lon="13.532659113407" />
      <trkpt lat="52.79241707617" lon="13.532939404249" />
      <trkpt lat="52.792362741014" lon="13.533192873001" />
      <trkpt lat="52.792289753384" lon="13.5335496068" />
      <trkpt lat="52.792238661971" lon="13.533825874329" />
      <trkpt lat="52.792185948545" lon="13.534116894007" />
      <trkpt lat="52.792137289941" lon="13.534395843744" />
      <trkpt lat="52.792097552041" lon="13.534613102674" />
      <trkpt lat="52.792050515296" lon="13.53484377265" />
      <trkpt lat="52.791993746743" lon="13.535180389881" />
      <trkpt lat="52.791959685575" lon="13.535368144512" />
      <trkpt lat="52.791926435362" lon="13.535606861115" />
      <trkpt lat="52.791889130215" lon="13.536285459995" />
      <trkpt lat="52.791893996106" lon="13.536595255136" />
      <trkpt lat="52.791898861996" lon="13.536820560694" />
      <trkpt lat="52.791896429051" lon="13.537009656429" />
      <trkpt lat="52.791911026718" lon="13.537214845419" />
      <trkpt lat="52.791942654982" lon="13.537481725216" />
      <trkpt lat="52.791965362438" lon="13.537705689669" />
      <trkpt lat="52.792015643193" lon="13.538024872541" />
      <trkpt lat="52.792062679976" lon="13.538311868906" />
      <trkpt lat="52.792092686173" lon="13.538563996553" />
      <trkpt lat="52.7921316131" lon="13.538802713156" />
      <trkpt lat="52.792184326592" lon="13.539172858" />
      <trkpt lat="52.792221631486" lon="13.539415597916" />
      <trkpt lat="52.792258936349" lon="13.539669066668" />
      <trkpt lat="52.792288131436" lon="13.539842069149" />
      <trkpt lat="52.792327869162" lon="13.540145158768" />
      <trkpt lat="52.792361930041" lon="13.540432155132" />
      <trkpt lat="52.792386259224" lon="13.540744632483" />
      <trkpt lat="52.792396801866" lon="13.540992736816" />
      <trkpt lat="52.792403289644" lon="13.541163057089" />
      <trkpt lat="52.792402478672" lon="13.541330695152" />
      <trkpt lat="52.792400856727" lon="13.541535884142" />
      <trkpt lat="52.792387070197" lon="13.541845679283" />
      <trkpt lat="52.792365173933" lon="13.542170226574" />
      <trkpt lat="52.792346521551" lon="13.542447835207" />
      <trkpt lat="52.792326247215" lon="13.542758971453" />
      <trkpt lat="52.792310838712" lon="13.543012440205" />
      <trkpt lat="52.792296241179" lon="13.543220311403" />
      <trkpt lat="52.792290564359" lon="13.543332964182" />
      <trkpt lat="52.792267046097" lon="13.543648123741" />
      <trkpt lat="52.792250826599" lon="13.543902933598" />
      <trkpt lat="52.792238661971" lon="13.544133603573" />
      <trkpt lat="52.79221919856" lon="13.544366955757" />
      <trkpt lat="52.792204600995" lon="13.54454934597" />
      <trkpt lat="52.792180271711" lon="13.54478135705" />
      <trkpt lat="52.792167296087" lon="13.545036166906" />
      <trkpt lat="52.792142155804" lon="13.545316457748" />
      <trkpt lat="52.792120259417" lon="13.545635640621" />
      <trkpt lat="52.79210890573" lon="13.545985668898" />
      <trkpt lat="52.792109716708" lon="13.546205610037" />
      <trkpt lat="52.792089442261" lon="13.546551615" />
      <trkpt lat="52.79207646661" lon="13.546845316887" />
      <trkpt lat="52.792048082359" lon="13.547346889973" />
      <trkpt lat="52.792014021235" lon="13.547845780849" />
      <trkpt lat="52.792022131029" lon="13.548122048378" />
      <trkpt lat="52.79206024704" lon="13.548154234886" />
      <trkpt lat="52.792047271381" lon="13.548433184624" />
      <trkpt lat="52.792051326275" lon="13.548616915941" />
      <trkpt lat="52.792089442261" lon="13.5487832129" />
      <trkpt lat="52.792127558214" lon="13.548907935619" />
      <trkpt lat="52.792061058019" lon="13.549106419086" />
      <trkpt lat="52.791958063614" lon="13.549288809299" />
      <trkpt lat="52.791842904227" lon="13.549472540617" />
      <trkpt lat="52.791735043398" lon="13.54961335659" />
      <trkpt lat="52.791614206513" lon="13.549811840057" />
      <trkpt lat="52.791458496742" lon="13.550037145615" />
      <trkpt lat="52.791382263631" lon="13.550159186125" />
      <trkpt lat="52.791314140312" lon="13.550251722336" />
      <trkpt lat="52.79120952215" lon="13.550418019295" />
      <trkpt lat="52.791064353896" lon="13.550619184971" />
      <trkpt lat="52.790917563157" lon="13.55085387826" />
      <trkpt lat="52.790800779012" lon="13.551037609577" />
      <trkpt lat="52.790680750536" lon="13.551213294268" />
      <trkpt lat="52.790596406003" lon="13.551368862391" />
      <trkpt lat="52.790548556628" lon="13.551490902901" />
      <trkpt lat="52.790486920067" lon="13.551692068577" />
      <trkpt lat="52.790402575159" lon="13.55194285512" />
      <trkpt lat="52.790336072327" lon="13.552072942257" />
      <trkpt lat="52.790278490525" lon="13.55216011405" />
      <trkpt lat="52.790136563222" lon="13.552345186472" />
      <trkpt lat="52.79001491088" lon="13.552486002445" />
      <trkpt lat="52.78989893533" lon="13.552624136209" />
      <trkpt lat="52.789844597029" lon="13.55273142457" />
      <trkpt lat="52.789792691723" lon="13.552822619677" />
      <trkpt lat="52.789739164311" lon="13.552972823381" />
      <trkpt lat="52.789701857288" lon="13.553051948547" />
      <trkpt lat="52.789657251023" lon="13.553179353476" />
      <trkpt lat="52.789591558077" lon="13.553389906883" />
      <trkpt lat="52.789555872978" lon="13.553511947393" />
      <trkpt lat="52.78953397529" lon="13.553620576859" />
      <trkpt lat="52.789471526265" lon="13.553880751133" />
      <trkpt lat="52.789427730791" lon="13.554061800241" />
      <trkpt lat="52.789357171324" lon="13.554347455502" />
      <trkpt lat="52.789308509557" lon="13.554515093565" />
      <trkpt lat="52.789198209348" lon="13.554850369692" />
      <trkpt lat="52.789129271576" lon="13.555068969727" />
      <trkpt lat="52.789074932313" lon="13.555268794298" />
      <trkpt lat="52.788998695025" lon="13.555425703526" />
      <trkpt lat="52.789025459195" lon="13.555465936661" />
      <trkpt lat="52.789091152996" lon="13.555527627468" />
      <trkpt lat="52.789159279796" lon="13.555581271648" />
      <trkpt lat="52.789257414642" lon="13.555675148964" />
      <trkpt lat="52.789372580873" lon="13.555774390697" />
      <trkpt lat="52.789506400406" lon="13.555899113417" />
      <trkpt lat="52.789609400616" lon="13.556006401777" />
      <trkpt lat="52.789683203765" lon="13.556090891361" />
      <trkpt lat="52.789787825598" lon="13.556322902441" />
      <trkpt lat="52.789920832835" lon="13.556583076715" />
      <trkpt lat="52.789964627812" lon="13.556667566299" />
      <trkpt lat="52.790081414203" lon="13.556892871857" />
      <trkpt lat="52.790245239027" lon="13.557212054729" />
      <trkpt lat="52.790504762239" lon="13.5576197505" />
      <trkpt lat="52.79068156154" lon="13.557875901461" />
      <trkpt lat="52.790856738121" lon="13.558089137077" />
      <trkpt lat="52.791023804018" lon="13.558299690485" />
      <trkpt lat="52.791173027383" lon="13.558478057384" />
      <trkpt lat="52.791369287769" lon="13.558653742075" />
      <trkpt lat="52.791580145048" lon="13.558837473392" />
      <trkpt lat="52.791769104742" lon="13.55897963047" />
      <trkpt lat="52.791923191438" lon="13.559096306562" />
      <trkpt lat="52.792183515616" lon="13.559308201075" />
      <trkpt lat="52.792310027738" lon="13.559411466122" />
      <trkpt lat="52.792431673663" lon="13.55951204896" />
      <trkpt lat="52.792585758012" lon="13.559577763081" />
      <trkpt lat="52.792694427699" lon="13.559584468603" />
      <trkpt lat="52.792880138699" lon="13.559596538544" />
      <trkpt lat="52.792992051495" lon="13.559597879648" />
      <trkpt lat="52.793160731108" lon="13.559656888247" />
      <trkpt lat="52.793305081411" lon="13.559722602367" />
      <trkpt lat="52.793410505487" lon="13.559803068638" />
      <trkpt lat="52.79359053678" lon="13.56009542942" />
      <trkpt lat="52.793721910497" lon="13.560242950916" />
      <trkpt lat="52.794046288344" lon="13.560661375523" />
      <trkpt lat="52.794210098238" lon="13.560870587826" />
      <trkpt lat="52.794424185486" lon="13.561170995235" />
      <trkpt lat="52.794613943757" lon="13.561385571957" />
      <trkpt lat="52.794831272726" lon="13.561664521694" />
      <trkpt lat="52.794909121644" lon="13.561763763428" />
      <trkpt lat="52.795034003994" lon="13.562099039555" />
      <trkpt lat="52.795074550134" lon="13.562788367271" />
      <trkpt lat="52.795079415668" lon="13.563147783279" />
      <trkpt lat="52.795141045722" lon="13.563485741615" />
      <trkpt lat="52.795257818216" lon="13.563823699951" />
      <trkpt lat="52.79540864889" lon="13.564030230045" />
      <trkpt lat="52.795656788539" lon="13.56439769268" />
      <trkpt lat="52.795992504634" lon="13.564789295197" />
      <trkpt lat="52.796316865549" lon="13.565116524696" />
      <trkpt lat="52.796649332977" lon="13.565382063389" />
      <trkpt lat="52.797019098644" lon="13.565620779991" />
      <trkpt lat="52.797127757256" lon="13.565843403339" />
      <trkpt lat="52.797169923211" lon="13.566299378872" />
      <trkpt lat="52.797247767944" lon="13.56701284647" />
      <trkpt lat="52.797298042593" lon="13.567353487015" />
      <trkpt lat="52.797411565781" lon="13.567629754543" />
      <trkpt lat="52.797541306205" lon="13.567892611027" />
      <trkpt lat="52.79781700332" lon="13.568396866322" />
      <trkpt lat="52.797868899052" lon="13.568555116653" />
      <trkpt lat="52.797870520793" lon="13.568718731403" />
      <trkpt lat="52.797818625062" lon="13.568911850452" />
      <trkpt lat="52.797740781351" lon="13.569062054157" />
      <trkpt lat="52.797591580515" lon="13.569365143776" />
      <trkpt lat="52.797525088673" lon="13.569542169571" />
      <trkpt lat="52.797401835234" lon="13.569829165936" />
      <trkpt lat="52.797281824971" lon="13.570188581944" />
      <trkpt lat="52.79723803736" lon="13.570393770933" />
      <trkpt lat="52.797224252362" lon="13.570651262999" />
      <trkpt lat="52.797178032044" lon="13.570859134197" />
      <trkpt lat="52.797090456569" lon="13.571111261845" />
      <trkpt lat="52.797058021163" lon="13.571214526892" />
      <trkpt lat="52.797048290537" lon="13.571398258209" />
      <trkpt lat="52.797023963961" lon="13.571744263172" />
      <trkpt lat="52.79698017609" lon="13.572299480438" />
      <trkpt lat="52.796928279298" lon="13.572508692741" />
      <trkpt lat="52.796889356663" lon="13.572825193405" />
      <trkpt lat="52.796960714801" lon="13.57294857502" />
      <trkpt lat="52.797113161339" lon="13.573235571384" />
      <trkpt lat="52.797317503732" lon="13.573675453663" />
      <trkpt lat="52.797526710427" lon="13.574187755585" />
      <trkpt lat="52.79776672927" lon="13.574705421925" />
      <trkpt lat="52.798050533627" lon="13.575367927551" />
      <trkpt lat="52.798272710602" lon="13.575864136219" />
      <trkpt lat="52.798574350518" lon="13.576454222202" />
      <trkpt lat="52.798611649932" lon="13.576545417309" />
      <trkpt lat="52.798845175972" lon="13.577044308186" />
      <trkpt lat="52.799164650537" lon="13.57773900032" />
      <trkpt lat="52.799286277293" lon="13.577996492386" />
      <trkpt lat="52.799336549586" lon="13.57822984457" />
      <trkpt lat="52.799425742221" lon="13.578653633595" />
      <trkpt lat="52.79953439482" lon="13.579324185848" />
      <trkpt lat="52.799652777194" lon="13.580005466938" />
      <trkpt lat="52.799727374141" lon="13.580413162708" />
      <trkpt lat="52.799800349291" lon="13.580893278122" />
      <trkpt lat="52.799837647653" lon="13.581191003323" />
      <trkpt lat="52.799847377656" lon="13.581408262253" />
      <trkpt lat="52.799915487612" lon="13.581791818142" />
      <trkpt lat="52.799993327431" lon="13.582127094269" />
      <trkpt lat="52.800074410427" lon="13.582414090633" />
      <trkpt lat="52.800280360559" lon="13.582955896854" />
      <trkpt lat="52.800526850774" lon="13.583301901817" />
      <trkpt lat="52.800752258365" lon="13.583578169346" />
      <trkpt lat="52.800990637784" lon="13.583849072456" />
      <trkpt lat="52.801227394281" lon="13.584133386612" />
      <trkpt lat="52.80148523037" lon="13.584431111813" />
      <trkpt lat="52.801689552223" lon="13.58468323946" />
      <trkpt lat="52.801942520805" lon="13.584989011288" />
      <trkpt lat="52.802137111021" lon="13.585246503353" />
      <trkpt lat="52.802445210416" lon="13.585584461689" />
      <trkpt lat="52.802701417724" lon="13.585898280144" />
      <trkpt lat="52.80295438042" lon="13.586185276508" />
      <trkpt lat="52.803160316914" lon="13.586472272873" />
      <trkpt lat="52.80338084625" lon="13.586740493774" />
      <trkpt lat="52.803565700862" lon="13.58697116375" />
      <trkpt lat="52.803731096427" lon="13.587207198143" />
      <trkpt lat="52.803898112879" lon="13.587419092655" />
      <trkpt lat="52.804079722274" lon="13.587663173676" />
      <trkpt lat="52.804233765362" lon="13.587850928307" />
      <trkpt lat="52.804404022878" lon="13.588065505028" />
      <trkpt lat="52.804476990181" lon="13.588154017925" />
    </trkseg>
    <name>19-34</name>
  </trk>
  <trk>
    <trkseg>
      <trkpt lat="52.809096381912" lon="13.917177915573" />
      <trkpt lat="52.809067198107" lon="13.917253017426" />
      <trkpt lat="52.809106109843" lon="13.917558789253" />
      <trkpt lat="52.809151506825" lon="13.91794770956" />
      <trkpt lat="52.809196903759" lon="13.918417096138" />
      <trkpt lat="52.809266620388" lon="13.919114470482" />
      <trkpt lat="52.809334715591" lon="13.919688463211" />
      <trkpt lat="52.80940929593" lon="13.920444846153" />
      <trkpt lat="52.809457935212" lon="13.920887410641" />
      <trkpt lat="52.809519544892" lon="13.92086327076" />
      <trkpt lat="52.809746527168" lon="13.920790851116" />
      <trkpt lat="52.810001070168" lon="13.920702338219" />
      <trkpt lat="52.810197245604" lon="13.920640647411" />
      <trkpt lat="52.810416117979" lon="13.920557498932" />
      <trkpt lat="52.810644716838" lon="13.920482397079" />
      <trkpt lat="52.810863586961" lon="13.920412659645" />
      <trkpt lat="52.811071107244" lon="13.920361697674" />
      <trkpt lat="52.811197564431" lon="13.920324146748" />
      <trkpt lat="52.811384007048" lon="13.920286595821" />
      <trkpt lat="52.811546130413" lon="13.920246362686" />
      <trkpt lat="52.811755268661" lon="13.920214176178" />
      <trkpt lat="52.811919011859" lon="13.920184671879" />
      <trkpt lat="52.812147602815" lon="13.920147120953" />
      <trkpt lat="52.812355116969" lon="13.920112252235" />
      <trkpt lat="52.812645310883" lon="13.920050561428" />
      <trkpt lat="52.812734476221" lon="13.920031785965" />
      <trkpt lat="52.812865792114" lon="13.919959366322" />
      <trkpt lat="52.812956578178" lon="13.919911086559" />
      <trkpt lat="52.813123559194" lon="13.91980111599" />
      <trkpt lat="52.813178679" lon="13.919752836227" />
      <trkpt lat="52.813264600912" lon="13.919731378555" />
      <trkpt lat="52.813494805951" lon="13.919683098793" />
      <trkpt lat="52.813857943816" lon="13.919575810432" />
      <trkpt lat="52.814127052955" lon="13.919444382191" />
      <trkpt lat="52.814532334659" lon="13.919307589531" />
      <trkpt lat="52.814841967334" lon="13.919219076633" />
      <trkpt lat="52.815125660258" lon="13.919125199318" />
      <trkpt lat="52.815610365597" lon="13.918953537941" />
      <trkpt lat="52.816163150039" lon="13.918752372265" />
      <trkpt lat="52.816783605727" lon="13.918544501066" />
      <trkpt lat="52.816927067114" lon="13.91850091517" />
      <trkpt lat="52.817107406321" lon="13.918445259333" />
      <trkpt lat="52.81727801868" lon="13.918394297361" />
      <trkpt lat="52.817398784268" lon="13.91835808754" />
      <trkpt lat="52.817525628299" lon="13.918319866061" />
      <trkpt lat="52.817646393199" lon="13.918282985687" />
      <trkpt lat="52.81778863599" lon="13.918239399791" />
      <trkpt lat="52.817908589662" lon="13.918212577701" />
      <trkpt lat="52.818027327262" lon="13.918164297938" />
      <trkpt lat="52.818143633061" lon="13.918112665415" />
      <trkpt lat="52.818191046833" lon="13.918081820011" />
      <trkpt lat="52.818300463035" lon="13.918007388711" />
      <trkpt lat="52.818356386765" lon="13.917933627963" />
      <trkpt lat="52.818373407016" lon="13.917900770903" />
      <trkpt lat="52.818385564334" lon="13.917853832245" />
      <trkpt lat="52.818417983833" lon="13.917759284377" />
      <trkpt lat="52.818461750118" lon="13.917627185583" />
      <trkpt lat="52.81854644586" lon="13.917375057936" />
      <trkpt lat="52.818594669677" lon="13.917232900858" />
      <trkpt lat="52.818648972063" lon="13.917070627213" />
      <trkpt lat="52.818699627212" lon="13.916922435164" />
      <trkpt lat="52.818735288402" lon="13.916817829013" />
      <trkpt lat="52.818798911133" lon="13.916643485427" />
      <trkpt lat="52.818827683166" lon="13.916610628366" />
      <trkpt lat="52.818916430584" lon="13.916551619768" />
      <trkpt lat="52.819020576866" lon="13.916494622827" />
      <trkpt lat="52.819143363796" lon="13.916438296437" />
      <trkpt lat="52.819226842501" lon="13.916400745511" />
      <trkpt lat="52.819307484399" lon="13.916362524033" />
      <trkpt lat="52.81939379943" lon="13.916322290897" />
      <trkpt lat="52.819489434663" lon="13.916279375553" />
      <trkpt lat="52.819600468526" lon="13.916228413582" />
      <trkpt lat="52.819691645756" lon="13.916185498238" />
      <trkpt lat="52.81974229969" lon="13.916162028909" />
      <trkpt lat="52.820488729216" lon="13.91574293375" />
      <trkpt lat="52.820588414274" lon="13.915720805526" />
      <trkpt lat="52.820872880132" lon="13.915741592646" />
      <trkpt lat="52.82109331963" lon="13.91574293375" />
      <trkpt lat="52.821300385861" lon="13.915667161345" />
      <trkpt lat="52.821463282672" lon="13.91568928957" />
      <trkpt lat="52.821698712059" lon="13.915793895721" />
      <trkpt lat="52.821888351326" lon="13.915819376707" />
      <trkpt lat="52.822174024301" lon="13.91585893929" />
      <trkpt lat="52.822400940503" lon="13.915846198797" />
      <trkpt lat="52.822556134294" lon="13.915841504931" />
      <trkpt lat="52.822741717787" lon="13.915928006172" />
      <trkpt lat="52.822805334653" lon="13.915957510471" />
      <trkpt lat="52.823054533583" lon="13.916280716658" />
      <trkpt lat="52.823138004775" lon="13.916389346123" />
      <trkpt lat="52.823191491086" lon="13.916457742453" />
      <trkpt lat="52.823340604089" lon="13.916598558426" />
      <trkpt lat="52.823435420243" lon="13.916693776846" />
      <trkpt lat="52.82349619972" lon="13.916720598936" />
      <trkpt lat="52.823561031069" lon="13.916727304459" />
      <trkpt lat="52.823609654517" lon="13.916716575623" />
      <trkpt lat="52.823674485697" lon="13.916689753532" />
      <trkpt lat="52.824300101608" lon="13.916362524033" />
      <trkpt lat="52.824445158933" lon="13.916294127703" />
      <trkpt lat="52.824574818702" lon="13.91681984067" />
      <trkpt lat="52.824634786215" lon="13.917069286108" />
      <trkpt lat="52.824689891423" lon="13.917303979397" />
      <trkpt lat="52.824779032054" lon="13.917603045702" />
      <trkpt lat="52.824912742657" lon="13.917873948812" />
      <trkpt lat="52.824948398749" lon="13.917922228575" />
      <trkpt lat="52.825128299491" lon="13.91817972064" />
      <trkpt lat="52.825267681535" lon="13.918363451958" />
      <trkpt lat="52.825398959564" lon="13.918545842171" />
      <trkpt lat="52.825474322697" lon="13.918702751398" />
      <trkpt lat="52.825496202292" lon="13.918818086386" />
      <trkpt lat="52.825501064423" lon="13.918957561255" />
      <trkpt lat="52.825474322697" lon="13.919117152691" />
      <trkpt lat="52.825447580955" lon="13.919271379709" />
      <trkpt lat="52.825432184187" lon="13.919346481562" />
      <trkpt lat="52.825427322049" lon="13.919410854578" />
      <trkpt lat="52.825432184187" lon="13.919524848461" />
      <trkpt lat="52.825477564119" lon="13.91985476017" />
      <trkpt lat="52.825497012647" lon="13.919962048531" />
      <trkpt lat="52.825522944004" lon="13.920065313578" />
      <trkpt lat="52.825582099855" lon="13.920320123434" />
      <trkpt lat="52.825633152099" lon="13.920527994633" />
      <trkpt lat="52.825667186895" lon="13.920667469501" />
      <trkpt lat="52.825676100766" lon="13.920715749264" />
      <trkpt lat="52.825681773228" lon="13.920781463385" />
      <trkpt lat="52.825681773228" lon="13.920836448669" />
      <trkpt lat="52.825647738444" lon="13.921151608229" />
      <trkpt lat="52.825554547825" lon="13.921611607075" />
      <trkpt lat="52.825540771803" lon="13.921803385019" />
      <trkpt lat="52.825522944004" lon="13.922040760517" />
      <trkpt lat="52.825532668259" lon="13.922180235386" />
      <trkpt lat="52.825559409949" lon="13.922286182642" />
      <trkpt lat="52.825665566191" lon="13.922330439091" />
      <trkpt lat="52.825873015809" lon="13.922424316406" />
      <trkpt lat="52.826136378155" lon="13.922553062439" />
      <trkpt lat="52.826371377055" lon="13.922667056322" />
      <trkpt lat="52.826600702341" lon="13.922785073519" />
      <trkpt lat="52.82684866401" lon="13.922912478447" />
      <trkpt lat="52.827044763413" lon="13.92302647233" />
      <trkpt lat="52.827310549621" lon="13.923168629408" />
      <trkpt lat="52.827593350842" lon="13.92332687974" />
      <trkpt lat="52.827734345606" lon="13.923447579145" />
      <trkpt lat="52.827885873952" lon="13.923577666283" />
      <trkpt lat="52.827982300806" lon="13.923686295748" />
      <trkpt lat="52.82817353326" lon="13.923906236887" />
      <trkpt lat="52.828341266119" lon="13.924059122801" />
      <trkpt lat="52.828525204307" lon="13.924309909344" />
      <trkpt lat="52.828663765158" lon="13.924482911825" />
      <trkpt lat="52.828720485847" lon="13.924499005079" />
      <trkpt lat="52.828821772608" lon="13.924431949854" />
      <trkpt lat="52.828946557572" lon="13.92429381609" />
      <trkpt lat="52.82902434542" lon="13.92421066761" />
      <trkpt lat="52.82916533554" lon="13.924123495817" />
      <trkpt lat="52.829287688664" lon="13.924092650414" />
      <trkpt lat="52.829325772016" lon="13.924114108086" />
      <trkpt lat="52.829470002282" lon="13.92421066761" />
      <trkpt lat="52.829565615341" lon="13.924285769463" />
      <trkpt lat="52.829563994782" lon="13.92437428236" />
      <trkpt lat="52.829565615341" lon="13.92459154129" />
      <trkpt lat="52.829563994782" lon="13.925213813782" />
      <trkpt lat="52.829555081709" lon="13.925401568413" />
      <trkpt lat="52.829539686397" lon="13.925836086273" />
      <trkpt lat="52.829533204158" lon="13.926109671593" />
      <trkpt lat="52.829537660697" lon="13.926443606615" />
      <trkpt lat="52.829551435452" lon="13.926586434245" />
      <trkpt lat="52.829565210201" lon="13.92673060298" />
      <trkpt lat="52.829581820923" lon="13.9269002527" />
      <trkpt lat="52.82959154427" lon="13.926967307925" />
      <trkpt lat="52.829610180678" lon="13.927095383406" />
      <trkpt lat="52.829630437634" lon="13.927236869931" />
      <trkpt lat="52.829657176801" lon="13.927384391427" />
      <trkpt lat="52.829678649151" lon="13.927509114146" />
      <trkpt lat="52.829702957459" lon="13.927640542388" />
      <trkpt lat="52.829724834925" lon="13.927759900689" />
      <trkpt lat="52.829745902103" lon="13.92787925899" />
      <trkpt lat="52.829760892205" lon="13.927961066365" />
      <trkpt lat="52.829782769641" lon="13.928075060248" />
      <trkpt lat="52.829801405967" lon="13.928166255355" />
      <trkpt lat="52.829819232011" lon="13.928253427148" />
      <trkpt lat="52.829824903932" lon="13.928297683597" />
      <trkpt lat="52.829835032361" lon="13.928360715508" />
      <trkpt lat="52.829842324829" lon="13.928439170122" />
      <trkpt lat="52.829844350514" lon="13.928502202034" />
      <trkpt lat="52.829846781336" lon="13.928597420454" />
      <trkpt lat="52.82984354024" lon="13.928692638874" />
      <trkpt lat="52.829839083732" lon="13.928849548101" />
      <trkpt lat="52.829839488869" lon="13.929029256105" />
      <trkpt lat="52.829845160788" lon="13.929254561663" />
      <trkpt lat="52.82985690976" lon="13.929376602173" />
      <trkpt lat="52.829870684413" lon="13.929513394833" />
      <trkpt lat="52.829886484745" lon="13.929624706507" />
      <trkpt lat="52.829916464846" lon="13.929814472795" />
      <trkpt lat="52.829941583293" lon="13.929918408394" />
      <trkpt lat="52.829967917133" lon="13.930005580187" />
      <trkpt lat="52.829999112585" lon="13.930073305964" />
      <trkpt lat="52.830026661796" lon="13.930121585727" />
      <trkpt lat="52.830047323693" lon="13.930151760578" />
      <trkpt lat="52.830071631795" lon="13.930186629295" />
      <trkpt lat="52.830082570436" lon="13.930200710893" />
      <trkpt lat="52.830091078267" lon="13.930208086967" />
      <trkpt lat="52.830093914209" lon="13.930215463042" />
      <trkpt lat="52.830094319344" lon="13.930202722549" />
    </trkseg>
    <name>25-26</name>
  </trk>
  <trk>
    <trkseg>
      <trkpt lat="52.809097192573" lon="13.91722753644" />
      <trkpt lat="52.809085843318" lon="13.917212113738" />
      <trkpt lat="52.80909476059" lon="13.917187973857" />
      <trkpt lat="52.809120701735" lon="13.917130306363" />
      <trkpt lat="52.809131240321" lon="13.917094767094" />
      <trkpt lat="52.809139752254" lon="13.917061910033" />
      <trkpt lat="52.809147048195" lon="13.916990160942" />
      <trkpt lat="52.809150290835" lon="13.916907683015" />
      <trkpt lat="52.809150290835" lon="13.916860073805" />
      <trkpt lat="52.809149885505" lon="13.916806429625" />
      <trkpt lat="52.809148669515" lon="13.916784971952" />
      <trkpt lat="52.809147048195" lon="13.916760161519" />
      <trkpt lat="52.809142994894" lon="13.916726633906" />
      <trkpt lat="52.809119891075" lon="13.916570395231" />
      <trkpt lat="52.809088275302" lon="13.916298151016" />
      <trkpt lat="52.809039635606" lon="13.915905207396" />
      <trkpt lat="52.80900072381" lon="13.915615528822" />
      <trkpt lat="52.80896667596" lon="13.915219902992" />
      <trkpt lat="52.808935870739" lon="13.914891332388" />
      <trkpt lat="52.808909929484" lon="13.9146271348" />
      <trkpt lat="52.80886453225" lon="13.91421943903" />
      <trkpt lat="52.808823998965" lon="13.913882821798" />
      <trkpt lat="52.808801300309" lon="13.913625329733" />
      <trkpt lat="52.808736446941" lon="13.913123756647" />
      <trkpt lat="52.808704830889" lon="13.912891745567" />
      <trkpt lat="52.80866024411" lon="13.912518918514" />
      <trkpt lat="52.808626195993" lon="13.912214487791" />
      <trkpt lat="52.808586473157" lon="13.911841660738" />
      <trkpt lat="52.808546750284" lon="13.911498337984" />
      <trkpt lat="52.80852243014" lon="13.911270350218" />
      <trkpt lat="52.808498109982" lon="13.911063820124" />
      <trkpt lat="52.808448658953" lon="13.910591751337" />
      <trkpt lat="52.808427581448" lon="13.910398632288" />
      <trkpt lat="52.808375698316" lon="13.909868896008" />
      <trkpt lat="52.808341649976" lon="13.909544348717" />
      <trkpt lat="52.808309222961" lon="13.909163475037" />
      <trkpt lat="52.808282470656" lon="13.908846974373" />
      <trkpt lat="52.80824680089" lon="13.908455371857" />
      <trkpt lat="52.808222480578" lon="13.908220678568" />
      <trkpt lat="52.808195728219" lon="13.907916247845" />
      <trkpt lat="52.808180325339" lon="13.907727152109" />
      <trkpt lat="52.808154383632" lon="13.907430768013" />
      <trkpt lat="52.80812925259" lon="13.90715315938" />
      <trkpt lat="52.808101689494" lon="13.90684068203" />
      <trkpt lat="52.808080611821" lon="13.906597942114" />
      <trkpt lat="52.808051427334" lon="13.906306922436" />
      <trkpt lat="52.808033592359" lon="13.90610575676" />
      <trkpt lat="52.808006029203" lon="13.90580534935" />
      <trkpt lat="52.80798333012" lon="13.905571997166" />
      <trkpt lat="52.807962252389" lon="13.90532925725" />
      <trkpt lat="52.807939553284" lon="13.905094563961" />
      <trkpt lat="52.807913611434" lon="13.904794156551" />
      <trkpt lat="52.807887669569" lon="13.904493749142" />
      <trkpt lat="52.807859295636" lon="13.904179930687" />
      <trkpt lat="52.807830111" lon="13.903900980949" />
      <trkpt lat="52.807798494289" lon="13.903548270464" />
      <trkpt lat="52.807774173726" lon="13.903281390667" />
      <trkpt lat="52.80774336766" lon="13.903017193079" />
      <trkpt lat="52.807714182947" lon="13.902734220028" />
      <trkpt lat="52.807682566151" lon="13.902464658022" />
      <trkpt lat="52.807667163089" lon="13.902342617512" />
      <trkpt lat="52.807630682129" lon="13.902098536491" />
      <trkpt lat="52.807603118718" lon="13.901926875114" />
      <trkpt lat="52.807576365978" lon="13.901739120483" />
      <trkpt lat="52.807562584257" lon="13.901626467705" />
      <trkpt lat="52.807545559772" lon="13.90149101615" />
      <trkpt lat="52.807539884942" lon="13.901427984238" />
      <trkpt lat="52.807530156661" lon="13.901338130236" />
      <trkpt lat="52.807522049758" lon="13.901283144951" />
      <trkpt lat="52.807516374926" lon="13.901214748621" />
      <trkpt lat="52.807501782495" lon="13.901112824678" />
      <trkpt lat="52.807452330332" lon="13.900796324015" />
      <trkpt lat="52.807421524039" lon="13.900576382875" />
      <trkpt lat="52.807392339109" lon="13.900393992662" />
      <trkpt lat="52.807347750984" lon="13.900106996298" />
      <trkpt lat="52.807304784202" lon="13.899813294411" />
      <trkpt lat="52.807257763901" lon="13.899507522583" />
      <trkpt lat="52.807218039815" lon="13.899259418249" />
      <trkpt lat="52.807175072904" lon="13.898984491825" />
      <trkpt lat="52.807141023625" lon="13.898771256208" />
      <trkpt lat="52.807107785016" lon="13.898545950651" />
      <trkpt lat="52.807068871492" lon="13.898300528526" />
      <trkpt lat="52.807034011429" lon="13.89809936285" />
      <trkpt lat="52.806996719239" lon="13.897875398397" />
      <trkpt lat="52.806967534024" lon="13.897684961557" />
      <trkpt lat="52.806936727386" lon="13.897483795881" />
      <trkpt lat="52.806909974237" lon="13.897297382355" />
      <trkpt lat="52.806875924749" lon="13.897061347961" />
      <trkpt lat="52.80683538961" lon="13.896773010492" />
      <trkpt lat="52.806805393583" lon="13.896531611681" />
      <trkpt lat="52.806774586832" lon="13.896278142929" />
      <trkpt lat="52.806747833582" lon="13.896054178476" />
      <trkpt lat="52.806722701726" lon="13.895865082741" />
      <trkpt lat="52.80669675915" lon="13.895643800497" />
      <trkpt lat="52.806680545033" lon="13.895520418882" />
      <trkpt lat="52.806669195147" lon="13.895409107208" />
      <trkpt lat="52.806651359605" lon="13.895301818848" />
      <trkpt lat="52.806750265696" lon="13.895229399204" />
      <trkpt lat="52.806977262431" lon="13.895055055618" />
      <trkpt lat="52.807141023625" lon="13.894934356213" />
      <trkpt lat="52.807261006682" lon="13.894843161106" />
      <trkpt lat="52.807439359264" lon="13.894730508327" />
      <trkpt lat="52.807593390451" lon="13.894631266594" />
      <trkpt lat="52.80777336304" lon="13.894507884979" />
      <trkpt lat="52.807854431531" lon="13.894491791725" />
      <trkpt lat="52.807890101619" lon="13.894473016262" />
      <trkpt lat="52.808008461247" lon="13.894403278828" />
      <trkpt lat="52.808181946695" lon="13.894301354885" />
      <trkpt lat="52.808310033637" lon="13.894226253033" />
      <trkpt lat="52.808436498855" lon="13.89415115118" />
      <trkpt lat="52.808532563535" lon="13.894096165895" />
      <trkpt lat="52.808622142644" lon="13.894044533372" />
      <trkpt lat="52.808714558908" lon="13.893988206983" />
      <trkpt lat="52.80878549231" lon="13.893943950534" />
      <trkpt lat="52.808859668258" lon="13.893898352981" />
      <trkpt lat="52.808943572046" lon="13.893846720457" />
      <trkpt lat="52.809025043686" lon="13.89379709959" />
      <trkpt lat="52.809098813895" lon="13.893750160933" />
      <trkpt lat="52.809181906563" lon="13.893697187304" />
      <trkpt lat="52.809256892493" lon="13.893652260303" />
      <trkpt lat="52.809372816432" lon="13.893575817347" />
      <trkpt lat="52.809480633525" lon="13.893512785435" />
      <trkpt lat="52.809630604225" lon="13.893420249224" />
      <trkpt lat="52.809735178082" lon="13.893354535103" />
      <trkpt lat="52.809838941041" lon="13.893287479877" />
      <trkpt lat="52.809971076325" lon="13.893207013607" />
      <trkpt lat="52.810073217436" lon="13.893143981695" />
      <trkpt lat="52.810176168947" lon="13.893064856529" />
      <trkpt lat="52.810271013824" lon="13.892988413572" />
      <trkpt lat="52.810369101043" lon="13.892921358347" />
      <trkpt lat="52.810518258043" lon="13.8928180933" />
      <trkpt lat="52.810694976001" lon="13.892694711685" />
      <trkpt lat="52.810793872893" lon="13.89262765646" />
      <trkpt lat="52.810910603362" lon="13.892548531294" />
      <trkpt lat="52.811026522892" lon="13.892469406128" />
      <trkpt lat="52.811152169586" lon="13.892384916544" />
      <trkpt lat="52.811276194676" lon="13.892301768064" />
      <trkpt lat="52.81140103003" lon="13.892214596272" />
      <trkpt lat="52.811589903618" lon="13.892099261284" />
      <trkpt lat="52.811748783769" lon="13.892005383968" />
      <trkpt lat="52.812090860491" lon="13.891841769218" />
      <trkpt lat="52.812312965737" lon="13.891686201096" />
      <trkpt lat="52.812536691041" lon="13.891533315182" />
      <trkpt lat="52.812786354152" lon="13.891369700432" />
      <trkpt lat="52.813173815491" lon="13.89112830162" />
      <trkpt lat="52.81348670016" lon="13.890921771526" />
      <trkpt lat="52.813752569301" lon="13.890758156776" />
      <trkpt lat="52.814196761677" lon="13.890473842621" />
      <trkpt lat="52.814464247597" lon="13.890272676945" />
      <trkpt lat="52.814525850181" lon="13.890248537064" />
      <trkpt lat="52.814756048541" lon="13.890205621719" />
      <trkpt lat="52.814913296015" lon="13.890151977539" />
      <trkpt lat="52.815041363125" lon="13.890111744404" />
      <trkpt lat="52.815171050954" lon="13.890076875687" />
      <trkpt lat="52.81534450782" lon="13.890036642551" />
      <trkpt lat="52.815521206158" lon="13.890001773834" />
      <trkpt lat="52.815743293876" lon="13.889926671982" />
      <trkpt lat="52.815882706025" lon="13.889881074429" />
      <trkpt lat="52.815952411931" lon="13.889862298965" />
      <trkpt lat="52.815994559635" lon="13.889921307564" />
      <trkpt lat="52.816153423687" lon="13.890098333359" />
      <trkpt lat="52.816275002927" lon="13.890237808228" />
      <trkpt lat="52.816334981894" lon="13.890331685543" />
      <trkpt lat="52.816403066025" lon="13.890473842621" />
      <trkpt lat="52.816461423768" lon="13.890607953072" />
      <trkpt lat="52.816461423768" lon="13.890744745731" />
      <trkpt lat="52.816479255285" lon="13.890916407108" />
      <trkpt lat="52.816506813069" lon="13.891034424305" />
      <trkpt lat="52.816557065454" lon="13.891195356846" />
      <trkpt lat="52.816641359647" lon="13.891313374043" />
      <trkpt lat="52.816707822261" lon="13.89140188694" />
      <trkpt lat="52.816775905809" lon="13.891479671001" />
      <trkpt lat="52.817130911151" lon="13.891737163067" />
      <trkpt lat="52.817464840471" lon="13.891962468624" />
      <trkpt lat="52.817622078146" lon="13.892075121403" />
      <trkpt lat="52.817850639112" lon="13.892193138599" />
      <trkpt lat="52.8179730241" lon="13.892268240452" />
      <trkpt lat="52.818144848799" lon="13.892360776663" />
      <trkpt lat="52.818261559528" lon="13.892423808575" />
      <trkpt lat="52.818340987484" lon="13.892461359501" />
      <trkpt lat="52.818457697686" lon="13.892506957054" />
      <trkpt lat="52.818514431699" lon="13.892520368099" />
      <trkpt lat="52.818535504314" lon="13.892523050308" />
      <trkpt lat="52.818474717898" lon="13.892174363136" />
      <trkpt lat="52.818328830153" lon="13.891557455063" />
      <trkpt lat="52.818215361569" lon="13.891214132309" />
      <trkpt lat="52.818112429096" lon="13.89089897275" />
      <trkpt lat="52.818024895779" lon="13.890692442656" />
      <trkpt lat="52.817960866666" lon="13.890558332205" />
      <trkpt lat="52.817857123093" lon="13.890347778797" />
      <trkpt lat="52.817791472736" lon="13.890221714973" />
      <trkpt lat="52.817673950243" lon="13.889993727207" />
      <trkpt lat="52.817609920614" lon="13.889850229025" />
      <trkpt lat="52.817542648876" lon="13.88968527317" />
      <trkpt lat="52.817522386284" lon="13.8896048069" />
      <trkpt lat="52.817479429558" lon="13.889417052269" />
      <trkpt lat="52.817422694193" lon="13.88914078474" />
      <trkpt lat="52.817384600408" lon="13.888877928257" />
      <trkpt lat="52.817352180138" lon="13.888649940491" />
      <trkpt lat="52.817345696081" lon="13.888322710991" />
      <trkpt lat="52.817350559124" lon="13.888168483973" />
      <trkpt lat="52.817360285208" lon="13.888011574745" />
      <trkpt lat="52.817380547875" lon="13.887829184532" />
      <trkpt lat="52.817412968124" lon="13.887613266706" />
      <trkpt lat="52.817447009359" lon="13.887444287539" />
      <trkpt lat="52.817478619053" lon="13.887302130461" />
      <trkpt lat="52.817524817795" lon="13.887127786875" />
      <trkpt lat="52.817587226545" lon="13.886915892363" />
      <trkpt lat="52.81764153019" lon="13.886748254299" />
      <trkpt lat="52.817704749272" lon="13.886539041996" />
      <trkpt lat="52.817845776125" lon="13.886088430882" />
      <trkpt lat="52.818014359349" lon="13.885562717915" />
      <trkpt lat="52.81814890126" lon="13.885106742382" />
      <trkpt lat="52.818263990998" lon="13.884717822075" />
      <trkpt lat="52.818421225782" lon="13.88421356678" />
      <trkpt lat="52.818541177708" lon="13.883846104145" />
      <trkpt lat="52.818633572886" lon="13.883524239063" />
      <trkpt lat="52.81868706474" lon="13.883331120014" />
      <trkpt lat="52.818747040378" lon="13.88312458992" />
      <trkpt lat="52.818787564411" lon="13.882993161678" />
      <trkpt lat="52.81881998361" lon="13.882861733437" />
      <trkpt lat="52.818865370448" lon="13.882851004601" />
      <trkpt lat="52.818897789589" lon="13.882816135883" />
      <trkpt lat="52.818931829661" lon="13.882652521133" />
      <trkpt lat="52.819116618158" lon="13.881786167622" />
      <trkpt lat="52.819317615279" lon="13.880890309811" />
      <trkpt lat="52.819453774092" lon="13.880254626274" />
      <trkpt lat="52.819627213866" lon="13.879458010197" />
      <trkpt lat="52.819755267088" lon="13.87890547514" />
      <trkpt lat="52.819897908206" lon="13.87819737196" />
      <trkpt lat="52.820029202458" lon="13.877556324005" />
      <trkpt lat="52.820145908127" lon="13.876958191395" />
      <trkpt lat="52.820280443439" lon="13.876357376575" />
      <trkpt lat="52.820397148433" lon="13.875887989998" />
      <trkpt lat="52.820452259016" lon="13.87566536665" />
      <trkpt lat="52.820539787445" lon="13.875324726105" />
      <trkpt lat="52.820601381419" lon="13.875161111355" />
      <trkpt lat="52.820656491743" lon="13.874989449978" />
      <trkpt lat="52.820690530437" lon="13.874887526035" />
      <trkpt lat="52.820747261535" lon="13.874745368958" />
      <trkpt lat="52.82081695964" lon="13.87454688549" />
      <trkpt lat="52.820943388476" lon="13.874198198318" />
      <trkpt lat="52.821090888319" lon="13.873736858368" />
      <trkpt lat="52.821314568444" lon="13.873109221458" />
      <trkpt lat="52.821428028937" lon="13.872808814049" />
      <trkpt lat="52.821573906278" lon="13.872401118279" />
      <trkpt lat="52.821640361349" lon="13.872213363647" />
      <trkpt lat="52.821723024832" lon="13.871985375881" />
      <trkpt lat="52.821805688158" lon="13.871778845787" />
      <trkpt lat="52.821865659492" lon="13.871652781963" />
      <trkpt lat="52.821891593016" lon="13.871537446976" />
      <trkpt lat="52.821906180617" lon="13.87144356966" />
      <trkpt lat="52.82192887243" lon="13.871338963509" />
      <trkpt lat="52.821948322546" lon="13.871245086193" />
      <trkpt lat="52.821993706117" lon="13.871151208878" />
      <trkpt lat="52.822069885576" lon="13.870947360992" />
      <trkpt lat="52.822120131529" lon="13.870802521706" />
      <trkpt lat="52.822188206598" lon="13.870606720448" />
      <trkpt lat="52.822251419067" lon="13.87046456337" />
      <trkpt lat="52.822324356417" lon="13.870239257812" />
      <trkpt lat="52.822439435098" lon="13.869917392731" />
      <trkpt lat="52.822539926091" lon="13.869638442993" />
      <trkpt lat="52.822616104592" lon="13.869399726391" />
      <trkpt lat="52.822669591545" lon="13.869257569313" />
      <trkpt lat="52.822721457619" lon="13.869096636772" />
      <trkpt lat="52.82277332363" lon="13.86893838644" />
      <trkpt lat="52.822870572235" lon="13.868705034256" />
      <trkpt lat="52.822940266934" lon="13.86855751276" />
      <trkpt lat="52.822998615899" lon="13.868442177773" />
      <trkpt lat="52.823084518399" lon="13.868278563023" />
      <trkpt lat="52.823188249493" lon="13.868074715137" />
      <trkpt lat="52.82326118527" lon="13.867956697941" />
      <trkpt lat="52.823379503049" lon="13.867817223072" />
      <trkpt lat="52.823431368275" lon="13.867763578892" />
      <trkpt lat="52.823514028351" lon="13.867717981339" />
      <trkpt lat="52.823564272634" lon="13.867699205875" />
      <trkpt lat="52.823603171394" lon="13.867680430412" />
      <trkpt lat="52.823635587001" lon="13.867704570293" />
      <trkpt lat="52.823679348031" lon="13.86774212122" />
      <trkpt lat="52.823724729794" lon="13.867801129818" />
      <trkpt lat="52.82375714531" lon="13.867811858654" />
      <trkpt lat="52.823776594608" lon="13.867825269699" />
      <trkpt lat="52.823860874799" lon="13.867709934711" />
      <trkpt lat="52.823925705604" lon="13.867581188679" />
      <trkpt lat="52.824016468568" lon="13.867243230343" />
      <trkpt lat="52.824170441019" lon="13.866631686687" />
      <trkpt lat="52.824254720446" lon="13.866309821606" />
      <trkpt lat="52.824361690252" lon="13.865872621536" />
      <trkpt lat="52.824420037308" lon="13.865684866905" />
      <trkpt lat="52.824455693804" lon="13.865510523319" />
      <trkpt lat="52.82457400833" lon="13.865086734295" />
      <trkpt lat="52.824676115128" lon="13.864687085152" />
      <trkpt lat="52.824770117999" lon="13.864324986935" />
      <trkpt lat="52.824838188917" lon="13.864080905914" />
      <trkpt lat="52.824912742657" lon="13.863785862923" />
      <trkpt lat="52.824969468243" lon="13.863571286201" />
      <trkpt lat="52.825009986474" lon="13.863450586796" />
      <trkpt lat="52.825039159576" lon="13.863359391689" />
      <trkpt lat="52.825073194838" lon="13.863292336464" />
      <trkpt lat="52.825113712972" lon="13.863233327866" />
      <trkpt lat="52.82517367974" lon="13.863171637058" />
      <trkpt lat="52.825230404986" lon="13.863061666489" />
      <trkpt lat="52.825272543692" lon="13.862898051739" />
      <trkpt lat="52.825329268808" lon="13.862640559673" />
      <trkpt lat="52.825366545273" lon="13.862307965755" />
      <trkpt lat="52.825411925274" lon="13.861683011055" />
      <trkpt lat="52.825442718819" lon="13.861350417137" />
      <trkpt lat="52.825467029497" lon="13.861227035522" />
      <trkpt lat="52.825481615897" lon="13.861100971699" />
      <trkpt lat="52.825523754359" lon="13.860642313957" />
      <trkpt lat="52.825562651365" lon="13.860266804695" />
      <trkpt lat="52.825577237733" lon="13.860103189945" />
      <trkpt lat="52.825567513488" lon="13.859990537167" />
      <trkpt lat="52.825611272573" lon="13.859534561634" />
      <trkpt lat="52.825672859359" lon="13.85883718729" />
      <trkpt lat="52.82573768746" lon="13.858126401901" />
      <trkpt lat="52.825794411969" lon="13.85744780302" />
      <trkpt lat="52.825833308733" lon="13.856962323189" />
      <trkpt lat="52.825894895203" lon="13.856256902218" />
      <trkpt lat="52.825941895346" lon="13.855739235878" />
      <trkpt lat="52.825984033362" lon="13.855259120464" />
      <trkpt lat="52.826003481663" lon="13.855009675026" />
      <trkpt lat="52.826032654099" lon="13.854760229588" />
      <trkpt lat="52.826045619619" lon="13.854572474957" />
      <trkpt lat="52.826078033404" lon="13.854542970657" />
      <trkpt lat="52.826126654035" lon="13.854398131371" />
      <trkpt lat="52.826128274722" lon="13.854229152203" />
      <trkpt lat="52.826199584881" lon="13.853378891945" />
      <trkpt lat="52.826295205137" lon="13.852421343327" />
      <trkpt lat="52.826335722131" lon="13.851820528507" />
      <trkpt lat="52.826385963151" lon="13.851324319839" />
      <trkpt lat="52.826441066139" lon="13.850525021553" />
      <trkpt lat="52.826499410403" lon="13.850111961365" />
      <trkpt lat="52.82654478922" lon="13.849476277828" />
      <trkpt lat="52.82659340933" lon="13.848521411419" />
      <trkpt lat="52.826565857941" lon="13.847789168358" />
      <trkpt lat="52.826653374056" lon="13.846874535084" />
      <trkpt lat="52.826698752713" lon="13.846415877342" />
      <trkpt lat="52.826758717294" lon="13.845801651478" />
      <trkpt lat="52.82684785368" lon="13.844980895519" />
      <trkpt lat="52.82695967907" lon="13.844361305237" />
      <trkpt lat="52.827066642217" lon="13.843768537045" />
      <trkpt lat="52.827246534189" lon="13.842851221561" />
      <trkpt lat="52.827371323677" lon="13.842207491398" />
      <trkpt lat="52.827523663606" lon="13.841475248337" />
      <trkpt lat="52.827646831669" lon="13.840879797935" />
      <trkpt lat="52.827747310619" lon="13.840402364731" />
      <trkpt lat="52.827857513072" lon="13.839849829674" />
      <trkpt lat="52.827959612153" lon="13.839308023453" />
      <trkpt lat="52.82806009038" lon="13.83877158165" />
      <trkpt lat="52.82817353326" lon="13.838162720203" />
      <trkpt lat="52.828319387957" lon="13.837288320065" />
      <trkpt lat="52.828385832712" lon="13.836824297905" />
      <trkpt lat="52.828484689354" lon="13.836113512516" />
      <trkpt lat="52.828560857433" lon="13.835536837578" />
      <trkpt lat="52.828607854692" lon="13.835180103779" />
      <trkpt lat="52.828698607876" lon="13.834603428841" />
      <trkpt lat="52.828797463807" lon="13.834021389484" />
      <trkpt lat="52.82884446081" lon="13.833715617657" />
      <trkpt lat="52.82891576651" lon="13.833305239677" />
      <trkpt lat="52.82905837756" lon="13.832476437092" />
      <trkpt lat="52.829137785782" lon="13.831923902035" />
      <trkpt lat="52.829212332145" lon="13.831406235695" />
      <trkpt lat="52.829262569839" lon="13.831087052822" />
      <trkpt lat="52.829325772016" lon="13.830682039261" />
      <trkpt lat="52.829406800315" lon="13.830199241638" />
      <trkpt lat="52.829444073281" lon="13.829890787601" />
      <trkpt lat="52.829463520034" lon="13.829619884491" />
      <trkpt lat="52.829484587339" lon="13.829166591167" />
      <trkpt lat="52.829505654634" lon="13.828707933426" />
      <trkpt lat="52.829528342479" lon="13.828386068344" />
      <trkpt lat="52.82955427143" lon="13.828141987324" />
      <trkpt lat="52.829645022636" lon="13.827959597111" />
      <trkpt lat="52.829902690208" lon="13.827474117279" />
      <trkpt lat="52.830174941075" lon="13.826964497566" />
      <trkpt lat="52.830385610218" lon="13.826564848423" />
      <trkpt lat="52.830610863018" lon="13.826159834862" />
      <trkpt lat="52.830781017237" lon="13.82583796978" />
      <trkpt lat="52.830930104195" lon="13.825553655624" />
      <trkpt lat="52.831168318163" lon="13.825108408928" />
      <trkpt lat="52.831297957869" lon="13.824832141399" />
      <trkpt lat="52.831419494742" lon="13.824550509453" />
      <trkpt lat="52.831528067395" lon="13.824282288551" />
      <trkpt lat="52.831675531309" lon="13.823871910572" />
      <trkpt lat="52.831800308076" lon="13.823574185371" />
      <trkpt lat="52.831949391536" lon="13.82322281599" />
      <trkpt lat="52.832088751698" lon="13.822959959507" />
      <trkpt lat="52.832283206992" lon="13.822587132454" />
      <trkpt lat="52.832406361561" lon="13.822364509106" />
      <trkpt lat="52.832605676769" lon="13.822144567966" />
      <trkpt lat="52.833514736972" lon="13.821369409561" />
      <trkpt lat="52.83423743436" lon="13.820765912533" />
      <trkpt lat="52.834775398601" lon="13.820317983627" />
      <trkpt lat="52.835183728456" lon="13.819840550423" />
      <trkpt lat="52.835410576716" lon="13.819542825222" />
      <trkpt lat="52.83637952952" lon="13.81943821907" />
      <trkpt lat="52.836865618102" lon="13.819534778595" />
      <trkpt lat="52.83731929587" lon="13.819620609283" />
      <trkpt lat="52.837345220171" lon="13.819781541824" />
      <trkpt lat="52.837273928307" lon="13.820285797119" />
      <trkpt lat="52.837202636325" lon="13.820725679398" />
      <trkpt lat="52.837124863121" lon="13.820972442627" />
      <trkpt lat="52.83702764642" lon="13.821187019348" />
      <trkpt lat="52.836891542674" lon="13.821380138397" />
    </trkseg>
    <name>26-86</name>
  </trk>
  <trk>
    <trkseg>
      <trkpt lat="52.828659713678" lon="13.641591668129" />
      <trkpt lat="52.828543030874" lon="13.641597032547" />
      <trkpt lat="52.828267528565" lon="13.641613125801" />
      <trkpt lat="52.828089261435" lon="13.641618490219" />
      <trkpt lat="52.828034160537" lon="13.641656041145" />
      <trkpt lat="52.827933682251" lon="13.64142537117" />
      <trkpt lat="52.827810515001" lon="13.641060590744" />
      <trkpt lat="52.827664658596" lon="13.640695810318" />
      <trkpt lat="52.827538249316" lon="13.640368580818" />
      <trkpt lat="52.827311359942" lon="13.639762401581" />
      <trkpt lat="52.827071504172" lon="13.639140129089" />
      <trkpt lat="52.826945093166" lon="13.638780713081" />
      <trkpt lat="52.826766820609" lon="13.638314008713" />
      <trkpt lat="52.826526961833" lon="13.637702465057" />
      <trkpt lat="52.826329239414" lon="13.637058734894" />
      <trkpt lat="52.826186619406" lon="13.636667132378" />
      <trkpt lat="52.826058585136" lon="13.636323809624" />
      <trkpt lat="52.825946757427" lon="13.63608777523" />
      <trkpt lat="52.825804136163" lon="13.635712265968" />
      <trkpt lat="52.825633962452" lon="13.635283112526" />
      <trkpt lat="52.825478374475" lon="13.634802997112" />
      <trkpt lat="52.825405442419" lon="13.634585738182" />
      <trkpt lat="52.825322785941" lon="13.634204864502" />
      <trkpt lat="52.825225542825" lon="13.633864223957" />
      <trkpt lat="52.825170438295" lon="13.633617460728" />
      <trkpt lat="52.825112092247" lon="13.633335828781" />
      <trkpt lat="52.825024573028" lon="13.632917404175" />
      <trkpt lat="52.824925708512" lon="13.632482886314" />
      <trkpt lat="52.824838188917" lon="13.632037639618" />
      <trkpt lat="52.824744186193" lon="13.631522655487" />
      <trkpt lat="52.824658286974" lon="13.631055951118" />
      <trkpt lat="52.824565904606" lon="13.630543649197" />
      <trkpt lat="52.824488108775" lon="13.630186915398" />
      <trkpt lat="52.824353586488" lon="13.629610240459" />
      <trkpt lat="52.824217443027" lon="13.629073798656" />
      <trkpt lat="52.824065091506" lon="13.628489077091" />
      <trkpt lat="52.823843046311" lon="13.628006279469" />
      <trkpt lat="52.823655036353" lon="13.62762004137" />
      <trkpt lat="52.823457300865" lon="13.627223074436" />
      <trkpt lat="52.823264426858" lon="13.626879751682" />
      <trkpt lat="52.823035894363" lon="13.626461327076" />
      <trkpt lat="52.822867330618" lon="13.626005351543" />
      <trkpt lat="52.822786290123" lon="13.625629842281" />
      <trkpt lat="52.822739286567" lon="13.625401854515" />
      <trkpt lat="52.82269228296" lon="13.624964654446" />
      <trkpt lat="52.822664729098" lon="13.624613285065" />
      <trkpt lat="52.822632312767" lon="13.624232411385" />
      <trkpt lat="52.822596654775" lon="13.623771071434" />
      <trkpt lat="52.822548030193" lon="13.623146116734" />
      <trkpt lat="52.822522097061" lon="13.622869849205" />
      <trkpt lat="52.822470230749" lon="13.622349500656" />
      <trkpt lat="52.822457264162" lon="13.622140288353" />
      <trkpt lat="52.822270869039" lon="13.621182739735" />
      <trkpt lat="52.822180102429" lon="13.620742857456" />
      <trkpt lat="52.822086093954" lon="13.620348572731" />
      <trkpt lat="52.821987222753" lon="13.619881868362" />
      <trkpt lat="52.82192887243" lon="13.619637787342" />
      <trkpt lat="52.821828380024" lon="13.619216680527" />
      <trkpt lat="52.821753820991" lon="13.618846535683" />
      <trkpt lat="52.821688986946" lon="13.618597090244" />
      <trkpt lat="52.821569043708" lon="13.618135750294" />
      <trkpt lat="52.821447479277" lon="13.617610037327" />
      <trkpt lat="52.821278909371" lon="13.616901934147" />
      <trkpt lat="52.821238387661" lon="13.616711497307" />
      <trkpt lat="52.821163827616" lon="13.616250157356" />
      <trkpt lat="52.821111959684" lon="13.615936338902" />
      <trkpt lat="52.821027674161" lon="13.615432083607" />
      <trkpt lat="52.820967701671" lon="13.615045845509" />
      <trkpt lat="52.820885036751" lon="13.614509403706" />
      <trkpt lat="52.820821822295" lon="13.614160716534" />
      <trkpt lat="52.820701876663" lon="13.613444566727" />
      <trkpt lat="52.820594897847" lon="13.612814247608" />
      <trkpt lat="52.820486297871" lon="13.612138330936" />
      <trkpt lat="52.820486297871" lon="13.612006902695" />
      <trkpt lat="52.820483056076" lon="13.611671626568" />
      <trkpt lat="52.820484676974" lon="13.611129820347" />
      <trkpt lat="52.820494402356" lon="13.610588014126" />
      <trkpt lat="52.82049764415" lon="13.61016958952" />
      <trkpt lat="52.820492781459" lon="13.609920144081" />
      <trkpt lat="52.820478193384" lon="13.609574139118" />
      <trkpt lat="52.820449017219" lon="13.609228134155" />
      <trkpt lat="52.820408494736" lon="13.608766794205" />
      <trkpt lat="52.820379318524" lon="13.60842615366" />
      <trkpt lat="52.820244783518" lon="13.607806563377" />
      <trkpt lat="52.820184809947" lon="13.607535660267" />
      <trkpt lat="52.820082692595" lon="13.607138693333" />
      <trkpt lat="52.819983816836" lon="13.606779277325" />
      <trkpt lat="52.81993518933" lon="13.606430590153" />
      <trkpt lat="52.819868731652" lon="13.606132864952" />
      <trkpt lat="52.819790927411" lon="13.6057305336" />
      <trkpt lat="52.819664495223" lon="13.605086803436" />
      <trkpt lat="52.819632076654" lon="13.604872226715" />
      <trkpt lat="52.819599658061" lon="13.60466837883" />
      <trkpt lat="52.819531578936" lon="13.603702783585" />
      <trkpt lat="52.819427839113" lon="13.602967858315" />
      <trkpt lat="52.819427839113" lon="13.602839112282" />
      <trkpt lat="52.819375969109" lon="13.602479696274" />
      <trkpt lat="52.819281954568" lon="13.6018627882" />
      <trkpt lat="52.819149037111" lon="13.60107421875" />
      <trkpt lat="52.819015308772" lon="13.600370138884" />
      <trkpt lat="52.818969111614" lon="13.600103259087" />
      <trkpt lat="52.818845918952" lon="13.600163608789" />
      <trkpt lat="52.818638435784" lon="13.600256145" />
      <trkpt lat="52.818477149356" lon="13.600321859121" />
      <trkpt lat="52.818169974052" lon="13.600469380617" />
      <trkpt lat="52.817991665491" lon="13.600549846888" />
      <trkpt lat="52.817857933591" lon="13.600603491068" />
      <trkpt lat="52.817750137275" lon="13.600658476353" />
      <trkpt lat="52.817636667179" lon="13.600709438324" />
      <trkpt lat="52.817498071161" lon="13.600760400295" />
      <trkpt lat="52.817387842433" lon="13.600811362267" />
      <trkpt lat="52.817290581559" lon="13.600854277611" />
      <trkpt lat="52.81723141442" lon="13.600874394178" />
      <trkpt lat="52.817082280454" lon="13.600866347551" />
      <trkpt lat="52.817006902765" lon="13.600862324238" />
      <trkpt lat="52.816818052713" lon="13.600824773312" />
      <trkpt lat="52.816511676206" lon="13.600725531578" />
      <trkpt lat="52.816137213096" lon="13.600611537695" />
      <trkpt lat="52.815937822332" lon="13.600555211306" />
      <trkpt lat="52.815706819694" lon="13.600478768349" />
      <trkpt lat="52.815468520949" lon="13.600398302078" />
      <trkpt lat="52.81513538684" lon="13.6002856493" />
      <trkpt lat="52.815047036976" lon="13.600260168314" />
      <trkpt lat="52.81474145854" lon="13.60016092658" />
      <trkpt lat="52.814587452679" lon="13.600123375654" />
      <trkpt lat="52.814534766338" lon="13.600100576878" />
      <trkpt lat="52.814397781552" lon="13.600048273802" />
      <trkpt lat="52.814340231602" lon="13.60002681613" />
      <trkpt lat="52.814174065826" lon="13.599989265203" />
      <trkpt lat="52.814111652175" lon="13.599977195263" />
      <trkpt lat="52.814029784783" lon="13.599975854158" />
      <trkpt lat="52.813960075793" lon="13.599955737591" />
      <trkpt lat="52.813847406376" lon="13.59990209341" />
      <trkpt lat="52.81379066627" lon="13.59986320138" />
      <trkpt lat="52.813710419424" lon="13.599805533886" />
      <trkpt lat="52.813665027203" lon="13.599792122841" />
      <trkpt lat="52.813642331074" lon="13.599738478661" />
      <trkpt lat="52.813605044552" lon="13.599682152271" />
      <trkpt lat="52.813538577194" lon="13.599597662687" />
      <trkpt lat="52.813404021011" lon="13.599419295788" />
      <trkpt lat="52.813237851656" lon="13.599198013544" />
      <trkpt lat="52.813026288777" lon="13.598935157061" />
      <trkpt lat="52.812839853204" lon="13.598692417145" />
      <trkpt lat="52.812616129459" lon="13.598421514034" />
      <trkpt lat="52.81235998057" lon="13.598114401102" />
      <trkpt lat="52.812220557123" lon="13.597930669785" />
      <trkpt lat="52.812098966542" lon="13.597776442766" />
      <trkpt lat="52.81199196655" lon="13.597650378942" />
      <trkpt lat="52.811777965775" lon="13.597378134727" />
      <trkpt lat="52.811691230312" lon="13.597258776426" />
      <trkpt lat="52.811588282389" lon="13.597136735916" />
      <trkpt lat="52.811432644121" lon="13.596931546926" />
      <trkpt lat="52.811357256635" lon="13.596837669611" />
      <trkpt lat="52.811234853018" lon="13.596682101488" />
      <trkpt lat="52.811127040276" lon="13.596543967724" />
      <trkpt lat="52.811019227266" lon="13.596409857273" />
      <trkpt lat="52.810866018845" lon="13.59621539712" />
      <trkpt lat="52.810771175266" lon="13.596079945564" />
      <trkpt lat="52.810598510783" lon="13.595862686634" />
      <trkpt lat="52.810472051853" lon="13.595717847347" />
      <trkpt lat="52.810366669131" lon="13.595582395792" />
      <trkpt lat="52.810223996731" lon="13.59538257122" />
      <trkpt lat="52.810068353579" lon="13.59519213438" />
      <trkpt lat="52.809943514397" lon="13.595025837421" />
      <trkpt lat="52.809808136439" lon="13.594862222672" />
      <trkpt lat="52.809664651555" lon="13.594666421413" />
      <trkpt lat="52.809497657252" lon="13.594465255737" />
      <trkpt lat="52.809346875438" lon="13.594288229942" />
      <trkpt lat="52.809253649861" lon="13.594167530537" />
      <trkpt lat="52.809175826617" lon="13.594060242176" />
      <trkpt lat="52.809025854349" lon="13.593881875277" />
      <trkpt lat="52.80890749749" lon="13.593727648258" />
      <trkpt lat="52.808789950977" lon="13.593569397926" />
      <trkpt lat="52.808682132171" lon="13.593441992998" />
      <trkpt lat="52.808541075585" lon="13.593266308308" />
      <trkpt lat="52.80837650899" lon="13.5930557549" />
      <trkpt lat="52.808279227951" lon="13.592941761017" />
      <trkpt lat="52.808145466167" lon="13.592767417431" />
      <trkpt lat="52.807999543752" lon="13.592589050531" />
      <trkpt lat="52.807909558018" lon="13.59248444438" />
      <trkpt lat="52.807803358399" lon="13.592361062765" />
      <trkpt lat="52.807699590582" lon="13.592221587896" />
      <trkpt lat="52.807625007311" lon="13.592139780521" />
      <trkpt lat="52.807595822518" lon="13.5921035707" />
      <trkpt lat="52.807547991842" lon="13.592041879892" />
      <trkpt lat="52.807453951716" lon="13.591919839382" />
      <trkpt lat="52.807333158497" lon="13.591775000095" />
      <trkpt lat="52.807236685819" lon="13.591659665108" />
      <trkpt lat="52.807113459903" lon="13.591500073671" />
      <trkpt lat="52.807037254227" lon="13.591392785311" />
      <trkpt lat="52.806965101921" lon="13.59131231904" />
      <trkpt lat="52.806862953509" lon="13.591192960739" />
      <trkpt lat="52.806760804856" lon="13.591065555811" />
      <trkpt lat="52.806635145471" lon="13.590896576643" />
      <trkpt lat="52.806558128248" lon="13.590804040432" />
      <trkpt lat="52.80645597888" lon="13.59067261219" />
      <trkpt lat="52.806379772052" lon="13.59056532383" />
      <trkpt lat="52.806234654424" lon="13.590388298035" />
      <trkpt lat="52.806168986512" lon="13.590285032988" />
      <trkpt lat="52.8060335968" lon="13.590136170387" />
      <trkpt lat="52.805929824759" lon="13.589998036623" />
      <trkpt lat="52.805844699072" lon="13.589892089367" />
      <trkpt lat="52.805783894907" lon="13.589816987514" />
      <trkpt lat="52.805675257922" lon="13.589672148228" />
      <trkpt lat="52.805556891942" lon="13.589521944523" />
      <trkpt lat="52.805457172408" lon="13.589395880699" />
      <trkpt lat="52.805343670221" lon="13.589251041412" />
      <trkpt lat="52.805245571663" lon="13.58912229538" />
      <trkpt lat="52.805125583044" lon="13.58898550272" />
      <trkpt lat="52.805035591362" lon="13.58886346221" />
      <trkpt lat="52.804956139092" lon="13.588756173849" />
      <trkpt lat="52.804893712206" lon="13.588677048683" />
      <trkpt lat="52.80480777375" lon="13.588575124741" />
      <trkpt lat="52.80472710495" lon="13.588471189141" />
      <trkpt lat="52.804668326081" lon="13.588396087289" />
      <trkpt lat="52.804614411601" lon="13.588326349854" />
      <trkpt lat="52.804568199137" lon="13.588267341256" />
      <trkpt lat="52.804538201545" lon="13.588231801987" />
      <trkpt lat="52.804517527518" lon="13.588204309344" />
      <trkpt lat="52.80449563736" lon="13.58817614615" />
      <trkpt lat="52.804485503025" lon="13.588164076209" />
      <trkpt lat="52.804481854663" lon="13.588149324059" />
    </trkseg>
    <name>34-96</name>
  </trk>
  <trk>
    <trkseg>
      <trkpt lat="52.840890222553" lon="13.624264597893" />
      <trkpt lat="52.840849719133" lon="13.624213635921" />
      <trkpt lat="52.840823796924" lon="13.623913228512" />
      <trkpt lat="52.840799494839" lon="13.623451888561" />
      <trkpt lat="52.840781673302" lon="13.623111248016" />
      <trkpt lat="52.840747650346" lon="13.622797429562" />
      <trkpt lat="52.84070552665" lon="13.622295856476" />
      <trkpt lat="52.840663402913" lon="13.621861338615" />
      <trkpt lat="52.840603457524" lon="13.62119615078" />
      <trkpt lat="52.840564573984" lon="13.620670437813" />
      <trkpt lat="52.840528930709" lon="13.620262742043" />
      <trkpt lat="52.840501388158" lon="13.619787991047" />
      <trkpt lat="52.840472225438" lon="13.61939907074" />
      <trkpt lat="52.840410659632" lon="13.618680238724" />
      <trkpt lat="52.840417140247" lon="13.618111610413" />
      <trkpt lat="52.840418760401" lon="13.617808520794" />
      <trkpt lat="52.840436582087" lon="13.617669045925" />
      <trkpt lat="52.840465744831" lon="13.617481291294" />
      <trkpt lat="52.840491667254" lon="13.617280125618" />
      <trkpt lat="52.840503008309" lon="13.616985082626" />
      <trkpt lat="52.840515969511" lon="13.616494238377" />
      <trkpt lat="52.84052731056" lon="13.61618578434" />
      <trkpt lat="52.840540271755" lon="13.61569494009" />
      <trkpt lat="52.840548372499" lon="13.615214824677" />
      <trkpt lat="52.84057591502" lon="13.614938557148" />
      <trkpt lat="52.840587256053" lon="13.614761531353" />
      <trkpt lat="52.840587256053" lon="13.614600598812" />
      <trkpt lat="52.840587256053" lon="13.614302873611" />
      <trkpt lat="52.840582395611" lon="13.613983690739" />
      <trkpt lat="52.840574294873" lon="13.613785207272" />
      <trkpt lat="52.840567814281" lon="13.613554537296" />
      <trkpt lat="52.840556473243" lon="13.613334596157" />
      <trkpt lat="52.840551612797" lon="13.613034188747" />
      <trkpt lat="52.84055971354" lon="13.612715005875" />
      <trkpt lat="52.840577535168" lon="13.612446784973" />
      <trkpt lat="52.840582395611" lon="13.612213432789" />
      <trkpt lat="52.840603457524" lon="13.61204713583" />
      <trkpt lat="52.840624519427" lon="13.611845970154" />
      <trkpt lat="52.840661782768" lon="13.611634075642" />
      <trkpt lat="52.840703906507" lon="13.611422181129" />
      <trkpt lat="52.840720107934" lon="13.611317574978" />
      <trkpt lat="52.840747650346" lon="13.611207604408" />
      <trkpt lat="52.840789774001" lon="13.611057400703" />
      <trkpt lat="52.840831897616" lon="13.610925972462" />
      <trkpt lat="52.840898323233" lon="13.610807955265" />
      <trkpt lat="52.840933966205" lon="13.610748946667" />
      <trkpt lat="52.840964748748" lon="13.610719442368" />
      <trkpt lat="52.840997151401" lon="13.610641658306" />
      <trkpt lat="52.841008492324" lon="13.610579967499" />
      <trkpt lat="52.841003631929" lon="13.610499501228" />
      <trkpt lat="52.840972849414" lon="13.61033052206" />
      <trkpt lat="52.840922625262" lon="13.610064983368" />
      <trkpt lat="52.840896703097" lon="13.609898686409" />
      <trkpt lat="52.840846478858" lon="13.609659969807" />
      <trkpt lat="52.840776812881" lon="13.609305918217" />
      <trkpt lat="52.840712007221" lon="13.60902428627" />
      <trkpt lat="52.840619658989" lon="13.608638048172" />
      <trkpt lat="52.840514349361" lon="13.608198165894" />
      <trkpt lat="52.840363675142" lon="13.607669770718" />
      <trkpt lat="52.840225961689" lon="13.607208430767" />
      <trkpt lat="52.840115790612" lon="13.606830239296" />
      <trkpt lat="52.840002378917" lon="13.606417179108" />
      <trkpt lat="52.839882486232" lon="13.605979979038" />
      <trkpt lat="52.839773934462" lon="13.60562056303" />
      <trkpt lat="52.839624877857" lon="13.605097532272" />
      <trkpt lat="52.839472580363" lon="13.60458791256" />
      <trkpt lat="52.839365647761" lon="13.604158759117" />
      <trkpt lat="52.839260335092" lon="13.60368937254" />
      <trkpt lat="52.839125858544" lon="13.603110015392" />
      <trkpt lat="52.839020545294" lon="13.602672815323" />
      <trkpt lat="52.838960597638" lon="13.602409958839" />
      <trkpt lat="52.838886068003" lon="13.602093458176" />
      <trkpt lat="52.838827740374" lon="13.601873517036" />
      <trkpt lat="52.838777513742" lon="13.60167235136" />
      <trkpt lat="52.838719185967" lon="13.601436316967" />
      <trkpt lat="52.838662478333" lon="13.601181507111" />
      <trkpt lat="52.838633314379" lon="13.601063489914" />
      <trkpt lat="52.838617112173" lon="13.600950837135" />
      <trkpt lat="52.83858956841" lon="13.600918650627" />
      <trkpt lat="52.838558784183" lon="13.600918650627" />
    </trkseg>
    <name>39-97</name>
  </trk>
  <trk>
    <trkseg>
      <trkpt lat="52.903168902879" lon="13.649281561375" />
      <trkpt lat="52.903172138502" lon="13.649235963821" />
      <trkpt lat="52.903303181032" lon="13.649262785912" />
      <trkpt lat="52.90324008653" lon="13.649571239948" />
      <trkpt lat="52.903128457571" lon="13.65005671978" />
      <trkpt lat="52.903227144057" lon="13.650096952915" />
      <trkpt lat="52.903278913927" lon="13.650129139423" />
      <trkpt lat="52.903453636782" lon="13.650480508804" />
      <trkpt lat="52.903599238622" lon="13.650802373886" />
      <trkpt lat="52.903691452869" lon="13.650890886784" />
      <trkpt lat="52.903762635661" lon="13.650952577591" />
      <trkpt lat="52.903955152173" lon="13.651113510132" />
      <trkpt lat="52.904414599889" lon="13.651738464832" />
      <trkpt lat="52.904670206015" lon="13.652172982693" />
      <trkpt lat="52.904911250917" lon="13.652602136135" />
      <trkpt lat="52.904954930052" lon="13.652814030647" />
      <trkpt lat="52.904987284937" lon="13.653039336205" />
      <trkpt lat="52.90498404945" lon="13.65340679884" />
      <trkpt lat="52.9050083156" lon="13.653594553471" />
      <trkpt lat="52.905030963995" lon="13.653752803802" />
      <trkpt lat="52.905076260749" lon="13.653962016106" />
      <trkpt lat="52.905116704239" lon="13.65414172411" />
      <trkpt lat="52.905139352577" lon="13.654316067696" />
      <trkpt lat="52.905155529954" lon="13.65457624197" />
      <trkpt lat="52.905166854114" lon="13.655118048191" />
      <trkpt lat="52.905128028409" lon="13.655590116978" />
      <trkpt lat="52.905173325061" lon="13.65601927042" />
      <trkpt lat="52.905246123153" lon="13.656231164932" />
      <trkpt lat="52.90532862751" lon="13.6564001441" />
      <trkpt lat="52.905472605324" lon="13.656649589539" />
      <trkpt lat="52.90551951934" lon="13.656724691391" />
      <trkpt lat="52.905593934571" lon="13.656831979752" />
      <trkpt lat="52.905813944073" lon="13.657046556473" />
      <trkpt lat="52.906027481638" lon="13.657255768776" />
      <trkpt lat="52.906137485428" lon="13.657397925854" />
      <trkpt lat="52.906160133232" lon="13.657483756542" />
      <trkpt lat="52.906168221731" lon="13.65757226944" />
      <trkpt lat="52.906155280132" lon="13.65762591362" />
      <trkpt lat="52.906132632325" lon="13.657722473145" />
      <trkpt lat="52.906009686881" lon="13.657947778702" />
      <trkpt lat="52.905841445182" lon="13.658178448677" />
      <trkpt lat="52.905443486254" lon="13.658709526062" />
      <trkpt lat="52.905168471851" lon="13.659170866013" />
      <trkpt lat="52.904883749218" lon="13.659766316414" />
      <trkpt lat="52.904689619077" lon="13.660152554512" />
      <trkpt lat="52.904440484122" lon="13.66051197052" />
      <trkpt lat="52.9043110628" lon="13.660683631897" />
      <trkpt lat="52.90403280565" lon="13.660962581635" />
      <trkpt lat="52.903651008048" lon="13.661381006241" />
      <trkpt lat="52.90345040118" lon="13.661649227142" />
      <trkpt lat="52.903223908438" lon="13.661922812462" />
      <trkpt lat="52.902994178876" lon="13.662378787994" />
      <trkpt lat="52.902583251129" lon="13.663306832314" />
      <trkpt lat="52.902518537742" lon="13.663435578346" />
      <trkpt lat="52.902431174518" lon="13.663950562477" />
      <trkpt lat="52.902220854921" lon="13.664948344231" />
      <trkpt lat="52.902152905294" lon="13.66519510746" />
      <trkpt lat="52.901615775925" lon="13.666825890541" />
      <trkpt lat="52.901586654263" lon="13.66704583168" />
      <trkpt lat="52.901418395388" lon="13.668483495712" />
      <trkpt lat="52.901256607392" lon="13.669910430908" />
      <trkpt lat="52.901360151779" lon="13.670854568481" />
      <trkpt lat="52.90149928916" lon="13.672163486481" />
      <trkpt lat="52.901690197862" lon="13.672989606857" />
      <trkpt lat="52.901868162844" lon="13.673815727234" />
      <trkpt lat="52.902139962496" lon="13.674598932266" />
      <trkpt lat="52.902259683231" lon="13.675446510315" />
      <trkpt lat="52.902262918922" lon="13.675709366798" />
      <trkpt lat="52.902272625993" lon="13.676208257675" />
      <trkpt lat="52.902279097373" lon="13.676723241806" />
      <trkpt lat="52.902295275818" lon="13.677179217339" />
      <trkpt lat="52.902337339747" lon="13.677780032158" />
      <trkpt lat="52.902392346361" lon="13.678214550018" />
      <trkpt lat="52.902505595054" lon="13.678938746452" />
      <trkpt lat="52.902725620238" lon="13.680338859558" />
      <trkpt lat="52.903198023478" lon="13.681637048721" />
      <trkpt lat="52.90354423354" lon="13.682731389999" />
      <trkpt lat="52.90371248416" lon="13.683621883392" />
      <trkpt lat="52.903867791845" lon="13.684490919113" />
      <trkpt lat="52.904026334533" lon="13.685617446899" />
      <trkpt lat="52.904107223435" lon="13.686604499817" />
      <trkpt lat="52.904233409822" lon="13.687511086464" />
      <trkpt lat="52.904647557432" lon="13.689211606979" />
      <trkpt lat="52.904932281617" lon="13.689635396004" />
      <trkpt lat="52.905068172046" lon="13.689919710159" />
      <trkpt lat="52.905420838075" lon="13.690778017044" />
      <trkpt lat="52.905682909137" lon="13.691309094429" />
      <trkpt lat="52.90606792424" lon="13.692119121552" />
      <trkpt lat="52.906226458877" lon="13.692575097084" />
      <trkpt lat="52.906588821582" lon="13.693685531616" />
      <trkpt lat="52.906841179532" lon="13.694404363632" />
      <trkpt lat="52.907290890697" lon="13.695289492607" />
      <trkpt lat="52.907552950446" lon="13.695911765099" />
      <trkpt lat="52.90776647944" lon="13.696743249893" />
      <trkpt lat="52.908031771572" lon="13.69756937027" />
      <trkpt lat="52.90825823918" lon="13.697966337204" />
      <trkpt lat="52.908704700425" lon="13.698819279671" />
      <trkpt lat="52.908743522925" lon="13.698883652687" />
      <trkpt lat="52.909196449515" lon="13.699543476105" />
      <trkpt lat="52.909264388095" lon="13.699704408646" />
      <trkpt lat="52.909613784824" lon="13.700433969498" />
      <trkpt lat="52.909762601093" lon="13.7012976408" />
      <trkpt lat="52.909820833407" lon="13.701533675194" />
      <trkpt lat="52.910018175667" lon="13.702247142792" />
      <trkpt lat="52.910121699116" lon="13.702595829964" />
      <trkpt lat="52.910221987222" lon="13.702912330627" />
      <trkpt lat="52.910312569827" lon="13.703234195709" />
      <trkpt lat="52.910435503059" lon="13.70369553566" />
    </trkseg>
    <name>41-98</name>
  </trk>
  <trk>
    <trkseg>
      <trkpt lat="52.607007443054" lon="13.6018922925" />
      <trkpt lat="52.60693903137" lon="13.601905703545" />
      <trkpt lat="52.606908083192" lon="13.601846694946" />
      <trkpt lat="52.606851887761" lon="13.601735383272" />
      <trkpt lat="52.60680709425" lon="13.60163345933" />
      <trkpt lat="52.606649909384" lon="13.601327687502" />
      <trkpt lat="52.606488651785" lon="13.600981682539" />
      <trkpt lat="52.60626956854" lon="13.60057130456" />
      <trkpt lat="52.606137629403" lon="13.600305765867" />
      <trkpt lat="52.606035009799" lon="13.600099235773" />
      <trkpt lat="52.605939719952" lon="13.599851131439" />
      <trkpt lat="52.605772758609" lon="13.599432706833" />
      <trkpt lat="52.605653034717" lon="13.599139004946" />
      <trkpt lat="52.605542269464" lon="13.598901629448" />
      <trkpt lat="52.605380193333" lon="13.598535507917" />
      <trkpt lat="52.605248251516" lon="13.598198890686" />
      <trkpt lat="52.605150516581" lon="13.597995042801" />
      <trkpt lat="52.605047894664" lon="13.597705364227" />
      <trkpt lat="52.604969706376" lon="13.597463965416" />
      <trkpt lat="52.604797854544" lon="13.596985191107" />
      <trkpt lat="52.604722923676" lon="13.596778661013" />
      <trkpt lat="52.604589350941" lon="13.596361577511" />
      <trkpt lat="52.604477768527" lon="13.596070557833" />
      <trkpt lat="52.604352339781" lon="13.595857322216" />
      <trkpt lat="52.604253788371" lon="13.595692366362" />
      <trkpt lat="52.604123472117" lon="13.595508635044" />
      <trkpt lat="52.603959761773" lon="13.595281988382" />
      <trkpt lat="52.603777317684" lon="13.595036566257" />
      <trkpt lat="52.603611977072" lon="13.59479919076" />
      <trkpt lat="52.603480844419" lon="13.594602048397" />
      <trkpt lat="52.603370888165" lon="13.594431728125" />
      <trkpt lat="52.603231609846" lon="13.594229221344" />
      <trkpt lat="52.603080928126" lon="13.594013303518" />
      <trkpt lat="52.602922915387" lon="13.593786656857" />
      <trkpt lat="52.602808885221" lon="13.593629747629" />
      <trkpt lat="52.602671234125" lon="13.593432605267" />
      <trkpt lat="52.602521364985" lon="13.593223392963" />
      <trkpt lat="52.602314479568" lon="13.592927008867" />
      <trkpt lat="52.602145875375" lon="13.59267488122" />
      <trkpt lat="52.602005778645" lon="13.592477738857" />
      <trkpt lat="52.601857536267" lon="13.592263162136" />
      <trkpt lat="52.601734543584" lon="13.592084795237" />
      <trkpt lat="52.601606663408" lon="13.591903746128" />
      <trkpt lat="52.601497516976" lon="13.591753542423" />
      <trkpt lat="52.601348458349" lon="13.591553717852" />
      <trkpt lat="52.601245827524" lon="13.591390103102" />
      <trkpt lat="52.601125276724" lon="13.591225147247" />
      <trkpt lat="52.601027532589" lon="13.591078966856" />
      <trkpt lat="52.600876843286" lon="13.590861707926" />
      <trkpt lat="52.600725338924" lon="13.590639084578" />
      <trkpt lat="52.60058523765" lon="13.590435236692" />
      <trkpt lat="52.600445950474" lon="13.590236753225" />
      <trkpt lat="52.600325397473" lon="13.590077161789" />
      <trkpt lat="52.600241498905" lon="13.589967191219" />
      <trkpt lat="52.600148640108" lon="13.58983039856" />
      <trkpt lat="52.600035417274" lon="13.589669466019" />
      <trkpt lat="52.599927896038" lon="13.589523285627" />
      <trkpt lat="52.599823632769" lon="13.589373081923" />
      <trkpt lat="52.599664793719" lon="13.589159846306" />
      <trkpt lat="52.599503510402" lon="13.588930517435" />
      <trkpt lat="52.599381325675" lon="13.588758856058" />
      <trkpt lat="52.599252624061" lon="13.588579148054" />
      <trkpt lat="52.599084008083" lon="13.58835786581" />
      <trkpt lat="52.598956934743" lon="13.588188886642" />
      <trkpt lat="52.598858371194" lon="13.588049411774" />
      <trkpt lat="52.598689753699" lon="13.587805330753" />
      <trkpt lat="52.598544758425" lon="13.587589412928" />
      <trkpt lat="52.598400577256" lon="13.587394952774" />
      <trkpt lat="52.59827676028" lon="13.58721524477" />
      <trkpt lat="52.598152128366" lon="13.587044924498" />
      <trkpt lat="52.598029125279" lon="13.58687594533" />
      <trkpt lat="52.597913453186" lon="13.586721718311" />
      <trkpt lat="52.597783118069" lon="13.586544692516" />
      <trkpt lat="52.597637305196" lon="13.586344867945" />
      <trkpt lat="52.59752326127" lon="13.586209416389" />
      <trkpt lat="52.59746298079" lon="13.586128950119" />
      <trkpt lat="52.597443430346" lon="13.586087375879" />
      <trkpt lat="52.597432840518" lon="13.586052507162" />
      <trkpt lat="52.597424694495" lon="13.586017638445" />
      <trkpt lat="52.597431211314" lon="13.585949242115" />
      <trkpt lat="52.597453205569" lon="13.585886210203" />
      <trkpt lat="52.597488233434" lon="13.585805743933" />
      <trkpt lat="52.597577839472" lon="13.585619330406" />
      <trkpt lat="52.597671518316" lon="13.585415482521" />
      <trkpt lat="52.597753792614" lon="13.585237115622" />
      <trkpt lat="52.597873538098" lon="13.584975600243" />
      <trkpt lat="52.598041344144" lon="13.584604114294" />
      <trkpt lat="52.598142353299" lon="13.584384173155" />
      <trkpt lat="52.598245805982" lon="13.584161549807" />
      <trkpt lat="52.598329708372" lon="13.58397513628" />
      <trkpt lat="52.598429087695" lon="13.583755195141" />
      <trkpt lat="52.598532539701" lon="13.583539277315" />
      <trkpt lat="52.598627845663" lon="13.583317995071" />
      <trkpt lat="52.598744330447" lon="13.583072572947" />
      <trkpt lat="52.598877106431" lon="13.582782894373" />
      <trkpt lat="52.598991146833" lon="13.582550883293" />
      <trkpt lat="52.599132882346" lon="13.582234382629" />
      <trkpt lat="52.599263213449" lon="13.581954091787" />
      <trkpt lat="52.599396802426" lon="13.581659048796" />
      <trkpt lat="52.599515728855" lon="13.581406921148" />
      <trkpt lat="52.599678641249" lon="13.581048846245" />
      <trkpt lat="52.599796752355" lon="13.58081817627" />
      <trkpt lat="52.599956405482" lon="13.580470830202" />
      <trkpt lat="52.600051708347" lon="13.580281734467" />
      <trkpt lat="52.600197513184" lon="13.579951822758" />
      <trkpt lat="52.600340059342" lon="13.57964605093" />
      <trkpt lat="52.60051600139" lon="13.579289317131" />
      <trkpt lat="52.600713935349" lon="13.578876256943" />
      <trkpt lat="52.600796203933" lon="13.578688502312" />
      <trkpt lat="52.600913497489" lon="13.578436374664" />
      <trkpt lat="52.601117131388" lon="13.578047454357" />
      <trkpt lat="52.601224649705" lon="13.577819466591" />
      <trkpt lat="52.601356603642" lon="13.57754856348" />
      <trkpt lat="52.601460863262" lon="13.577350080013" />
      <trkpt lat="52.601527654451" lon="13.577269613743" />
      <trkpt lat="52.601591187438" lon="13.577210605145" />
      <trkpt lat="52.601661236523" lon="13.577154278755" />
      <trkpt lat="52.60173291454" lon="13.577124774456" />
      <trkpt lat="52.60182902806" lon="13.577089905739" />
      <trkpt lat="52.602052206099" lon="13.577022850513" />
      <trkpt lat="52.602241173477" lon="13.576982617378" />
      <trkpt lat="52.602423623964" lon="13.576918244362" />
      <trkpt lat="52.602493671718" lon="13.576829731464" />
      <trkpt lat="52.602527881045" lon="13.576671481133" />
      <trkpt lat="52.602558832318" lon="13.576424717903" />
      <trkpt lat="52.602589783569" lon="13.576196730137" />
      <trkpt lat="52.602614218752" lon="13.576030433178" />
      <trkpt lat="52.602632137877" lon="13.575882911682" />
      <trkpt lat="52.602628879855" lon="13.575791716576" />
      <trkpt lat="52.602573493439" lon="13.575662970543" />
      <trkpt lat="52.602558832318" lon="13.57550740242" />
      <trkpt lat="52.602565348372" lon="13.575249910355" />
      <trkpt lat="52.602580009492" lon="13.575091660023" />
      <trkpt lat="52.60260444468" lon="13.574823439121" />
      <trkpt lat="52.602609331716" lon="13.57471883297" />
      <trkpt lat="52.602477381553" lon="13.574702739716" />
      <trkpt lat="52.602348689035" lon="13.574697375298" />
      <trkpt lat="52.602156464063" lon="13.574694693089" />
      <trkpt lat="52.601975641499" lon="13.574673235416" />
      <trkpt lat="52.601796447229" lon="13.574464023113" />
      <trkpt lat="52.601667752711" lon="13.574305772781" />
      <trkpt lat="52.601420136878" lon="13.5739839077" />
      <trkpt lat="52.601071517477" lon="13.573527932167" />
      <trkpt lat="52.600892319509" lon="13.57330262661" />
      <trkpt lat="52.600783171297" lon="13.573155105114" />
      <trkpt lat="52.60070823356" lon="13.573042452335" />
      <trkpt lat="52.600649586547" lon="13.5730022192" />
      <trkpt lat="52.600563244968" lon="13.573020994663" />
      <trkpt lat="52.600520888659" lon="13.573082685471" />
      <trkpt lat="52.600400335864" lon="13.573266416788" />
      <trkpt lat="52.600299331916" lon="13.573420643806" />
      <trkpt lat="52.600164116588" lon="13.573582917452" />
      <trkpt lat="52.600069628521" lon="13.573594987392" />
      <trkpt lat="52.600058224775" lon="13.573435395956" />
      <trkpt lat="52.600017497086" lon="13.573254346848" />
      <trkpt lat="52.59995151815" lon="13.573035746813" />
      <trkpt lat="52.599885539115" lon="13.572818487883" />
      <trkpt lat="52.599810599843" lon="13.572573065758" />
      <trkpt lat="52.599729143968" lon="13.572322279215" />
      <trkpt lat="52.599668051962" lon="13.572135865688" />
      <trkpt lat="52.59966642284" lon="13.572047352791" />
      <trkpt lat="52.59963302584" lon="13.571918606758" />
      <trkpt lat="52.599461967633" lon="13.571375459433" />
      <trkpt lat="52.599316974915" lon="13.570920825005" />
      <trkpt lat="52.599234703553" lon="13.570671379566" />
      <trkpt lat="52.599164650588" lon="13.570462167263" />
      <trkpt lat="52.599107630651" lon="13.570278435946" />
      <trkpt lat="52.599059570931" lon="13.570138961077" />
      <trkpt lat="52.599016398596" lon="13.570000827312" />
      <trkpt lat="52.598983815673" lon="13.569876104593" />
      <trkpt lat="52.598921908053" lon="13.569615930319" />
      <trkpt lat="52.598851040012" lon="13.569430857897" />
      <trkpt lat="52.598761436578" lon="13.569322228432" />
      <trkpt lat="52.598635991462" lon="13.569193482399" />
      <trkpt lat="52.598539056354" lon="13.569106310606" />
      <trkpt lat="52.59848447935" lon="13.569059371948" />
      <trkpt lat="52.598314231244" lon="13.568968176842" />
      <trkpt lat="52.598145611655" lon="13.568901121616" />
      <trkpt lat="52.597891459163" lon="13.568819314241" />
      <trkpt lat="52.597680478891" lon="13.568750917912" />
      <trkpt lat="52.597382335152" lon="13.568651676178" />
      <trkpt lat="52.597177869284" lon="13.568591326475" />
      <trkpt lat="52.597015762201" lon="13.568528294563" />
      <trkpt lat="52.596891126699" lon="13.568480014801" />
      <trkpt lat="52.596570168284" lon="13.568325787783" />
      <trkpt lat="52.596376288711" lon="13.568222522736" />
      <trkpt lat="52.596210105537" lon="13.568119257689" />
      <trkpt lat="52.596028443797" lon="13.568007946014" />
      <trkpt lat="52.595827230139" lon="13.567860424519" />
      <trkpt lat="52.595640678999" lon="13.567723631859" />
      <trkpt lat="52.595399546218" lon="13.567492961884" />
      <trkpt lat="52.595273276833" lon="13.567392379045" />
      <trkpt lat="52.595119309155" lon="13.567254245281" />
      <trkpt lat="52.594946604027" lon="13.567082583904" />
      <trkpt lat="52.594817074733" lon="13.566948473454" />
      <trkpt lat="52.594705467425" lon="13.566829115152" />
      <trkpt lat="52.594531946009" lon="13.566649407148" />
      <trkpt lat="52.594391824927" lon="13.566503226757" />
      <trkpt lat="52.594218302269" lon="13.566327542067" />
      <trkpt lat="52.594003230978" lon="13.566129058599" />
      <trkpt lat="52.593792231981" lon="13.5659506917" />
      <trkpt lat="52.593683066079" lon="13.565864861012" />
      <trkpt lat="52.593538868909" lon="13.565742820501" />
      <trkpt lat="52.593362084161" lon="13.565615415573" />
      <trkpt lat="52.593261063985" lon="13.565540313721" />
      <trkpt lat="52.593120938839" lon="13.565442413092" />
      <trkpt lat="52.592971037024" lon="13.565344512463" />
      <trkpt lat="52.592790176543" lon="13.565235882998" />
      <trkpt lat="52.592648420509" lon="13.565155416727" />
      <trkpt lat="52.592539251756" lon="13.565092384815" />
      <trkpt lat="52.592391792039" lon="13.565011918545" />
      <trkpt lat="52.592223149655" lon="13.564931452274" />
      <trkpt lat="52.592035768466" lon="13.564850986004" />
      <trkpt lat="52.591883418823" lon="13.564790636301" />
      <trkpt lat="52.591762027551" lon="13.564749062061" />
      <trkpt lat="52.591549388339" lon="13.564682006836" />
      <trkpt lat="52.59141740486" lon="13.564639091492" />
      <trkpt lat="52.591213725872" lon="13.564585447311" />
      <trkpt lat="52.591098850506" lon="13.564558625221" />
      <trkpt lat="52.590895170037" lon="13.564513027668" />
      <trkpt lat="52.590708597898" lon="13.564484864473" />
      <trkpt lat="52.590579870805" lon="13.56446608901" />
      <trkpt lat="52.590372114257" lon="13.564441949129" />
      <trkpt lat="52.590081253436" lon="13.564429879189" />
      <trkpt lat="52.589873494524" lon="13.564431220293" />
      <trkpt lat="52.589696694988" lon="13.564437925816" />
      <trkpt lat="52.589504414498" lon="13.564452677965" />
      <trkpt lat="52.589300726619" lon="13.564467430115" />
      <trkpt lat="52.589064447493" lon="13.564511686563" />
      <trkpt lat="52.588886829932" lon="13.564546555281" />
      <trkpt lat="52.588645659981" lon="13.564606904984" />
      <trkpt lat="52.588485965634" lon="13.564661890268" />
      <trkpt lat="52.588278199159" lon="13.564723581076" />
      <trkpt lat="52.588080209013" lon="13.564805388451" />
      <trkpt lat="52.587949029864" lon="13.564852327108" />
      <trkpt lat="52.587770593" lon="13.564931452274" />
      <trkpt lat="52.587586451913" lon="13.565014600754" />
      <trkpt lat="52.587424309342" lon="13.565097749233" />
      <trkpt lat="52.58720105678" lon="13.565211743116" />
      <trkpt lat="52.587069060205" lon="13.565274775028" />
      <trkpt lat="52.586853953823" lon="13.565387427807" />
      <trkpt lat="52.586663290466" lon="13.565488010645" />
      <trkpt lat="52.586485663173" lon="13.565565794706" />
      <trkpt lat="52.586296627832" lon="13.56566503644" />
      <trkpt lat="52.586112480552" lon="13.565757572651" />
      <trkpt lat="52.585998406627" lon="13.565805852413" />
      <trkpt lat="52.585825665548" lon="13.565880954266" />
      <trkpt lat="52.585704257495" lon="13.565933257341" />
      <trkpt lat="52.58553233008" lon="13.566020429134" />
      <trkpt lat="52.585283808216" lon="13.566146492958" />
      <trkpt lat="52.585102101175" lon="13.56623634696" />
      <trkpt lat="52.584922023051" lon="13.566316813231" />
      <trkpt lat="52.584772908025" lon="13.566397279501" />
      <trkpt lat="52.584552901324" lon="13.566503226757" />
      <trkpt lat="52.584393192064" lon="13.566579669714" />
      <trkpt lat="52.584280743358" lon="13.566633313894" />
      <trkpt lat="52.584058289634" lon="13.566748648882" />
      <trkpt lat="52.583986582698" lon="13.566784858704" />
      <trkpt lat="52.583820352533" lon="13.566873371601" />
      <trkpt lat="52.583659010887" lon="13.566945791245" />
      <trkpt lat="52.583513151009" lon="13.567022234201" />
      <trkpt lat="52.583435739144" lon="13.567063808441" />
      <trkpt lat="52.583382773053" lon="13.567047715187" />
      <trkpt lat="52.583335510949" lon="13.566996753216" />
      <trkpt lat="52.583298842039" lon="13.566957861185" />
      <trkpt lat="52.583251579844" lon="13.566884100437" />
      <trkpt lat="52.583227948728" lon="13.566806316376" />
      <trkpt lat="52.583231208193" lon="13.566723167896" />
      <trkpt lat="52.583254839308" lon="13.56664404273" />
      <trkpt lat="52.583289878523" lon="13.566589057446" />
      <trkpt lat="52.583315954201" lon="13.566542118788" />
      <trkpt lat="52.583311065012" lon="13.566508591175" />
      <trkpt lat="52.58328010014" lon="13.566444218159" />
      <trkpt lat="52.583082902284" lon="13.566677570343" />
    </trkseg>
    <name>44-47</name>
  </trk>
  <trk>
    <trkseg>
      <trkpt lat="52.684557830531" lon="13.475586758588" />
      <trkpt lat="52.684447918496" lon="13.475559876562" />
      <trkpt lat="52.684125975917" lon="13.475436494947" />
      <trkpt lat="52.683979250663" lon="13.475396345389" />
      <trkpt lat="52.683443309903" lon="13.475280054001" />
      <trkpt lat="52.683119824226" lon="13.475197507773" />
      <trkpt lat="52.682866725963" lon="13.475143727365" />
      <trkpt lat="52.682642333867" lon="13.475095447603" />
      <trkpt lat="52.682437453121" lon="13.475052532259" />
      <trkpt lat="52.682344984621" lon="13.47510781989" />
      <trkpt lat="52.682159615107" lon="13.475231201505" />
      <trkpt lat="52.681951479977" lon="13.475376040792" />
      <trkpt lat="52.681714074634" lon="13.475553066587" />
      <trkpt lat="52.681422525875" lon="13.475759957727" />
      <trkpt lat="52.68117210895" lon="13.475953076776" />
      <trkpt lat="52.68094569174" lon="13.476136450532" />
      <trkpt lat="52.680809099377" lon="13.476243738893" />
      <trkpt lat="52.680718037564" lon="13.476302747491" />
      <trkpt lat="52.680561931158" lon="13.476388578179" />
      <trkpt lat="52.680419996951" lon="13.476435316095" />
      <trkpt lat="52.680345195524" lon="13.476440680513" />
      <trkpt lat="52.680254132744" lon="13.476456773767" />
      <trkpt lat="52.680146808509" lon="13.476488960275" />
      <trkpt lat="52.679961248672" lon="13.476572041566" />
      <trkpt lat="52.679775869041" lon="13.476684694344" />
      <trkpt lat="52.67964252531" lon="13.476770525033" />
      <trkpt lat="52.679531947274" lon="13.476867084557" />
      <trkpt lat="52.679453526159" lon="13.47690753926" />
      <trkpt lat="52.679342947644" lon="13.47696118344" />
      <trkpt lat="52.679229116527" lon="13.477036285293" />
      <trkpt lat="52.679052402969" lon="13.477172441081" />
      <trkpt lat="52.67891255234" lon="13.477279729442" />
      <trkpt lat="52.678779205974" lon="13.477370924548" />
      <trkpt lat="52.678593821326" lon="13.477505034999" />
      <trkpt lat="52.678340135795" lon="13.477655238704" />
      <trkpt lat="52.678141739674" lon="13.477783984737" />
      <trkpt lat="52.677994197218" lon="13.477877618978" />
      <trkpt lat="52.677845475612" lon="13.477965166942" />
      <trkpt lat="52.677718630857" lon="13.478056362048" />
      <trkpt lat="52.677552756392" lon="13.478174379245" />
      <trkpt lat="52.677466566471" lon="13.478233387843" />
      <trkpt lat="52.677380911975" lon="13.478292925509" />
      <trkpt lat="52.677276833148" lon="13.478362662943" />
      <trkpt lat="52.677204438639" lon="13.478400241204" />
      <trkpt lat="52.677143649257" lon="13.478435692751" />
      <trkpt lat="52.677065589737" lon="13.478483972513" />
      <trkpt lat="52.677002166273" lon="13.478521523439" />
      <trkpt lat="52.676933863979" lon="13.478559074365" />
      <trkpt lat="52.67686230908" lon="13.478601989709" />
      <trkpt lat="52.676763107776" lon="13.478669044935" />
      <trkpt lat="52.676661829097" lon="13.47874085759" />
      <trkpt lat="52.676589594018" lon="13.478798493134" />
      <trkpt lat="52.676446482975" lon="13.478919192539" />
      <trkpt lat="52.676292250952" lon="13.479052898476" />
      <trkpt lat="52.676131249899" lon="13.479192373345" />
      <trkpt lat="52.676015223072" lon="13.47927716869" />
      <trkpt lat="52.675868857575" lon="13.479403232514" />
      <trkpt lat="52.675740092992" lon="13.479502833838" />
      <trkpt lat="52.675489643489" lon="13.479709363932" />
      <trkpt lat="52.675339795738" lon="13.479839254593" />
      <trkpt lat="52.67520987914" lon="13.479945906152" />
      <trkpt lat="52.675074203376" lon="13.480056911849" />
      <trkpt lat="52.674866034483" lon="13.480225891017" />
      <trkpt lat="52.674704142546" lon="13.480350482329" />
      <trkpt lat="52.674535003963" lon="13.48048459278" />
      <trkpt lat="52.674425944209" lon="13.480584639353" />
      <trkpt lat="52.674245717778" lon="13.480738310175" />
      <trkpt lat="52.674020943569" lon="13.480940564262" />
      <trkpt lat="52.673773429685" lon="13.481154237278" />
      <trkpt lat="52.673556157972" lon="13.481360153614" />
      <trkpt lat="52.673333394798" lon="13.481564971595" />
      <trkpt lat="52.673161987657" lon="13.481723315669" />
      <trkpt lat="52.672983084744" lon="13.481870837164" />
      <trkpt lat="52.67282580235" lon="13.482012730635" />
      <trkpt lat="52.672689184595" lon="13.482128065623" />
      <trkpt lat="52.672625453777" lon="13.482181754435" />
      <trkpt lat="52.672532454457" lon="13.482259081841" />
      <trkpt lat="52.672421318383" lon="13.482371692722" />
      <trkpt lat="52.672302028489" lon="13.482482627594" />
      <trkpt lat="52.672050672881" lon="13.482718558984" />
      <trkpt lat="52.671842832759" lon="13.482911222824" />
      <trkpt lat="52.67170238449" lon="13.483043795378" />
      <trkpt lat="52.671573895452" lon="13.483168518098" />
      <trkpt lat="52.671492250117" lon="13.483238880103" />
      <trkpt lat="52.671247468865" lon="13.483474914496" />
      <trkpt lat="52.670947009218" lon="13.483753193599" />
      <trkpt lat="52.6705564949" lon="13.484083581007" />
      <trkpt lat="52.670245835394" lon="13.484358507431" />
      <trkpt lat="52.669895324242" lon="13.484672325886" />
      <trkpt lat="52.669716407953" lon="13.484829235113" />
      <trkpt lat="52.669465110656" lon="13.485073316133" />
      <trkpt lat="52.669603365011" lon="13.485483694113" />
      <trkpt lat="52.669814812003" lon="13.486122059858" />
      <trkpt lat="52.670091318063" lon="13.486905264891" />
      <trkpt lat="52.670369448865" lon="13.487677741087" />
      <trkpt lat="52.670658421645" lon="13.488488583873" />
      <trkpt lat="52.670964198812" lon="13.489346890758" />
      <trkpt lat="52.671180473573" lon="13.489990310534" />
      <trkpt lat="52.671365076455" lon="13.490516023501" />
      <trkpt lat="52.671538293429" lon="13.490989433392" />
      <trkpt lat="52.671765182228" lon="13.491665354805" />
      <trkpt lat="52.672065497099" lon="13.492579613016" />
      <trkpt lat="52.672812834192" lon="13.49485412626" />
      <trkpt lat="52.672944572376" lon="13.495239023254" />
      <trkpt lat="52.67305295584" lon="13.495657963045" />
      <trkpt lat="52.67311313226" lon="13.495931548365" />
      <trkpt lat="52.67322535293" lon="13.496559185274" />
      <trkpt lat="52.67333269417" lon="13.497264606245" />
      <trkpt lat="52.673353837111" lon="13.49763206888" />
      <trkpt lat="52.673374980041" lon="13.497994167097" />
      <trkpt lat="52.673396122961" lon="13.498412591703" />
      <trkpt lat="52.673422145003" lon="13.498675448187" />
      <trkpt lat="52.673454672533" lon="13.498946351297" />
      <trkpt lat="52.673466283957" lon="13.499075302412" />
    </trkseg>
    <name>6-9</name>
  </trk>
  <trk>
    <trkseg>
      <trkpt lat="52.678055477443" lon="13.589870631695" />
      <trkpt lat="52.678040841599" lon="13.589757978916" />
      <trkpt lat="52.677788779072" lon="13.589905500412" />
      <trkpt lat="52.677486302119" lon="13.590050339699" />
      <trkpt lat="52.677224478979" lon="13.590195178986" />
      <trkpt lat="52.676915493131" lon="13.590377569199" />
      <trkpt lat="52.676661797853" lon="13.590525090694" />
      <trkpt lat="52.676630898969" lon="13.590541183949" />
      <trkpt lat="52.676643909028" lon="13.590648472309" />
      <trkpt lat="52.676757746881" lon="13.591147363186" />
      <trkpt lat="52.676840685702" lon="13.591471910477" />
      <trkpt lat="52.676892725666" lon="13.591683804989" />
      <trkpt lat="52.676931755598" lon="13.591882288456" />
      <trkpt lat="52.676887846922" lon="13.591943979263" />
      <trkpt lat="52.676853695699" lon="13.591976165771" />
    </trkseg>
    <name>61-62</name>
  </trk>
  <trk>
    <trkseg>
      <trkpt lat="52.680865468639" lon="13.583537936211" />
      <trkpt lat="52.68081505951" lon="13.583664000034" />
      <trkpt lat="52.680774406944" lon="13.583819568157" />
      <trkpt lat="52.680704484442" lon="13.584047555923" />
      <trkpt lat="52.680652449019" lon="13.584211170673" />
      <trkpt lat="52.680593909094" lon="13.584364056587" />
      <trkpt lat="52.68049309015" lon="13.584634959698" />
      <trkpt lat="52.680281694835" lon="13.585190176964" />
      <trkpt lat="52.680164613913" lon="13.585520088673" />
      <trkpt lat="52.680120708486" lon="13.585619330406" />
      <trkpt lat="52.680042654286" lon="13.585549592972" />
      <trkpt lat="52.679948338607" lon="13.585474491119" />
      <trkpt lat="52.679854022724" lon="13.58539134264" />
      <trkpt lat="52.679723931517" lon="13.585235774517" />
      <trkpt lat="52.679548307774" lon="13.585050702095" />
      <trkpt lat="52.679411711041" lon="13.584916591644" />
      <trkpt lat="52.679291375469" lon="13.584801256657" />
      <trkpt lat="52.679136890128" lon="13.584643006325" />
      <trkpt lat="52.679094609835" lon="13.584597408772" />
      <trkpt lat="52.679060460337" lon="13.584583997726" />
      <trkpt lat="52.679026310812" lon="13.584578633308" />
      <trkpt lat="52.678938497626" lon="13.584581315517" />
      <trkpt lat="52.678865319836" lon="13.584618866444" />
      <trkpt lat="52.678790515747" lon="13.584659099579" />
      <trkpt lat="52.678634402451" lon="13.584777116776" />
      <trkpt lat="52.678401857654" lon="13.584943413734" />
      <trkpt lat="52.678162806816" lon="13.585107028484" />
      <trkpt lat="52.67792538088" lon="13.585270643234" />
      <trkpt lat="52.677702589616" lon="13.585455715656" />
      <trkpt lat="52.677611521326" lon="13.585520088673" />
      <trkpt lat="52.677491180796" lon="13.585616648197" />
      <trkpt lat="52.677294407052" lon="13.58577221632" />
      <trkpt lat="52.677221226508" lon="13.585817813873" />
      <trkpt lat="52.677383849773" lon="13.586654663086" />
      <trkpt lat="52.677552977326" lon="13.58735203743" />
      <trkpt lat="52.677696084744" lon="13.58806014061" />
      <trkpt lat="52.677839191693" lon="13.588628768921" />
      <trkpt lat="52.678001812658" lon="13.589401245117" />
      <trkpt lat="52.678040841599" lon="13.589851856232" />
    </trkseg>
    <name>62-63</name>
  </trk>
  <trk>
    <trkseg>
      <trkpt lat="52.682463895696" lon="13.579388558865" />
      <trkpt lat="52.682481782138" lon="13.579788208008" />
      <trkpt lat="52.682332186217" lon="13.580045700073" />
      <trkpt lat="52.682182589784" lon="13.58030050993" />
      <trkpt lat="52.681995593522" lon="13.580643832684" />
      <trkpt lat="52.681841117746" lon="13.581024706364" />
      <trkpt lat="52.681556555674" lon="13.581789135933" />
      <trkpt lat="52.681324026433" lon="13.582487851381" />
      <trkpt lat="52.681261422196" lon="13.582652807236" />
      <trkpt lat="52.681006126063" lon="13.583311289549" />
      <trkpt lat="52.680863842539" lon="13.583532571793" />
    </trkseg>
    <name>63-64</name>
  </trk>
  <trk>
    <trkseg>
      <trkpt lat="52.762951790191" lon="13.630731403828" />
      <trkpt lat="52.76290959107" lon="13.630634844303" />
      <trkpt lat="52.762719694521" lon="13.630653619766" />
      <trkpt lat="52.762505451266" lon="13.630683124065" />
      <trkpt lat="52.762193822831" lon="13.630766272545" />
      <trkpt lat="52.761999053927" lon="13.630798459053" />
      <trkpt lat="52.761711768204" lon="13.63083332777" />
      <trkpt lat="52.76155757452" lon="13.630870878696" />
      <trkpt lat="52.761362802771" lon="13.630886971951" />
      <trkpt lat="52.761250808621" lon="13.630852103233" />
      <trkpt lat="52.761109598194" lon="13.630774319172" />
      <trkpt lat="52.760898593256" lon="13.630629479885" />
      <trkpt lat="52.760775236049" lon="13.630522191525" />
      <trkpt lat="52.760538259383" lon="13.630318343639" />
      <trkpt lat="52.760346729353" lon="13.630165457726" />
      <trkpt lat="52.760197400272" lon="13.630034029484" />
      <trkpt lat="52.760022100262" lon="13.629916012287" />
      <trkpt lat="52.759887378478" lon="13.62985432148" />
      <trkpt lat="52.759777003694" lon="13.629816770554" />
      <trkpt lat="52.759561122794" lon="13.629784584045" />
      <trkpt lat="52.759402051972" lon="13.629808723927" />
      <trkpt lat="52.759272197809" lon="13.629800677299" />
      <trkpt lat="52.758934575174" lon="13.629747033119" />
      <trkpt lat="52.758717066898" lon="13.629733622074" />
      <trkpt lat="52.758447614841" lon="13.629714846611" />
      <trkpt lat="52.758217118384" lon="13.629693388939" />
      <trkpt lat="52.758004476206" lon="13.629688024521" />
      <trkpt lat="52.757730150029" lon="13.629674613476" />
      <trkpt lat="52.757489910302" lon="13.629666566849" />
      <trkpt lat="52.757251292505" lon="13.629612922668" />
      <trkpt lat="52.756952612603" lon="13.62958073616" />
      <trkpt lat="52.756632828047" lon="13.62950026989" />
      <trkpt lat="52.756249732797" lon="13.629339337349" />
      <trkpt lat="52.756179931181" lon="13.629285693169" />
      <trkpt lat="52.756131232313" lon="13.629224002361" />
      <trkpt lat="52.756090649881" lon="13.629138171673" />
      <trkpt lat="52.755947799421" lon="13.628759980202" />
      <trkpt lat="52.755842284576" lon="13.628440797329" />
      <trkpt lat="52.755688070111" lon="13.627917766571" />
      <trkpt lat="52.755514375271" lon="13.627544939518" />
      <trkpt lat="52.755381262869" lon="13.62723916769" />
      <trkpt lat="52.755267630009" lon="13.627011179924" />
      <trkpt lat="52.755131270185" lon="13.62677782774" />
      <trkpt lat="52.754959196465" lon="13.626354038715" />
      <trkpt lat="52.754824459021" lon="13.626085817814" />
      <trkpt lat="52.754538749327" lon="13.625568151474" />
      <trkpt lat="52.754326089191" lon="13.625155091286" />
      <trkpt lat="52.754144272068" lon="13.624814450741" />
      <trkpt lat="52.753879661863" lon="13.624334335327" />
      <trkpt lat="52.753759531547" lon="13.624111711979" />
      <trkpt lat="52.753553361177" lon="13.62375497818" />
      <trkpt lat="52.753477061659" lon="13.623631596565" />
      <trkpt lat="52.753313098413" lon="13.623323142529" />
      <trkpt lat="52.753157251588" lon="13.623028099537" />
      <trkpt lat="52.752978676414" lon="13.622706234455" />
      <trkpt lat="52.752856920195" lon="13.622467517853" />
      <trkpt lat="52.752657239258" lon="13.622092008591" />
      <trkpt lat="52.752532235279" lon="13.621842563152" />
      <trkpt lat="52.752282226244" lon="13.621389269829" />
      <trkpt lat="52.752188066626" lon="13.621198832989" />
      <trkpt lat="52.752111764717" lon="13.621062040329" />
      <trkpt lat="52.751999746778" lon="13.620890378952" />
      <trkpt lat="52.751877987822" lon="13.620710670948" />
      <trkpt lat="52.751762722364" lon="13.62054169178" />
      <trkpt lat="52.751707524713" lon="13.62046122551" />
      <trkpt lat="52.75157764761" lon="13.620235919952" />
      <trkpt lat="52.751515955851" lon="13.620109856129" />
      <trkpt lat="52.75144777012" lon="13.619935512543" />
      <trkpt lat="52.751408806798" lon="13.619771897793" />
      <trkpt lat="52.751371466915" lon="13.619576096535" />
      <trkpt lat="52.751334126999" lon="13.619436621666" />
      <trkpt lat="52.751278928805" lon="13.619313240051" />
      <trkpt lat="52.751217236623" lon="13.619211316109" />
      <trkpt lat="52.751155544353" lon="13.619136214256" />
      <trkpt lat="52.751108463351" lon="13.619081228971" />
      <trkpt lat="52.750968843531" lon="13.61890822649" />
      <trkpt lat="52.750834905492" lon="13.618780821562" />
      <trkpt lat="52.750693661295" lon="13.618657439947" />
      <trkpt lat="52.750433088903" lon="13.618472367525" />
      <trkpt lat="52.750265867171" lon="13.618339598179" />
      <trkpt lat="52.750074291969" lon="13.6182269454" />
      <trkpt lat="52.749924927669" lon="13.618092834949" />
      <trkpt lat="52.749867292394" lon="13.618020415306" />
      <trkpt lat="52.749821021767" lon="13.617973476648" />
      <trkpt lat="52.749769068722" lon="13.617923855782" />
      <trkpt lat="52.749717115616" lon="13.617874234915" />
      <trkpt lat="52.749636750533" lon="13.617828637362" />
      <trkpt lat="52.749515796745" lon="13.617720007896" />
      <trkpt lat="52.749335583096" lon="13.61747995019" />
      <trkpt lat="52.749165921816" lon="13.617217093706" />
      <trkpt lat="52.749032790015" lon="13.617044091225" />
      <trkpt lat="52.748915893464" lon="13.616889864206" />
      <trkpt lat="52.748777890187" lon="13.616700768471" />
      <trkpt lat="52.748656122227" lon="13.616504967213" />
      <trkpt lat="52.748521365288" lon="13.616310507059" />
      <trkpt lat="52.748420703206" lon="13.616112023592" />
      <trkpt lat="52.748312734747" lon="13.615936338902" />
      <trkpt lat="52.748236426051" lon="13.615811616182" />
      <trkpt lat="52.748137386905" lon="13.615676164627" />
      <trkpt lat="52.748013993556" lon="13.615481704473" />
      <trkpt lat="52.747747722507" lon="13.615170568228" />
      <trkpt lat="52.747688460741" lon="13.615151792765" />
      <trkpt lat="52.747566689737" lon="13.615127652884" />
      <trkpt lat="52.747457907352" lon="13.615071326494" />
      <trkpt lat="52.747294733264" lon="13.615064620972" />
      <trkpt lat="52.747159160299" lon="13.615024387836" />
      <trkpt lat="52.747015468732" lon="13.614962697029" />
      <trkpt lat="52.746886389463" lon="13.614915758371" />
      <trkpt lat="52.746573025621" lon="13.614761531353" />
      <trkpt lat="52.746447192356" lon="13.614705204964" />
      <trkpt lat="52.74632379422" lon="13.614683747292" />
      <trkpt lat="52.746153309379" lon="13.614670336246" />
      <trkpt lat="52.746017732863" lon="13.614618033171" />
      <trkpt lat="52.745948726689" lon="13.614587187767" />
      <trkpt lat="52.745843187625" lon="13.614580482244" />
      <trkpt lat="52.745631296884" lon="13.614565730095" />
      <trkpt lat="52.745326854362" lon="13.614569753408" />
      <trkpt lat="52.744997242193" lon="13.614643514156" />
      <trkpt lat="52.744710656188" lon="13.614686429501" />
      <trkpt lat="52.744594559904" lon="13.614690452814" />
      <trkpt lat="52.744467097195" lon="13.6147159338" />
      <trkpt lat="52.744307971251" lon="13.614762872458" />
      <trkpt lat="52.74417807209" lon="13.614819198847" />
      <trkpt lat="52.744100132408" lon="13.614866137505" />
      <trkpt lat="52.743965361378" lon="13.61491844058" />
      <trkpt lat="52.74378593665" lon="13.614966720343" />
      <trkpt lat="52.743629243862" lon="13.614962697029" />
      <trkpt lat="52.743529382361" lon="13.614892959595" />
      <trkpt lat="52.743466055437" lon="13.614856749773" />
      <trkpt lat="52.743421401782" lon="13.614819198847" />
      <trkpt lat="52.743336965654" lon="13.614768236876" />
      <trkpt lat="52.743302054515" lon="13.614745438099" />
      <trkpt lat="52.743272826562" lon="13.614730685949" />
      <trkpt lat="52.743228172709" lon="13.614717274904" />
      <trkpt lat="52.743162409678" lon="13.614682406187" />
      <trkpt lat="52.743083656288" lon="13.614652901888" />
      <trkpt lat="52.74301220979" lon="13.614616692066" />
      <trkpt lat="52.74293183234" lon="13.614583164454" />
      <trkpt lat="52.742858761802" lon="13.614561706781" />
      <trkpt lat="52.742759710434" lon="13.614544272423" />
      <trkpt lat="52.742622499559" lon="13.614544272423" />
      <trkpt lat="52.742551052305" lon="13.614549636841" />
      <trkpt lat="52.742468238296" lon="13.614514768124" />
      <trkpt lat="52.742323719355" lon="13.614482581615" />
      <trkpt lat="52.742231162028" lon="13.614475876093" />
      <trkpt lat="52.742156466499" lon="13.614482581615" />
      <trkpt lat="52.742003015498" lon="13.61451074481" />
      <trkpt lat="52.741870673725" lon="13.614530861378" />
      <trkpt lat="52.741735895801" lon="13.614556342363" />
      <trkpt lat="52.741681497364" lon="13.614567071199" />
      <trkpt lat="52.741591374431" lon="13.614604622126" />
      <trkpt lat="52.741460655251" lon="13.614677041769" />
      <trkpt lat="52.741416811463" lon="13.614699840546" />
      <trkpt lat="52.741192720303" lon="13.614844679832" />
      <trkpt lat="52.741088793576" lon="13.614844679832" />
      <trkpt lat="52.740965380267" lon="13.614780306816" />
      <trkpt lat="52.740906921209" lon="13.614758849144" />
      <trkpt lat="52.740809489271" lon="13.614678382874" />
      <trkpt lat="52.740708809374" lon="13.614512085915" />
      <trkpt lat="52.74057240398" lon="13.614372611046" />
      <trkpt lat="52.74039702499" lon="13.614238500595" />
      <trkpt lat="52.740237884184" lon="13.614136576653" />
      <trkpt lat="52.740078742797" lon="13.614050745964" />
      <trkpt lat="52.739997547988" lon="13.613986372948" />
      <trkpt lat="52.739926096431" lon="13.613932728767" />
      <trkpt lat="52.739270035749" lon="13.61324608326" />
      <trkpt lat="52.738591229897" lon="13.612752556801" />
      <trkpt lat="52.738006603944" lon="13.612124919891" />
      <trkpt lat="52.736853568664" lon="13.610891103745" />
      <trkpt lat="52.735200290214" lon="13.609018921852" />
      <trkpt lat="52.734732553694" lon="13.608305454254" />
      <trkpt lat="52.733819803393" lon="13.607189655304" />
      <trkpt lat="52.732397044173" lon="13.60545694828" />
      <trkpt lat="52.731325071624" lon="13.604362607002" />
      <trkpt lat="52.730054912458" lon="13.602994680405" />
      <trkpt lat="52.728911412708" lon="13.601760864258" />
      <trkpt lat="52.728307164935" lon="13.601025938988" />
      <trkpt lat="52.727443011095" lon="13.600001335144" />
      <trkpt lat="52.725922578556" lon="13.598762154579" />
      <trkpt lat="52.725363773787" lon="13.598370552063" />
      <trkpt lat="52.724278632446" lon="13.597501516342" />
      <trkpt lat="52.723927742643" lon="13.597083091736" />
      <trkpt lat="52.723297433497" lon="13.596578836441" />
      <trkpt lat="52.722517656999" lon="13.595924377441" />
      <trkpt lat="52.721380457947" lon="13.59524846077" />
      <trkpt lat="52.720392695279" lon="13.594626188278" />
      <trkpt lat="52.719827321054" lon="13.594315052032" />
      <trkpt lat="52.719222947399" lon="13.594014644623" />
      <trkpt lat="52.718352114718" lon="13.593649864197" />
      <trkpt lat="52.717416275143" lon="13.593306541443" />
      <trkpt lat="52.716655890704" lon="13.592984676361" />
      <trkpt lat="52.715973483127" lon="13.592673540115" />
      <trkpt lat="52.715447047131" lon="13.59246969223" />
      <trkpt lat="52.714348660214" lon="13.592072725296" />
      <trkpt lat="52.713776708148" lon="13.591858148575" />
      <trkpt lat="52.713178750244" lon="13.591638207436" />
      <trkpt lat="52.712910641457" lon="13.591514825821" />
      <trkpt lat="52.712605157921" lon="13.591396808624" />
      <trkpt lat="52.712445915656" lon="13.59132707119" />
      <trkpt lat="52.712237924883" lon="13.591260015965" />
      <trkpt lat="52.711994184434" lon="13.591171503067" />
      <trkpt lat="52.71181056573" lon="13.591104447842" />
      <trkpt lat="52.71158632237" lon="13.591023981571" />
      <trkpt lat="52.711305204067" lon="13.590922057629" />
      <trkpt lat="52.71111995749" lon="13.590852320194" />
      <trkpt lat="52.710840461165" lon="13.590742349625" />
      <trkpt lat="52.710572338009" lon="13.590651154518" />
      <trkpt lat="52.71024896304" lon="13.590530455112" />
      <trkpt lat="52.709930460728" lon="13.590396344662" />
      <trkpt lat="52.709470578288" lon="13.590187132359" />
      <trkpt lat="52.709195946533" lon="13.590044975281" />
      <trkpt lat="52.708909937661" lon="13.589902818203" />
      <trkpt lat="52.70854104845" lon="13.589707016945" />
      <trkpt lat="52.708246909883" lon="13.589559495449" />
      <trkpt lat="52.7079933966" lon="13.589390516281" />
      <trkpt lat="52.707733381446" lon="13.589210808277" />
      <trkpt lat="52.707486365615" lon="13.588990867138" />
      <trkpt lat="52.707317353977" lon="13.588843345642" />
      <trkpt lat="52.707135340713" lon="13.588674366474" />
      <trkpt lat="52.706930574882" lon="13.588483929634" />
      <trkpt lat="52.706639675741" lon="13.588213026524" />
      <trkpt lat="52.70643003214" lon="13.588041365147" />
      <trkpt lat="52.706155381248" lon="13.58781337738" />
      <trkpt lat="52.705903480981" lon="13.587563931942" />
      <trkpt lat="52.705775092544" lon="13.587480783463" />
      <trkpt lat="52.705732838039" lon="13.58745932579" />
      <trkpt lat="52.705706835246" lon="13.587486147881" />
      <trkpt lat="52.705679207262" lon="13.587480783463" />
      <trkpt lat="52.705628826775" lon="13.587443232536" />
      <trkpt lat="52.705555693707" lon="13.587392270565" />
      <trkpt lat="52.705459807943" lon="13.587392270565" />
      <trkpt lat="52.705323292254" lon="13.587443232536" />
      <trkpt lat="52.705248533482" lon="13.587483465672" />
      <trkpt lat="52.705073012383" lon="13.587601482868" />
      <trkpt lat="52.704848734395" lon="13.587740957737" />
      <trkpt lat="52.704676462115" lon="13.587867021561" />
      <trkpt lat="52.704528567445" lon="13.587982356548" />
      <trkpt lat="52.704429428979" lon="13.588054776192" />
      <trkpt lat="52.704229526142" lon="13.588175475597" />
      <trkpt lat="52.704119010359" lon="13.588234484196" />
      <trkpt lat="52.703855721631" lon="13.588373959064" />
      <trkpt lat="52.703756581637" lon="13.588424921036" />
      <trkpt lat="52.703605433343" lon="13.588526844978" />
      <trkpt lat="52.70340390147" lon="13.588609993458" />
      <trkpt lat="52.703306385714" lon="13.588642179966" />
      <trkpt lat="52.703168238019" lon="13.588642179966" />
      <trkpt lat="52.703025214063" lon="13.588620722294" />
      <trkpt lat="52.702883814919" lon="13.588575124741" />
      <trkpt lat="52.702774921012" lon="13.588516116142" />
      <trkpt lat="52.702620518739" lon="13.588398098946" />
      <trkpt lat="52.702531127699" lon="13.588360548019" />
      <trkpt lat="52.70244011118" lon="13.588344454765" />
      <trkpt lat="52.702334466768" lon="13.588325679302" />
      <trkpt lat="52.702116675942" lon="13.588325679302" />
      <trkpt lat="52.701828995349" lon="13.588312268257" />
      <trkpt lat="52.701521808894" lon="13.588320314884" />
      <trkpt lat="52.701321892738" lon="13.588306903839" />
      <trkpt lat="52.70122437233" lon="13.588306903839" />
      <trkpt lat="52.701009826664" lon="13.588296175003" />
      <trkpt lat="52.700873297055" lon="13.588288128376" />
      <trkpt lat="52.700665251116" lon="13.58827739954" />
      <trkpt lat="52.700580732169" lon="13.588280081749" />
      <trkpt lat="52.700497838429" lon="13.58827739954" />
      <trkpt lat="52.700434448991" lon="13.58827739954" />
      <trkpt lat="52.700323923598" lon="13.588298857212" />
      <trkpt lat="52.700202020266" lon="13.588314950466" />
      <trkpt lat="52.700054110433" lon="13.588333725929" />
      <trkpt lat="52.699953336413" lon="13.588349819183" />
      <trkpt lat="52.699746911486" lon="13.588376641273" />
      <trkpt lat="52.699589247694" lon="13.588395416737" />
      <trkpt lat="52.699509602882" lon="13.588398098946" />
      <trkpt lat="52.699325931639" lon="13.588408827782" />
      <trkpt lat="52.699171517164" lon="13.588419556618" />
      <trkpt lat="52.69906586484" lon="13.588430285454" />
      <trkpt lat="52.69893583086" lon="13.588432967663" />
      <trkpt lat="52.698861061145" lon="13.588443696499" />
      <trkpt lat="52.698744030031" lon="13.588446378708" />
      <trkpt lat="52.698545726594" lon="13.588457107544" />
      <trkpt lat="52.698404312936" lon="13.588459789753" />
      <trkpt lat="52.698331167761" lon="13.58846783638" />
      <trkpt lat="52.698191378864" lon="13.58846783638" />
      <trkpt lat="52.698090600544" lon="13.588470518589" />
      <trkpt lat="52.698017454843" lon="13.588481247425" />
      <trkpt lat="52.697960563658" lon="13.588478565216" />
      <trkpt lat="52.697841904661" lon="13.588491976261" />
      <trkpt lat="52.697754129306" lon="13.588497340679" />
      <trkpt lat="52.697664728299" lon="13.58849465847" />
      <trkpt lat="52.697578578065" lon="13.588508069515" />
      <trkpt lat="52.697362388993" lon="13.588542938232" />
      <trkpt lat="52.697230724447" lon="13.588556349277" />
      <trkpt lat="52.697154326318" lon="13.58854830265" />
      <trkpt lat="52.697064924083" lon="13.588534891605" />
      <trkpt lat="52.696990151164" lon="13.588542938232" />
      <trkpt lat="52.69689912309" lon="13.588540256023" />
      <trkpt lat="52.696854421734" lon="13.588545620441" />
      <trkpt lat="52.696730883203" lon="13.588553667068" />
      <trkpt lat="52.69661059535" lon="13.588557690382" />
      <trkpt lat="52.696543949235" lon="13.5885630548" />
      <trkpt lat="52.696489494407" lon="13.588552325964" />
      <trkpt lat="52.696448043671" lon="13.58854830265" />
      <trkpt lat="52.696359452751" lon="13.58854830265" />
      <trkpt lat="52.696302559405" lon="13.588545620441" />
      <trkpt lat="52.696278989283" lon="13.588549643755" />
      <trkpt lat="52.696254606384" lon="13.588597923517" />
      <trkpt lat="52.696218844775" lon="13.588654249907" />
      <trkpt lat="52.696187959726" lon="13.588679730892" />
      <trkpt lat="52.696096117212" lon="13.588683754206" />
      <trkpt lat="52.69604003629" lon="13.588677048683" />
      <trkpt lat="52.695947380697" lon="13.588686436415" />
      <trkpt lat="52.695848222738" lon="13.588683754206" />
      <trkpt lat="52.695790515953" lon="13.588683754206" />
      <trkpt lat="52.695731183546" lon="13.588663637638" />
      <trkpt lat="52.69569785983" lon="13.588627427816" />
      <trkpt lat="52.695675102155" lon="13.588609993458" />
      <trkpt lat="52.695642591171" lon="13.588607311249" />
      <trkpt lat="52.695592199098" lon="13.588605970144" />
      <trkpt lat="52.695556436946" lon="13.588608652353" />
      <trkpt lat="52.695386566325" lon="13.588615357876" />
      <trkpt lat="52.695263836422" lon="13.588623404503" />
      <trkpt lat="52.695126476055" lon="13.58863145113" />
      <trkpt lat="52.695024065087" lon="13.588638156652" />
      <trkpt lat="52.694849315656" lon="13.588646203279" />
      <trkpt lat="52.694757470326" lon="13.58864352107" />
      <trkpt lat="52.694616857191" lon="13.588674366474" />
      <trkpt lat="52.694547769646" lon="13.588702529669" />
      <trkpt lat="52.694394151066" lon="13.588713258505" />
      <trkpt lat="52.694302304778" lon="13.588722646236" />
      <trkpt lat="52.694124301246" lon="13.588734716177" />
      <trkpt lat="52.694011321459" lon="13.588733375072" />
      <trkpt lat="52.693856075375" lon="13.588745445013" />
      <trkpt lat="52.693757725477" lon="13.588748127222" />
      <trkpt lat="52.693578094098" lon="13.588738739491" />
      <trkpt lat="52.693482994833" lon="13.588742762804" />
      <trkpt lat="52.693424472106" lon="13.588736057281" />
      <trkpt lat="52.693280603401" lon="13.588738739491" />
      <trkpt lat="52.693245652175" lon="13.5887414217" />
      <trkpt lat="52.693166808609" lon="13.588760197163" />
      <trkpt lat="52.69307821103" lon="13.588762879372" />
      <trkpt lat="52.69302619035" lon="13.588752150536" />
      <trkpt lat="52.692940030961" lon="13.588718622923" />
      <trkpt lat="52.692874192069" lon="13.588706552982" />
      <trkpt lat="52.692761209047" lon="13.588693141937" />
      <trkpt lat="52.692629530623" lon="13.588682413101" />
      <trkpt lat="52.692459648613" lon="13.588667660952" />
      <trkpt lat="52.69232309226" lon="13.588655591011" />
      <trkpt lat="52.692154834737" lon="13.58864352107" />
      <trkpt lat="52.691975196763" lon="13.588624745607" />
      <trkpt lat="52.691859772878" lon="13.588614016771" />
      <trkpt lat="52.691671192354" lon="13.588596582413" />
      <trkpt lat="52.691543574899" lon="13.588587194681" />
      <trkpt lat="52.691365560119" lon="13.588565737009" />
      <trkpt lat="52.691210304627" lon="13.588559031487" />
      <trkpt lat="52.691077808665" lon="13.588624745607" />
      <trkpt lat="52.690933932228" lon="13.588644862175" />
      <trkpt lat="52.690719335982" lon="13.588664978743" />
      <trkpt lat="52.690585212793" lon="13.588690459728" />
      <trkpt lat="52.690420200061" lon="13.588717281818" />
      <trkpt lat="52.690247870829" lon="13.588729351759" />
      <trkpt lat="52.690177963493" lon="13.588737398386" />
      <trkpt lat="52.69003489697" lon="13.588762879372" />
      <trkpt lat="52.689815419005" lon="13.588793724775" />
      <trkpt lat="52.689716247119" lon="13.588797748089" />
      <trkpt lat="52.689515464003" lon="13.588820546865" />
      <trkpt lat="52.689186242726" lon="13.58886346221" />
      <trkpt lat="52.689192745886" lon="13.588501363993" />
      <trkpt lat="52.689200874836" lon="13.588301539421" />
      <trkpt lat="52.689144785056" lon="13.588300198317" />
      <trkpt lat="52.689026914995" lon="13.58826264739" />
      <trkpt lat="52.688881405997" lon="13.588168770075" />
      <trkpt lat="52.688774102962" lon="13.588112443686" />
      <trkpt lat="52.68865948352" lon="13.588029295206" />
      <trkpt lat="52.688506657129" lon="13.587942123413" />
      <trkpt lat="52.68835057856" lon="13.587825447321" />
      <trkpt lat="52.688225390139" lon="13.587754368782" />
      <trkpt lat="52.688123775896" lon="13.587677925825" />
      <trkpt lat="52.688014845166" lon="13.58759611845" />
      <trkpt lat="52.687875836152" lon="13.587498217821" />
      <trkpt lat="52.687736826696" lon="13.58740568161" />
      <trkpt lat="52.687614888213" lon="13.587333261967" />
      <trkpt lat="52.687481568414" lon="13.587238043547" />
      <trkpt lat="52.687389707584" lon="13.587180376053" />
      <trkpt lat="52.687260451753" lon="13.587086498737" />
      <trkpt lat="52.687068599626" lon="13.586965799332" />
      <trkpt lat="52.686956414517" lon="13.586885333061" />
      <trkpt lat="52.686849106751" lon="13.586810231209" />
      <trkpt lat="52.686538563096" lon="13.58661711216" />
      <trkpt lat="52.686356463172" lon="13.586485683918" />
      <trkpt lat="52.686193873312" lon="13.586381077766" />
      <trkpt lat="52.685935354188" lon="13.586228191853" />
      <trkpt lat="52.685774388677" lon="13.586136996746" />
      <trkpt lat="52.685636185493" lon="13.586027026176" />
      <trkpt lat="52.685553263372" lon="13.585927784443" />
      <trkpt lat="52.685471967023" lon="13.585844635963" />
      <trkpt lat="52.685356525946" lon="13.585764169693" />
      <trkpt lat="52.685229703004" lon="13.585683703423" />
      <trkpt lat="52.684984185747" lon="13.585498631001" />
      <trkpt lat="52.684772812169" lon="13.585340380669" />
      <trkpt lat="52.684543551978" lon="13.585243821144" />
      <trkpt lat="52.684415100707" lon="13.585198223591" />
      <trkpt lat="52.684291526975" lon="13.585163354874" />
      <trkpt lat="52.684041126499" lon="13.585120439529" />
      <trkpt lat="52.68390291783" lon="13.585115075111" />
      <trkpt lat="52.683741944827" lon="13.585115075111" />
      <trkpt lat="52.683668775085" lon="13.58514726162" />
      <trkpt lat="52.683629751172" lon="13.585163354874" />
      <trkpt lat="52.68356471124" lon="13.585219681263" />
      <trkpt lat="52.683506175218" lon="13.585302829742" />
      <trkpt lat="52.683421623049" lon="13.585335016251" />
      <trkpt lat="52.683380972909" lon="13.58536452055" />
      <trkpt lat="52.683239510127" lon="13.585423529148" />
      <trkpt lat="52.683180973669" lon="13.585461080074" />
      <trkpt lat="52.68314194932" lon="13.585447669029" />
      <trkpt lat="52.683070404591" lon="13.585399389267" />
      <trkpt lat="52.682834631356" lon="13.585530817509" />
      <trkpt lat="52.682699670932" lon="13.585603237152" />
      <trkpt lat="52.682433000916" lon="13.585756123066" />
      <trkpt lat="52.682348446669" lon="13.585793673992" />
      <trkpt lat="52.682228119188" lon="13.585858047009" />
      <trkpt lat="52.682125677963" lon="13.585943877697" />
      <trkpt lat="52.682085026617" lon="13.586002886295" />
      <trkpt lat="52.682067140013" lon="13.586096763611" />
      <trkpt lat="52.682021610442" lon="13.586107492447" />
      <trkpt lat="52.681980958999" lon="13.586123585701" />
      <trkpt lat="52.681959820233" lon="13.585898280144" />
      <trkpt lat="52.681909412367" lon="13.585675656796" />
      <trkpt lat="52.681803718265" lon="13.585270643234" />
      <trkpt lat="52.681711032457" lon="13.584938049316" />
      <trkpt lat="52.681579320708" lon="13.584643006325" />
      <trkpt lat="52.681413460903" lon="13.584433794022" />
      <trkpt lat="52.681242722211" lon="13.584237992764" />
      <trkpt lat="52.68104759146" lon="13.584010004997" />
      <trkpt lat="52.680927260395" lon="13.58383834362" />
      <trkpt lat="52.680858964238" lon="13.583543300629" />
    </trkseg>
    <name>63-72</name>
  </trk>
  <trk>
    <trkseg>
      <trkpt lat="52.882863847176" lon="13.636449873447" />
      <trkpt lat="52.882755402874" lon="13.636468648911" />
      <trkpt lat="52.882510997556" lon="13.63647133112" />
      <trkpt lat="52.882069122194" lon="13.636460602283" />
      <trkpt lat="52.881704935817" lon="13.636474013329" />
      <trkpt lat="52.881410347266" lon="13.636479377747" />
      <trkpt lat="52.880591315833" lon="13.636474013329" />
      <trkpt lat="52.879539177655" lon="13.636457920074" />
      <trkpt lat="52.878595468926" lon="13.636396229267" />
      <trkpt lat="52.878100135028" lon="13.636417686939" />
      <trkpt lat="52.877969016284" lon="13.636423051357" />
      <trkpt lat="52.87786055974" lon="13.636439144611" />
      <trkpt lat="52.877768290526" lon="13.636463284492" />
      <trkpt lat="52.877671164826" lon="13.636492788792" />
      <trkpt lat="52.877410543122" lon="13.63663226366" />
      <trkpt lat="52.877247046719" lon="13.63671541214" />
      <trkpt lat="52.877122400533" lon="13.636806607246" />
      <trkpt lat="52.876934621186" lon="13.636916577816" />
      <trkpt lat="52.876800261327" lon="13.637002408504" />
      <trkpt lat="52.876649713038" lon="13.637107014656" />
      <trkpt lat="52.876400416873" lon="13.637318909168" />
      <trkpt lat="52.876207777946" lon="13.637474477291" />
      <trkpt lat="52.876026469939" lon="13.637624680996" />
      <trkpt lat="52.875828972855" lon="13.637772202492" />
      <trkpt lat="52.87563471255" lon="13.637930452824" />
      <trkpt lat="52.875448545609" lon="13.638040423393" />
      <trkpt lat="52.875205717962" lon="13.638179898262" />
      <trkpt lat="52.875090779068" lon="13.638255000114" />
      <trkpt lat="52.874962888955" lon="13.638327419758" />
      <trkpt lat="52.874794526713" lon="13.638432025909" />
      <trkpt lat="52.874700632102" lon="13.638472259045" />
      <trkpt lat="52.874561408683" lon="13.63856613636" />
      <trkpt lat="52.874375237134" lon="13.638670742512" />
      <trkpt lat="52.874187445893" lon="13.638820946217" />
      <trkpt lat="52.873936516672" lon="13.6390838027" />
      <trkpt lat="52.873784339534" lon="13.639204502106" />
      <trkpt lat="52.873690442736" lon="13.639282286167" />
      <trkpt lat="52.873578737659" lon="13.639341294765" />
      <trkpt lat="52.873445986324" lon="13.639421761036" />
      <trkpt lat="52.873313234584" lon="13.639512956142" />
      <trkpt lat="52.873222574625" lon="13.639561235905" />
      <trkpt lat="52.873047729883" lon="13.639687299728" />
      <trkpt lat="52.872859932894" lon="13.639824092388" />
      <trkpt lat="52.872783842503" lon="13.639877736568" />
      <trkpt lat="52.872749844625" lon="13.639931380749" />
      <trkpt lat="52.872709370927" lon="13.639968931675" />
      <trkpt lat="52.872667278241" lon="13.640011847019" />
      <trkpt lat="52.872599282277" lon="13.64006280899" />
      <trkpt lat="52.87250700187" lon="13.640121817589" />
      <trkpt lat="52.872421197104" lon="13.640183508396" />
      <trkpt lat="52.872322440466" lon="13.640247881413" />
      <trkpt lat="52.872165400758" lon="13.640349805355" />
      <trkpt lat="52.872094166064" lon="13.640406131744" />
      <trkpt lat="52.871865890461" lon="13.640564382076" />
      <trkpt lat="52.871817321029" lon="13.640596568584" />
      <trkpt lat="52.871762275607" lon="13.640599250793" />
      <trkpt lat="52.871702373156" lon="13.640607297421" />
      <trkpt lat="52.871639232645" lon="13.64066362381" />
      <trkpt lat="52.871600376901" lon="13.640703856945" />
      <trkpt lat="52.871514570342" lon="13.640765547752" />
      <trkpt lat="52.871262006655" lon="13.640915751457" />
      <trkpt lat="52.871001346436" lon="13.641103506088" />
      <trkpt lat="52.870760112912" lon="13.641269803047" />
      <trkpt lat="52.870416879009" lon="13.641492426395" />
      <trkpt lat="52.870263070483" lon="13.641591668129" />
      <trkpt lat="52.869931166015" lon="13.641825020313" />
      <trkpt lat="52.869848594265" lon="13.641873300076" />
      <trkpt lat="52.869811355974" lon="13.641894757748" />
      <trkpt lat="52.869785451057" lon="13.641948401928" />
      <trkpt lat="52.869715831515" lon="13.642026185989" />
      <trkpt lat="52.869662402488" lon="13.642055690289" />
      <trkpt lat="52.869621925909" lon="13.642093241215" />
      <trkpt lat="52.869563639569" lon="13.642095923424" />
      <trkpt lat="52.869515067559" lon="13.642144203186" />
      <trkpt lat="52.869408208945" lon="13.642192482948" />
      <trkpt lat="52.8693256362" lon="13.642248809338" />
      <trkpt lat="52.869254396842" lon="13.642307817936" />
      <trkpt lat="52.869129727685" lon="13.642385601997" />
      <trkpt lat="52.869029344467" lon="13.642455339432" />
      <trkpt lat="52.868640762078" lon="13.642720878124" />
      <trkpt lat="52.868347703891" lon="13.642927408218" />
      <trkpt lat="52.868135599769" lon="13.643064200878" />
      <trkpt lat="52.867722722359" lon="13.643337786198" />
      <trkpt lat="52.86741346651" lon="13.643557727337" />
      <trkpt lat="52.867117161717" lon="13.643761575222" />
      <trkpt lat="52.86672046634" lon="13.644002974033" />
      <trkpt lat="52.866305956274" lon="13.644276559353" />
      <trkpt lat="52.866046885473" lon="13.644477725029" />
      <trkpt lat="52.8659238263" lon="13.644574284554" />
      <trkpt lat="52.865761905804" lon="13.644694983959" />
      <trkpt lat="52.865439682219" lon="13.644922971725" />
      <trkpt lat="52.86523404079" lon="13.645051717758" />
      <trkpt lat="52.864811420307" lon="13.645352125168" />
      <trkpt lat="52.864417942363" lon="13.645614981651" />
      <trkpt lat="52.863985598286" lon="13.645910024643" />
      <trkpt lat="52.863697366508" lon="13.646100461483" />
      <trkpt lat="52.863261776649" lon="13.646392822266" />
      <trkpt lat="52.862899051644" lon="13.646634221077" />
      <trkpt lat="52.862584903431" lon="13.646862208843" />
      <trkpt lat="52.862171973197" lon="13.647192120552" />
      <trkpt lat="52.861890206781" lon="13.647425472736" />
      <trkpt lat="52.861569573807" lon="13.647704422474" />
      <trkpt lat="52.861237602827" lon="13.648002147675" />
      <trkpt lat="52.861006031323" lon="13.64820599556" />
      <trkpt lat="52.860351794662" lon="13.648753166199" />
      <trkpt lat="52.859890260391" lon="13.649112582207" />
      <trkpt lat="52.859373660069" lon="13.649541735649" />
      <trkpt lat="52.85915665371" lon="13.649737536907" />
      <trkpt lat="52.85872587668" lon="13.650054037571" />
      <trkpt lat="52.858584982512" lon="13.650129139423" />
      <trkpt lat="52.858492672293" lon="13.650164008141" />
      <trkpt lat="52.858361494274" lon="13.650190830231" />
      <trkpt lat="52.858225457392" lon="13.650198876858" />
      <trkpt lat="52.857972816336" lon="13.650139868259" />
      <trkpt lat="52.857823822203" lon="13.650048673153" />
      <trkpt lat="52.857673208049" lon="13.649952113628" />
      <trkpt lat="52.857503159183" lon="13.64983946085" />
      <trkpt lat="52.857425422336" lon="13.649793863297" />
      <trkpt lat="52.857375217215" lon="13.649796545506" />
      <trkpt lat="52.857334729172" lon="13.649938702583" />
      <trkpt lat="52.857188971905" lon="13.64986628294" />
      <trkpt lat="52.857046453215" lon="13.649758994579" />
      <trkpt lat="52.856978432766" lon="13.649732172489" />
      <trkpt lat="52.856754936254" lon="13.649560511112" />
      <trkpt lat="52.856703110812" lon="13.649509549141" />
      <trkpt lat="52.856670719879" lon="13.649450540543" />
      <trkpt lat="52.856487710654" lon="13.649252057076" />
      <trkpt lat="52.856367863487" lon="13.649150133133" />
      <trkpt lat="52.856194570375" lon="13.649042844772" />
      <trkpt lat="52.856121689888" lon="13.649010658264" />
      <trkpt lat="52.856060146271" lon="13.649018704891" />
      <trkpt lat="52.856024515715" lon="13.649064302444" />
      <trkpt lat="52.855984026412" lon="13.649187684059" />
      <trkpt lat="52.855943537071" lon="13.649311065674" />
      <trkpt lat="52.855877134471" lon="13.649463951588" />
      <trkpt lat="52.85580749261" lon="13.649603426456" />
      <trkpt lat="52.855736231055" lon="13.649734854698" />
      <trkpt lat="52.855656871458" lon="13.649868965149" />
      <trkpt lat="52.854913475539" lon="13.651022315025" />
      <trkpt lat="52.854858408668" lon="13.651116192341" />
      <trkpt lat="52.854796863259" lon="13.651215434074" />
      <trkpt lat="52.854689968393" lon="13.651427328587" />
      <trkpt lat="52.854615465756" lon="13.651574850082" />
      <trkpt lat="52.85454582187" lon="13.651776015759" />
      <trkpt lat="52.854485895647" lon="13.652001321316" />
      <trkpt lat="52.854430828233" lon="13.65220785141" />
      <trkpt lat="52.854380619649" lon="13.652502894402" />
      <trkpt lat="52.85434336808" lon="13.652838170528" />
      <trkpt lat="52.854309355751" lon="13.653162717819" />
      <trkpt lat="52.854278582668" lon="13.653465807438" />
      <trkpt lat="52.85424295065" lon="13.653937876225" />
      <trkpt lat="52.854202459685" lon="13.654329478741" />
      <trkpt lat="52.854184643648" lon="13.654570877552" />
      <trkpt lat="52.854132815137" lon="13.654570877552" />
      <trkpt lat="52.854123097284" lon="13.654710352421" />
      <trkpt lat="52.854103661572" lon="13.654900789261" />
      <trkpt lat="52.854084225851" lon="13.655142188072" />
      <trkpt lat="52.854035636511" lon="13.65563839674" />
      <trkpt lat="52.853977329231" lon="13.656271398067" />
      <trkpt lat="52.853951414859" lon="13.656244575977" />
      <trkpt lat="52.853920641522" lon="13.656148016453" />
      <trkpt lat="52.853944936264" lon="13.655791282654" />
      <trkpt lat="52.853967611343" lon="13.655335307121" />
      <trkpt lat="52.853985427469" lon="13.655112683773" />
      <trkpt lat="52.853794308648" lon="13.654978573322" />
      <trkpt lat="52.853326225949" lon="13.654608428478" />
      <trkpt lat="52.853191792961" lon="13.654479682446" />
      <trkpt lat="52.852961798208" lon="13.654200732708" />
      <trkpt lat="52.852772294573" lon="13.65395128727" />
      <trkpt lat="52.852552015804" lon="13.653712570667" />
      <trkpt lat="52.852385186286" lon="13.653495311737" />
      <trkpt lat="52.852270186925" lon="13.653388023376" />
      <trkpt lat="52.852177863274" lon="13.653294146061" />
      <trkpt lat="52.852038567569" lon="13.653216362" />
      <trkpt lat="52.851947863148" lon="13.653173446655" />
      <trkpt lat="52.851708143411" lon="13.653098344803" />
      <trkpt lat="52.851549409342" lon="13.653044700623" />
      <trkpt lat="52.851348561322" lon="13.653039336205" />
      <trkpt lat="52.850998694809" lon="13.65299642086" />
      <trkpt lat="52.850755730294" lon="13.652985692024" />
      <trkpt lat="52.850460931523" lon="13.652980327606" />
      <trkpt lat="52.850205005692" lon="13.65294277668" />
      <trkpt lat="52.850075422417" lon="13.652932047844" />
      <trkpt lat="52.849919921977" lon="13.652851581573" />
      <trkpt lat="52.849625117529" lon="13.652647733688" />
      <trkpt lat="52.849401583153" lon="13.652513623238" />
      <trkpt lat="52.849080857906" lon="13.652191758156" />
      <trkpt lat="52.848879998464" lon="13.651987910271" />
      <trkpt lat="52.848688857164" lon="13.651789426804" />
      <trkpt lat="52.848458838552" lon="13.651542663574" />
      <trkpt lat="52.84808627061" lon="13.651220798492" />
      <trkpt lat="52.847917804055" lon="13.651075959206" />
      <trkpt lat="52.847804412737" lon="13.650931119919" />
      <trkpt lat="52.847535512142" lon="13.65071117878" />
      <trkpt lat="52.847188854699" lon="13.650668263435" />
      <trkpt lat="52.846770918215" lon="13.650582432747" />
      <trkpt lat="52.846680202788" lon="13.650593161583" />
      <trkpt lat="52.846521450334" lon="13.651354908943" />
      <trkpt lat="52.846430734386" lon="13.651832342148" />
      <trkpt lat="52.846365937164" lon="13.652240037918" />
      <trkpt lat="52.846323818918" lon="13.652577996254" />
      <trkpt lat="52.846275220891" lon="13.653076887131" />
      <trkpt lat="52.846216903186" lon="13.653715252876" />
      <trkpt lat="52.846184504428" lon="13.654224872589" />
      <trkpt lat="52.846126186601" lon="13.654943704605" />
      <trkpt lat="52.846080828238" lon="13.655582070351" />
      <trkpt lat="52.846038709715" lon="13.65626335144" />
      <trkpt lat="52.846051669265" lon="13.656912446022" />
      <trkpt lat="52.846041949603" lon="13.657636642456" />
      <trkpt lat="52.84612294672" lon="13.65863442421" />
      <trkpt lat="52.846194224058" lon="13.659680485725" />
      <trkpt lat="52.846340018248" lon="13.660495877266" />
      <trkpt lat="52.846521450334" lon="13.66157412529" />
      <trkpt lat="52.846719080852" lon="13.662641644478" />
      <trkpt lat="52.846825995346" lon="13.663215637207" />
      <trkpt lat="52.846987986504" lon="13.663934469223" />
      <trkpt lat="52.847039823546" lon="13.664240241051" />
      <trkpt lat="52.847114339187" lon="13.664476275444" />
      <trkpt lat="52.847182375095" lon="13.664717674255" />
      <trkpt lat="52.847214773109" lon="13.664862513542" />
      <trkpt lat="52.847234211905" lon="13.664996623993" />
      <trkpt lat="52.847240691502" lon="13.66516828537" />
      <trkpt lat="52.847234211905" lon="13.665361404419" />
      <trkpt lat="52.847169415882" lon="13.665801286697" />
      <trkpt lat="52.847130538222" lon="13.666037321091" />
      <trkpt lat="52.847143497446" lon="13.666423559189" />
      <trkpt lat="52.847195334303" lon="13.666976094246" />
      <trkpt lat="52.847214773109" lon="13.667190670967" />
      <trkpt lat="52.847237451704" lon="13.667448163033" />
      <trkpt lat="52.847266609881" lon="13.667662739754" />
      <trkpt lat="52.847289288449" lon="13.667947053909" />
      <trkpt lat="52.847321686383" lon="13.668429851532" />
      <trkpt lat="52.847341125132" lon="13.668773174286" />
      <trkpt lat="52.847376762815" lon="13.669207692146" />
      <trkpt lat="52.84739620154" lon="13.669529557228" />
      <trkpt lat="52.84741240047" lon="13.670006990433" />
      <trkpt lat="52.847448038095" lon="13.670784831047" />
      <trkpt lat="52.847499874588" lon="13.671627044678" />
      <trkpt lat="52.847522553035" lon="13.671981096268" />
      <trkpt lat="52.847548471245" lon="13.672351241112" />
      <trkpt lat="52.847564670118" lon="13.672721385956" />
      <trkpt lat="52.84760678716" lon="13.673568964005" />
      <trkpt lat="52.84765214393" lon="13.674609661102" />
      <trkpt lat="52.847671582531" lon="13.675253391266" />
      <trkpt lat="52.847726658519" lon="13.676680326462" />
      <trkpt lat="52.847784974196" lon="13.677613735199" />
      <trkpt lat="52.8478497693" lon="13.678831458092" />
      <trkpt lat="52.847888646316" lon="13.679748773575" />
      <trkpt lat="52.847921043803" lon="13.680666089058" />
      <trkpt lat="52.847937242537" lon="13.680869936943" />
      <trkpt lat="52.847969639988" lon="13.681175708771" />
      <trkpt lat="52.848014996378" lon="13.681948184967" />
      <trkpt lat="52.848055493115" lon="13.682672381401" />
      <trkpt lat="52.848083030874" lon="13.683179318905" />
      <trkpt lat="52.848092750079" lon="13.683265149593" />
      <trkpt lat="52.847681301828" lon="13.683305382729" />
      <trkpt lat="52.847331405758" lon="13.683385848999" />
      <trkpt lat="52.847192094501" lon="13.683418035507" />
      <trkpt lat="52.846984746687" lon="13.683460950851" />
      <trkpt lat="52.846955588321" lon="13.68357360363" />
    </trkseg>
    <name>70-94</name>
  </trk>
  <trk>
    <trkseg>
      <trkpt lat="52.68460371257" lon="13.475611209869" />
      <trkpt lat="52.68661985746" lon="13.47601890564" />
      <trkpt lat="52.688024600168" lon="13.476147651672" />
      <trkpt lat="52.690664873888" lon="13.476684093475" />
      <trkpt lat="52.694072281812" lon="13.47724199295" />
      <trkpt lat="52.69693325864" lon="13.477756977081" />
      <trkpt lat="52.698402687489" lon="13.477993011475" />
      <trkpt lat="52.701250377793" lon="13.47855091095" />
      <trkpt lat="52.703967863321" lon="13.47895860672" />
      <trkpt lat="52.705918107488" lon="13.479430675507" />
      <trkpt lat="52.708011272585" lon="13.479816913605" />
      <trkpt lat="52.709995461389" lon="13.480213880539" />
      <trkpt lat="52.710985084487" lon="13.480436503887" />
      <trkpt lat="52.71256453495" lon="13.478977382183" />
      <trkpt lat="52.713679215571" lon="13.477907180786" />
      <trkpt lat="52.714150427677" lon="13.477494120598" />
      <trkpt lat="52.714512770076" lon="13.477531671524" />
      <trkpt lat="52.715083087666" lon="13.477598726749" />
      <trkpt lat="52.715637149751" lon="13.477681875229" />
      <trkpt lat="52.716249697004" lon="13.477794528008" />
      <trkpt lat="52.716706258459" lon="13.477866947651" />
      <trkpt lat="52.716836239494" lon="13.477915227413" />
      <trkpt lat="52.716886607041" lon="13.477952778339" />
      <trkpt lat="52.717297669041" lon="13.477502167225" />
      <trkpt lat="52.71819776756" lon="13.476855754852" />
      <trkpt lat="52.719047482511" lon="13.476147651672" />
      <trkpt lat="52.720165246759" lon="13.475375175476" />
      <trkpt lat="52.720841090315" lon="13.474903106689" />
      <trkpt lat="52.721555913449" lon="13.474345207214" />
      <trkpt lat="52.721724869933" lon="13.474130630493" />
      <trkpt lat="52.722166753026" lon="13.473315238953" />
      <trkpt lat="52.722920543264" lon="13.472135066986" />
      <trkpt lat="52.723336421956" lon="13.471448421478" />
      <trkpt lat="52.723869260734" lon="13.470547199249" />
    </trkseg>
    <name>8-9</name>
  </trk>
  <trk>
    <trkseg>
      <trkpt lat="52.902087382339" lon="13.871201500297" />
      <trkpt lat="52.9020768663" lon="13.871262520552" />
      <trkpt lat="52.902044104778" lon="13.871239721775" />
      <trkpt lat="52.90202469053" lon="13.871228322387" />
      <trkpt lat="52.902012961085" lon="13.871220946312" />
      <trkpt lat="52.901940966489" lon="13.871175348759" />
      <trkpt lat="52.901830952044" lon="13.871100246906" />
      <trkpt lat="52.901690197862" lon="13.871011734009" />
      <trkpt lat="52.901548634286" lon="13.870915845037" />
      <trkpt lat="52.901516276832" lon="13.870895728469" />
      <trkpt lat="52.901464100387" lon="13.870862200856" />
      <trkpt lat="52.901420822203" lon="13.870834037662" />
      <trkpt lat="52.901390891471" lon="13.870811909437" />
      <trkpt lat="52.901347208744" lon="13.870778381824" />
      <trkpt lat="52.901312019848" lon="13.870752230287" />
      <trkpt lat="52.9012812801" lon="13.870726078749" />
      <trkpt lat="52.901259034216" lon="13.870709985495" />
      <trkpt lat="52.901233148082" lon="13.870689868927" />
      <trkpt lat="52.901213329" lon="13.870677128434" />
      <trkpt lat="52.90117126398" lon="13.870650306344" />
      <trkpt lat="52.901137288357" lon="13.870626837015" />
      <trkpt lat="52.901125558672" lon="13.870621472597" />
      <trkpt lat="52.901069337032" lon="13.870596662164" />
      <trkpt lat="52.901017160048" lon="13.870571181178" />
      <trkpt lat="52.90096700537" lon="13.870549723506" />
      <trkpt lat="52.900916850633" lon="13.870530277491" />
      <trkpt lat="52.900852539232" lon="13.870504796505" />
      <trkpt lat="52.900789845637" lon="13.870478644967" />
      <trkpt lat="52.900737263842" lon="13.870459869504" />
      <trkpt lat="52.900692771503" lon="13.870442435145" />
      <trkpt lat="52.900639380637" lon="13.870414942503" />
      <trkpt lat="52.900557271829" lon="13.870373368263" />
      <trkpt lat="52.900465859868" lon="13.870329111814" />
      <trkpt lat="52.900397098532" lon="13.870294243097" />
      <trkpt lat="52.900379301463" lon="13.870283514261" />
      <trkpt lat="52.900289507046" lon="13.870224505663" />
      <trkpt lat="52.900268878573" lon="13.870211094618" />
      <trkpt lat="52.900199712443" lon="13.8701312989" />
      <trkpt lat="52.900156028515" lon="13.870080336928" />
      <trkpt lat="52.900116389357" lon="13.870032727718" />
      <trkpt lat="52.900089693577" lon="13.870001882315" />
      <trkpt lat="52.90004641402" lon="13.869952261448" />
      <trkpt lat="52.900011628551" lon="13.86991135776" />
      <trkpt lat="52.899995449253" lon="13.869893923402" />
      <trkpt lat="52.899979269949" lon="13.869875147939" />
      <trkpt lat="52.899958641328" lon="13.869850337505" />
      <trkpt lat="52.899935990282" lon="13.869824185967" />
      <trkpt lat="52.899923451305" lon="13.86981010437" />
      <trkpt lat="52.899906867491" lon="13.869790658355" />
      <trkpt lat="52.899894732989" lon="13.869775906205" />
      <trkpt lat="52.899886643319" lon="13.869767189026" />
      <trkpt lat="52.899876126746" lon="13.869753107429" />
      <trkpt lat="52.899869250524" lon="13.869751766324" />
      <trkpt lat="52.89986884604" lon="13.869763165712" />
    </trkseg>
    <name>81-82</name>
  </trk>
  <trk>
    <trkseg>
      <trkpt lat="52.885939829688" lon="13.876749649644" />
      <trkpt lat="52.885943066597" lon="13.876734226942" />
      <trkpt lat="52.885984741786" lon="13.876767754555" />
      <trkpt lat="52.886066878206" lon="13.876816034317" />
      <trkpt lat="52.886359816681" lon="13.87699842453" />
      <trkpt lat="52.886651134749" lon="13.877170085907" />
      <trkpt lat="52.886955398197" lon="13.877304196358" />
      <trkpt lat="52.887143134152" lon="13.877384662628" />
      <trkpt lat="52.887473288516" lon="13.877508044243" />
      <trkpt lat="52.888182140861" lon="13.8777333498" />
      <trkpt lat="52.888868324785" lon="13.877915740013" />
      <trkpt lat="52.889379718947" lon="13.878065943718" />
      <trkpt lat="52.889965549149" lon="13.878242969513" />
      <trkpt lat="52.890098249918" lon="13.878280520439" />
      <trkpt lat="52.890298918603" lon="13.878339529037" />
      <trkpt lat="52.890463984082" lon="13.878393173218" />
      <trkpt lat="52.89072614561" lon="13.87852191925" />
      <trkpt lat="52.890894446003" lon="13.878623843193" />
      <trkpt lat="52.891085401426" lon="13.878865242004" />
      <trkpt lat="52.891253700423" lon="13.879133462906" />
      <trkpt lat="52.891354032207" lon="13.879364132881" />
      <trkpt lat="52.891447890762" lon="13.879648447037" />
      <trkpt lat="52.891535276131" lon="13.880104422569" />
      <trkpt lat="52.891583823482" lon="13.880710601807" />
      <trkpt lat="52.891638843747" lon="13.88165473938" />
      <trkpt lat="52.891674445058" lon="13.882223367691" />
      <trkpt lat="52.891722992253" lon="13.882872462273" />
      <trkpt lat="52.891732701685" lon="13.883076310158" />
      <trkpt lat="52.891778012342" lon="13.883113861084" />
      <trkpt lat="52.89182332295" lon="13.883119225502" />
      <trkpt lat="52.891897761705" lon="13.883108496666" />
      <trkpt lat="52.891981909708" lon="13.883119225502" />
      <trkpt lat="52.892072530452" lon="13.883135318756" />
      <trkpt lat="52.892156678116" lon="13.8831782341" />
      <trkpt lat="52.892234352738" lon="13.883188962936" />
      <trkpt lat="52.892496503559" lon="13.883076310158" />
      <trkpt lat="52.892784543991" lon="13.882958292961" />
      <trkpt lat="52.893189091928" lon="13.88279736042" />
      <trkpt lat="52.893124364512" lon="13.882271647453" />
      <trkpt lat="52.893069346132" lon="13.881826400757" />
      <trkpt lat="52.893024036826" lon="13.881429433823" />
      <trkpt lat="52.892891345013" lon="13.880522847176" />
      <trkpt lat="52.892797489584" lon="13.879846930504" />
      <trkpt lat="52.892700397546" lon="13.879144191742" />
      <trkpt lat="52.892634051195" lon="13.878640606999" />
      <trkpt lat="52.892663583425" lon="13.878639265895" />
      <trkpt lat="52.892757843695" lon="13.878690227866" />
      <trkpt lat="52.892818526163" lon="13.878741189837" />
      <trkpt lat="52.892884467683" lon="13.878792151809" />
      <trkpt lat="52.892960927356" lon="13.878840431571" />
      <trkpt lat="52.8930519506" lon="13.878900781274" />
      <trkpt lat="52.893121128138" lon="13.878883346915" />
      <trkpt lat="52.893226714694" lon="13.878858536482" />
      <trkpt lat="52.893284160145" lon="13.878796845675" />
      <trkpt lat="52.893388532671" lon="13.878682181239" />
      <trkpt lat="52.893426559808" lon="13.878595679998" />
      <trkpt lat="52.893481577734" lon="13.878471627831" />
      <trkpt lat="52.893509086671" lon="13.878368362784" />
      <trkpt lat="52.893523650219" lon="13.878315389156" />
      <trkpt lat="52.893564509035" lon="13.878194689751" />
      <trkpt lat="52.893587567954" lon="13.878124281764" />
      <trkpt lat="52.893617504076" lon="13.878007605672" />
      <trkpt lat="52.893630853962" lon="13.877953961492" />
      <trkpt lat="52.893644203843" lon="13.877904340625" />
      <trkpt lat="52.893670903594" lon="13.877799734473" />
      <trkpt lat="52.893682230756" lon="13.87775413692" />
      <trkpt lat="52.893701244199" lon="13.877682387829" />
      <trkpt lat="52.89371135773" lon="13.877639472485" />
      <trkpt lat="52.893724303046" lon="13.877591192722" />
      <trkpt lat="52.893733607489" lon="13.877553641796" />
      <trkpt lat="52.893749789124" lon="13.877492621541" />
      <trkpt lat="52.893773657026" lon="13.877390697598" />
      <trkpt lat="52.893794693132" lon="13.877300843596" />
      <trkpt lat="52.893812897446" lon="13.877227082849" />
      <trkpt lat="52.893829079052" lon="13.87715600431" />
      <trkpt lat="52.893854969609" lon="13.877042010427" />
      <trkpt lat="52.89388086015" lon="13.876946792006" />
      <trkpt lat="52.893920909551" lon="13.876800611615" />
      <trkpt lat="52.893949227287" lon="13.876689970493" />
      <trkpt lat="52.893980781314" lon="13.876620903611" />
      <trkpt lat="52.894013144395" lon="13.876545801759" />
      <trkpt lat="52.894035798537" lon="13.876493498683" />
      <trkpt lat="52.894061688971" lon="13.876437172294" />
      <trkpt lat="52.894087983926" lon="13.876418396831" />
      <trkpt lat="52.894114278866" lon="13.87640029192" />
      <trkpt lat="52.894124796838" lon="13.87639157474" />
      <trkpt lat="52.894130055823" lon="13.876388221979" />
      <trkpt lat="52.894124796838" lon="13.876383528113" />
    </trkseg>
    <name>83-85</name>
  </trk>
  <trk>
    <trkseg>
      <trkpt lat="52.839771504195" lon="13.904740512371" />
      <trkpt lat="52.839774339506" lon="13.90472240746" />
      <trkpt lat="52.839784465616" lon="13.904723078012" />
      <trkpt lat="52.839813628797" lon="13.90473112464" />
      <trkpt lat="52.839876815624" lon="13.904744535685" />
      <trkpt lat="52.839973215862" lon="13.904764652252" />
      <trkpt lat="52.840040452876" lon="13.904778063297" />
      <trkpt lat="52.840122271271" lon="13.904795497656" />
      <trkpt lat="52.840157104799" lon="13.904812932014" />
      <trkpt lat="52.840242163294" lon="13.904902786016" />
      <trkpt lat="52.840302109182" lon="13.904992640018" />
      <trkpt lat="52.840409039478" lon="13.905175030231" />
      <trkpt lat="52.84052569041" lon="13.90539765358" />
      <trkpt lat="52.840619658989" lon="13.905577361584" />
      <trkpt lat="52.840702286364" lon="13.905767798424" />
      <trkpt lat="52.840828657339" lon="13.906030654907" />
      <trkpt lat="52.841003631929" lon="13.906306922436" />
      <trkpt lat="52.841172125312" lon="13.906577825546" />
      <trkpt lat="52.841322796726" lon="13.906792402267" />
      <trkpt lat="52.841436204973" lon="13.906953334808" />
      <trkpt lat="52.841535031917" lon="13.907065987587" />
      <trkpt lat="52.841567434145" lon="13.907100856304" />
      <trkpt lat="52.841656540147" lon="13.90716791153" />
      <trkpt lat="52.841740785654" lon="13.907210826874" />
      <trkpt lat="52.841825030997" lon="13.907218873501" />
      <trkpt lat="52.841917376666" lon="13.907232284546" />
      <trkpt lat="52.841977320241" lon="13.907237648964" />
      <trkpt lat="52.84205184457" lon="13.907264471054" />
      <trkpt lat="52.842181451794" lon="13.907310068607" />
      <trkpt lat="52.842233294576" lon="13.907331526279" />
      <trkpt lat="52.84231591888" lon="13.907326161861" />
      <trkpt lat="52.842361281177" lon="13.90732884407" />
      <trkpt lat="52.842477926865" lon="13.907288610935" />
      <trkpt lat="52.842511948465" lon="13.907283246517" />
      <trkpt lat="52.842560550704" lon="13.907251060009" />
      <trkpt lat="52.842592952167" lon="13.907232284546" />
      <trkpt lat="52.842630213819" lon="13.907200098038" />
      <trkpt lat="52.842753339051" lon="13.906998932362" />
      <trkpt lat="52.842850542935" lon="13.906819224358" />
      <trkpt lat="52.843012548925" lon="13.906502723694" />
      <trkpt lat="52.84317293426" lon="13.906272053719" />
      <trkpt lat="52.843411081088" lon="13.905963599682" />
      <trkpt lat="52.843670287036" lon="13.905631005764" />
      <trkpt lat="52.843935971526" lon="13.905276954174" />
      <trkpt lat="52.844182214236" lon="13.904949724674" />
      <trkpt lat="52.844368515359" lon="13.9046895504" />
      <trkpt lat="52.844608275627" lon="13.904378414154" />
      <trkpt lat="52.844723295286" lon="13.904228210449" />
      <trkpt lat="52.8450375728" lon="13.903876841068" />
      <trkpt lat="52.845141251481" lon="13.903772234917" />
      <trkpt lat="52.845219010329" lon="13.903686404228" />
      <trkpt lat="52.845298389009" lon="13.903632760048" />
      <trkpt lat="52.845381007482" lon="13.903581798077" />
      <trkpt lat="52.845628861956" lon="13.903442323208" />
      <trkpt lat="52.845996591152" lon="13.903214335442" />
      <trkpt lat="52.846153725585" lon="13.903104364872" />
      <trkpt lat="52.846216903186" lon="13.903058767319" />
      <trkpt lat="52.846375656753" lon="13.902986347675" />
      <trkpt lat="52.846495531511" lon="13.902943432331" />
      <trkpt lat="52.846589487171" lon="13.902921974659" />
      <trkpt lat="52.846992846229" lon="13.902908563614" />
      <trkpt lat="52.847185614897" lon="13.902884423733" />
      <trkpt lat="52.847292528243" lon="13.902841508389" />
      <trkpt lat="52.847533892253" lon="13.902763724327" />
      <trkpt lat="52.847731518162" lon="13.902677893639" />
      <trkpt lat="52.847953441265" lon="13.902581334114" />
      <trkpt lat="52.848128387146" lon="13.902495503426" />
      <trkpt lat="52.848290373444" lon="13.902420401573" />
      <trkpt lat="52.848395664213" lon="13.902385532856" />
      <trkpt lat="52.848716394522" lon="13.902305066586" />
      <trkpt lat="52.849043601789" lon="13.902232646942" />
      <trkpt lat="52.849390244422" lon="13.902162909508" />
      <trkpt lat="52.849689909887" lon="13.902128040791" />
      <trkpt lat="52.849842171547" lon="13.902093172073" />
      <trkpt lat="52.849934500166" lon="13.902079761028" />
      <trkpt lat="52.850091620347" lon="13.902066349983" />
      <trkpt lat="52.850277896114" lon="13.902122676373" />
      <trkpt lat="52.850535441291" lon="13.902326524258" />
      <trkpt lat="52.850988976255" lon="13.902790546417" />
      <trkpt lat="52.851180107427" lon="13.90286564827" />
      <trkpt lat="52.851389054949" lon="13.902954161167" />
      <trkpt lat="52.851604480411" lon="13.902986347675" />
      <trkpt lat="52.851768073469" lon="13.903018534184" />
      <trkpt lat="52.852101736607" lon="13.903096318245" />
      <trkpt lat="52.852424059241" lon="13.903238475323" />
      <trkpt lat="52.852759337029" lon="13.903385996819" />
      <trkpt lat="52.85298771317" lon="13.903504014015" />
      <trkpt lat="52.853104330311" lon="13.903592526913" />
      <trkpt lat="52.853209609405" lon="13.903664946556" />
      <trkpt lat="52.853386153774" lon="13.903782963753" />
      <trkpt lat="52.853535163141" lon="13.903892934322" />
      <trkpt lat="52.853599949663" lon="13.903935849667" />
      <trkpt lat="52.853680932679" lon="13.903909027576" />
      <trkpt lat="52.853770013823" lon="13.903882205486" />
      <trkpt lat="52.853886628862" lon="13.903858065605" />
      <trkpt lat="52.853927120121" lon="13.903858065605" />
      <trkpt lat="52.853923880822" lon="13.903986811638" />
      <trkpt lat="52.853920641522" lon="13.904319405556" />
      <trkpt lat="52.853917402222" lon="13.904761970043" />
      <trkpt lat="52.853923880822" lon="13.905166983604" />
      <trkpt lat="52.853938457667" lon="13.905617594719" />
      <trkpt lat="52.853957893453" lon="13.905837535858" />
      <trkpt lat="52.853996765" lon="13.906009197235" />
      <trkpt lat="52.854079366919" lon="13.906266689301" />
      <trkpt lat="52.854163588323" lon="13.906569778919" />
      <trkpt lat="52.854236472098" lon="13.906776309013" />
      <trkpt lat="52.85429477903" lon="13.906910419464" />
      <trkpt lat="52.85439519634" lon="13.907157182693" />
      <trkpt lat="52.854532864856" lon="13.907462954521" />
      <trkpt lat="52.854633281616" lon="13.907680213451" />
      <trkpt lat="52.854681870287" lon="13.9078733325" />
      <trkpt lat="52.854714262704" lon="13.907988667488" />
      <trkpt lat="52.854738557001" lon="13.908109366894" />
      <trkpt lat="52.854782286702" lon="13.908321261406" />
      <trkpt lat="52.85480172211" lon="13.908484876156" />
      <trkpt lat="52.85480658096" lon="13.908629715443" />
      <trkpt lat="52.854803341727" lon="13.908790647984" />
      <trkpt lat="52.854798482876" lon="13.908919394016" />
      <trkpt lat="52.854792004407" lon="13.909032046795" />
      <trkpt lat="52.854746655097" lon="13.909370005131" />
      <trkpt lat="52.854625183498" lon="13.909962773323" />
      <trkpt lat="52.854461601208" lon="13.910689651966" />
      <trkpt lat="52.854315834292" lon="13.911357522011" />
      <trkpt lat="52.854213797159" lon="13.911875188351" />
      <trkpt lat="52.854085845495" lon="13.91247600317" />
      <trkpt lat="52.853991906058" lon="13.912945389748" />
      <trkpt lat="52.853876910954" lon="13.913551568985" />
      <trkpt lat="52.853821842768" lon="13.913889527321" />
      <trkpt lat="52.853815364153" lon="13.913986086845" />
      <trkpt lat="52.85378135141" lon="13.914377689362" />
      <trkpt lat="52.853761915545" lon="13.914619088173" />
      <trkpt lat="52.853744099327" lon="13.914804160595" />
      <trkpt lat="52.853731142074" lon="13.914908766747" />
      <trkpt lat="52.853757056577" lon="13.914906084538" />
      <trkpt lat="52.853810505191" lon="13.914892673492" />
      <trkpt lat="52.853849376869" lon="13.914889991283" />
      <trkpt lat="52.853867193044" lon="13.914916813374" />
      <trkpt lat="52.853910923622" lon="13.914962410927" />
      <trkpt lat="52.853954654156" lon="13.91500800848" />
      <trkpt lat="52.85400162394" lon="13.915075063705" />
      <trkpt lat="52.854030777574" lon="13.91511797905" />
      <trkpt lat="52.854056691898" lon="13.915160894394" />
      <trkpt lat="52.854090704426" lon="13.915201127529" />
      <trkpt lat="52.854140913346" lon="13.915249407291" />
      <trkpt lat="52.854278582668" lon="13.915316462517" />
      <trkpt lat="52.85468510953" lon="13.915509581566" />
      <trkpt lat="52.854798482876" lon="13.915571272373" />
      <trkpt lat="52.855182330435" lon="13.915775120258" />
      <trkpt lat="52.855370203952" lon="13.915874361992" />
      <trkpt lat="52.855692907211" lon="13.916050046682" />
      <trkpt lat="52.85580587303" lon="13.916109055281" />
      <trkpt lat="52.855908311314" lon="13.916164040565" />
      <trkpt lat="52.856006295534" lon="13.916217684746" />
      <trkpt lat="52.856105089316" lon="13.916267976165" />
      <trkpt lat="52.856200238853" lon="13.916319608688" />
      <trkpt lat="52.856306725108" lon="13.916377276182" />
      <trkpt lat="52.856432240891" lon="13.916443660855" />
      <trkpt lat="52.856533867921" lon="13.916500657797" />
      <trkpt lat="52.856693393535" lon="13.916584476829" />
      <trkpt lat="52.856786922239" lon="13.916637450457" />
      <trkpt lat="52.856860206494" lon="13.916676342487" />
      <trkpt lat="52.856975598578" lon="13.916740044951" />
      <trkpt lat="52.857068316908" lon="13.916791677475" />
      <trkpt lat="52.857186947495" lon="13.916856050491" />
      <trkpt lat="52.857289787401" lon="13.916911706328" />
      <trkpt lat="52.857390197782" lon="13.91696870327" />
      <trkpt lat="52.857516925068" lon="13.917035087943" />
      <trkpt lat="52.857626647116" lon="13.917096108198" />
      <trkpt lat="52.857777666308" lon="13.917177915573" />
      <trkpt lat="52.857898319333" lon="13.917245641351" />
      <trkpt lat="52.858005611171" lon="13.917303308845" />
      <trkpt lat="52.858097517554" lon="13.917354270816" />
      <trkpt lat="52.858213716093" lon="13.91741797328" />
      <trkpt lat="52.858301573319" lon="13.917466923594" />
      <trkpt lat="52.858379308596" lon="13.917511180043" />
      <trkpt lat="52.85844773172" lon="13.917548730969" />
      <trkpt lat="52.858512915779" lon="13.917585611343" />
      <trkpt lat="52.858596318842" lon="13.917633891106" />
      <trkpt lat="52.858653405312" lon="13.917667418718" />
      <trkpt lat="52.858705633293" lon="13.917708992958" />
      <trkpt lat="52.858753002803" lon="13.917749226093" />
      <trkpt lat="52.858791870055" lon="13.917782083154" />
      <trkpt lat="52.858833166472" lon="13.917848467827" />
      <trkpt lat="52.858902803478" lon="13.917949721217" />
      <trkpt lat="52.859029526347" lon="13.918142840266" />
      <trkpt lat="52.859255440321" lon="13.918484151363" />
      <trkpt lat="52.859425482322" lon="13.918736279011" />
      <trkpt lat="52.859670017745" lon="13.919095695019" />
      <trkpt lat="52.85981900554" lon="13.919321000576" />
      <trkpt lat="52.860026292055" lon="13.919629454613" />
      <trkpt lat="52.860225480507" lon="13.919924497604" />
      <trkpt lat="52.860515354752" lon="13.920348286629" />
      <trkpt lat="52.860785794341" lon="13.920750617981" />
      <trkpt lat="52.861070806694" lon="13.921163678169" />
      <trkpt lat="52.861339623448" lon="13.92156869173" />
      <trkpt lat="52.861619774076" lon="13.92197906971" />
      <trkpt lat="52.861940406679" lon="13.922445774078" />
      <trkpt lat="52.862236746827" lon="13.922901749611" />
      <trkpt lat="52.862534704279" lon="13.923325538635" />
      <trkpt lat="52.862727403933" lon="13.923604488373" />
      <trkpt lat="52.862936295869" lon="13.923899531364" />
      <trkpt lat="52.863116039288" lon="13.924170434475" />
      <trkpt lat="52.863524102664" lon="13.924757838249" />
      <trkpt lat="52.86390301522" lon="13.925321102142" />
      <trkpt lat="52.863996933205" lon="13.925401568413" />
      <trkpt lat="52.864194484165" lon="13.925616145134" />
      <trkpt lat="52.864298117096" lon="13.925723433495" />
      <trkpt lat="52.864338598642" lon="13.925471305847" />
      <trkpt lat="52.864367745332" lon="13.92524600029" />
      <trkpt lat="52.864403369038" lon="13.925009965897" />
      <trkpt lat="52.864438992714" lon="13.924744427204" />
      <trkpt lat="52.864460043055" lon="13.924567401409" />
      <trkpt lat="52.864489189663" lon="13.924350142479" />
      <trkpt lat="52.86455719834" lon="13.923899531364" />
      <trkpt lat="52.864749889012" lon="13.923735916615" />
      <trkpt lat="52.865059163848" lon="13.923486471176" />
      <trkpt lat="52.865383009481" lon="13.92309486866" />
      <trkpt lat="52.865782955502" lon="13.92260402441" />
      <trkpt lat="52.865956210326" lon="13.922392129898" />
      <trkpt lat="52.866218520052" lon="13.92208635807" />
      <trkpt lat="52.866422537631" lon="13.921836912632" />
      <trkpt lat="52.866652461054" lon="13.921552598476" />
      <trkpt lat="52.866861334093" lon="13.921289741993" />
      <trkpt lat="52.867044299573" lon="13.921067118645" />
      <trkpt lat="52.86726450479" lon="13.920788168907" />
      <trkpt lat="52.867474994027" lon="13.920525312424" />
      <trkpt lat="52.86774539024" lon="13.920190036297" />
      <trkpt lat="52.868009308272" lon="13.919857442379" />
      <trkpt lat="52.868328274549" lon="13.919476568699" />
      <trkpt lat="52.868575998008" lon="13.91917347908" />
      <trkpt lat="52.868833434614" lon="13.918856978416" />
      <trkpt lat="52.868995343647" lon="13.918658494949" />
      <trkpt lat="52.869204205407" lon="13.918398320675" />
      <trkpt lat="52.869506972218" lon="13.91803085804" />
      <trkpt lat="52.869683450294" lon="13.917808234692" />
      <trkpt lat="52.869848594265" lon="13.917615115643" />
      <trkpt lat="52.870054213821" lon="13.917365670204" />
      <trkpt lat="52.870243641999" lon="13.917148411274" />
      <trkpt lat="52.870386117348" lon="13.916976749897" />
      <trkpt lat="52.870577163104" lon="13.916754126549" />
      <trkpt lat="52.870752017804" lon="13.916542232037" />
      <trkpt lat="52.870862111143" lon="13.916413486004" />
      <trkpt lat="52.87093334786" lon="13.916327655315" />
      <trkpt lat="52.871056392824" lon="13.916177451611" />
      <trkpt lat="52.871176199427" lon="13.916040658951" />
      <trkpt lat="52.8712976247" lon="13.915893137455" />
      <trkpt lat="52.871441715583" lon="13.915724158287" />
      <trkpt lat="52.871603614881" lon="13.915531039238" />
      <trkpt lat="52.87175579967" lon="13.915348649025" />
      <trkpt lat="52.871891794136" lon="13.915193080902" />
      <trkpt lat="52.871984075852" lon="13.915075063705" />
      <trkpt lat="52.872137878276" lon="13.914889991283" />
      <trkpt lat="52.872273871545" lon="13.914755880833" />
      <trkpt lat="52.872502145001" lon="13.914541304111" />
      <trkpt lat="52.872652707686" lon="13.914385735989" />
      <trkpt lat="52.872864789723" lon="13.914149701595" />
      <trkpt lat="52.873052586691" lon="13.913916349411" />
      <trkpt lat="52.873263047844" lon="13.913669586182" />
      <trkpt lat="52.873413607888" lon="13.913436233997" />
      <trkpt lat="52.87351559988" lon="13.913280665874" />
      <trkpt lat="52.873700156207" lon="13.912931978703" />
      <trkpt lat="52.873874998319" lon="13.912615478039" />
      <trkpt lat="52.874054696421" lon="13.912301659584" />
      <trkpt lat="52.874261914931" lon="13.911987841129" />
      <trkpt lat="52.874567884201" lon="13.911545276642" />
      <trkpt lat="52.874778338001" lon="13.911226093769" />
      <trkpt lat="52.875060020721" lon="13.910807669163" />
      <trkpt lat="52.875285041809" lon="13.910467028618" />
      <trkpt lat="52.875451783301" lon="13.910206854343" />
      <trkpt lat="52.875718892122" lon="13.909817934036" />
      <trkpt lat="52.876000568734" lon="13.909391462803" />
      <trkpt lat="52.876094460531" lon="13.909241259098" />
      <trkpt lat="52.87623853548" lon="13.90901863575" />
      <trkpt lat="52.876499164227" lon="13.908608257771" />
      <trkpt lat="52.87678569216" lon="13.908154964447" />
      <trkpt lat="52.876973472152" lon="13.907892107964" />
      <trkpt lat="52.877177439153" lon="13.907562196255" />
      <trkpt lat="52.877389499065" lon="13.907232284546" />
      <trkpt lat="52.877625839425" lon="13.906856775284" />
      <trkpt lat="52.877875128545" lon="13.906454443932" />
      <trkpt lat="52.878088803794" lon="13.906151354313" />
      <trkpt lat="52.878317046647" lon="13.905834853649" />
      <trkpt lat="52.878496726345" lon="13.905585408211" />
      <trkpt lat="52.878686117654" lon="13.905301094055" />
      <trkpt lat="52.87893540068" lon="13.904930949211" />
      <trkpt lat="52.87917497003" lon="13.904566168785" />
      <trkpt lat="52.879401588467" lon="13.904209434986" />
      <trkpt lat="52.879501947682" lon="13.904045820236" />
      <trkpt lat="52.879637917861" lon="13.903809785843" />
      <trkpt lat="52.879717233602" lon="13.903689086437" />
      <trkpt lat="52.88024492239" lon="13.90297293663" />
      <trkpt lat="52.88038898355" lon="13.902766406536" />
      <trkpt lat="52.880521713634" lon="13.902554512024" />
      <trkpt lat="52.880714333399" lon="13.902280926704" />
      <trkpt lat="52.880861630289" lon="13.902069032192" />
      <trkpt lat="52.880994358926" lon="13.901875913143" />
      <trkpt lat="52.881165934367" lon="13.901621103287" />
      <trkpt lat="52.881329415995" lon="13.901390433311" />
      <trkpt lat="52.881486422524" lon="13.901165127754" />
      <trkpt lat="52.881640191253" lon="13.900921046734" />
      <trkpt lat="52.881818238573" lon="13.900666236877" />
      <trkpt lat="52.881984954947" lon="13.900416791439" />
      <trkpt lat="52.882048080397" lon="13.900317549706" />
      <trkpt lat="52.882101494168" lon="13.900229036808" />
      <trkpt lat="52.882218033075" lon="13.900062739849" />
      <trkpt lat="52.882373417798" lon="13.899837434292" />
      <trkpt lat="52.882587070882" lon="13.899526298046" />
      <trkpt lat="52.882729505687" lon="13.899306356907" />
      <trkpt lat="52.88291887851" lon="13.899003267288" />
      <trkpt lat="52.883249065043" lon="13.898515105247" />
      <trkpt lat="52.883446528336" lon="13.898190557957" />
      <trkpt lat="52.88362456824" lon="13.897898197174" />
      <trkpt lat="52.883718443531" lon="13.897750675678" />
      <trkpt lat="52.883788040599" lon="13.897643387318" />
      <trkpt lat="52.883940182636" lon="13.897353708744" />
      <trkpt lat="52.884032438718" lon="13.897184729576" />
      <trkpt lat="52.884145735392" lon="13.896988928318" />
      <trkpt lat="52.884310824301" lon="13.896699249744" />
      <trkpt lat="52.88448076811" lon="13.896393477917" />
      <trkpt lat="52.884513138284" lon="13.896326422691" />
      <trkpt lat="52.884535797391" lon="13.896299600601" />
      <trkpt lat="52.884539034406" lon="13.89627546072" />
      <trkpt lat="52.884532560377" lon="13.896243274212" />
      <trkpt lat="52.884513138284" lon="13.89594823122" />
      <trkpt lat="52.88450828276" lon="13.895666599274" />
      <trkpt lat="52.884485623638" lon="13.894950449467" />
      <trkpt lat="52.884459727484" lon="13.894650042057" />
      <trkpt lat="52.88444192387" lon="13.894250392914" />
      <trkpt lat="52.884411172155" lon="13.893864154816" />
      <trkpt lat="52.884385275957" lon="13.893582522869" />
      <trkpt lat="52.884378801905" lon="13.89336258173" />
      <trkpt lat="52.884346431631" lon="13.892847597599" />
      <trkpt lat="52.884330246485" lon="13.892630338669" />
      <trkpt lat="52.884301113206" lon="13.892260193825" />
      <trkpt lat="52.884254176217" lon="13.891868591309" />
      <trkpt lat="52.884228279925" lon="13.891659379005" />
      <trkpt lat="52.884165157649" lon="13.891342878342" />
      <trkpt lat="52.884129550171" lon="13.891147747636" />
      <trkpt lat="52.884077352792" lon="13.890819177032" />
      <trkpt lat="52.884045386924" lon="13.8906314224" />
      <trkpt lat="52.884031629455" lon="13.890418857336" />
      <trkpt lat="52.884014634928" lon="13.890151977539" />
      <trkpt lat="52.884000472817" lon="13.889872357249" />
      <trkpt lat="52.884019490508" lon="13.889602124691" />
      <trkpt lat="52.884036485033" lon="13.889396935701" />
      <trkpt lat="52.884067237014" lon="13.889093846083" />
      <trkpt lat="52.884142902979" lon="13.888840377331" />
      <trkpt lat="52.884192672499" lon="13.888672068715" />
      <trkpt lat="52.884233135481" lon="13.888527229428" />
      <trkpt lat="52.884294639142" lon="13.888362273574" />
      <trkpt lat="52.88436544917" lon="13.888192623854" />
      <trkpt lat="52.88442371562" lon="13.888056501746" />
      <trkpt lat="52.884450016423" lon="13.887986764312" />
      <trkpt lat="52.884490883792" lon="13.887880146503" />
      <trkpt lat="52.884534178884" lon="13.887767493725" />
      <trkpt lat="52.884579901691" lon="13.887652158737" />
      <trkpt lat="52.88460296539" lon="13.887598514557" />
      <trkpt lat="52.884673774914" lon="13.88743288815" />
      <trkpt lat="52.8847312317" lon="13.887300789356" />
      <trkpt lat="52.884749439821" lon="13.887259215117" />
      <trkpt lat="52.884789902283" lon="13.887159302831" />
      <trkpt lat="52.884865162364" lon="13.886981606483" />
      <trkpt lat="52.884927474374" lon="13.886691257358" />
      <trkpt lat="52.88496348582" lon="13.886518925428" />
      <trkpt lat="52.884999901859" lon="13.886354640126" />
      <trkpt lat="52.885033080889" lon="13.886206448078" />
      <trkpt lat="52.885048861151" lon="13.886127993464" />
      <trkpt lat="52.885077184683" lon="13.886000588536" />
      <trkpt lat="52.885104294332" lon="13.885886594653" />
      <trkpt lat="52.8851435426" lon="13.885723650455" />
      <trkpt lat="52.885200189523" lon="13.885484263301" />
      <trkpt lat="52.885262905672" lon="13.885212689638" />
      <trkpt lat="52.885296084501" lon="13.884869366884" />
      <trkpt lat="52.885308627711" lon="13.884674906731" />
      <trkpt lat="52.885328858686" lon="13.884375840425" />
      <trkpt lat="52.885332095641" lon="13.884115666151" />
      <trkpt lat="52.885335332596" lon="13.883809894323" />
      <trkpt lat="52.885339378789" lon="13.883554413915" />
      <trkpt lat="52.885340997266" lon="13.883253335953" />
      <trkpt lat="52.885326835589" lon="13.883078321815" />
      <trkpt lat="52.885302558416" lon="13.882773891091" />
      <trkpt lat="52.88527909047" lon="13.882637098432" />
      <trkpt lat="52.885240246945" lon="13.882417157292" />
      <trkpt lat="52.885206663452" lon="13.88224683702" />
      <trkpt lat="52.885159727443" lon="13.882002756" />
      <trkpt lat="52.885134640935" lon="13.881902173162" />
      <trkpt lat="52.885093774172" lon="13.881746605039" />
      <trkpt lat="52.885054930481" lon="13.881591707468" />
      <trkpt lat="52.885009612797" lon="13.881330192089" />
      <trkpt lat="52.884976433748" lon="13.88112232089" />
      <trkpt lat="52.884971578276" lon="13.881063982844" />
      <trkpt lat="52.884959844215" lon="13.88089299202" />
      <trkpt lat="52.884964295066" lon="13.880726695061" />
      <trkpt lat="52.884972387521" lon="13.880664333701" />
      <trkpt lat="52.884980884598" lon="13.880584537983" />
      <trkpt lat="52.884990190918" lon="13.880508095026" />
      <trkpt lat="52.884998283369" lon="13.880430310965" />
      <trkpt lat="52.885004352706" lon="13.880395442247" />
      <trkpt lat="52.885023369956" lon="13.880296200514" />
      <trkpt lat="52.885046433419" lon="13.880169466138" />
      <trkpt lat="52.885067878382" lon="13.880044743419" />
      <trkpt lat="52.885095392658" lon="13.879895210266" />
      <trkpt lat="52.885126953131" lon="13.879716172814" />
      <trkpt lat="52.885166605999" lon="13.879513666034" />
      <trkpt lat="52.885191692489" lon="13.879418447614" />
      <trkpt lat="52.885231749919" lon="13.879249468446" />
      <trkpt lat="52.885256836371" lon="13.879142180085" />
      <trkpt lat="52.88527989971" lon="13.879047632217" />
      <trkpt lat="52.885323598633" lon="13.878866583109" />
      <trkpt lat="52.88534989889" lon="13.878754600883" />
      <trkpt lat="52.885375794512" lon="13.878648653626" />
      <trkpt lat="52.88540411783" lon="13.878532648087" />
      <trkpt lat="52.885437296552" lon="13.878395855427" />
      <trkpt lat="52.88547816299" lon="13.878229558468" />
      <trkpt lat="52.885507295478" lon="13.878106847405" />
      <trkpt lat="52.885534404858" lon="13.877992853522" />
      <trkpt lat="52.885563537308" lon="13.87787617743" />
      <trkpt lat="52.8855870051" lon="13.877777606249" />
      <trkpt lat="52.885613709814" lon="13.877675682306" />
      <trkpt lat="52.885628276014" lon="13.87762337923" />
      <trkpt lat="52.885655789935" lon="13.877521455288" />
      <trkpt lat="52.885683708455" lon="13.877421543002" />
      <trkpt lat="52.885705962335" lon="13.877342417836" />
      <trkpt lat="52.885720123888" lon="13.877294138074" />
      <trkpt lat="52.885747233136" lon="13.877189531922" />
      <trkpt lat="52.885762203907" lon="13.877139911056" />
      <trkpt lat="52.885801856194" lon="13.876993060112" />
      <trkpt lat="52.88582127771" lon="13.876938074827" />
      <trkpt lat="52.88583665307" lon="13.876889795065" />
      <trkpt lat="52.885857288413" lon="13.876830115914" />
      <trkpt lat="52.885869022231" lon="13.876796588302" />
      <trkpt lat="52.885881565275" lon="13.876759037375" />
      <trkpt lat="52.885892489858" lon="13.876728191972" />
      <trkpt lat="52.88589855907" lon="13.876710757613" />
      <trkpt lat="52.885904628281" lon="13.876715451479" />
      <trkpt lat="52.885914743631" lon="13.876724168658" />
      <trkpt lat="52.885924858978" lon="13.876732215285" />
      <trkpt lat="52.885932951254" lon="13.876738920808" />
      <trkpt lat="52.885941043529" lon="13.876748308539" />
      <trkpt lat="52.885940234301" lon="13.876758366823" />
    </trkseg>
    <name>85-88</name>
  </trk>
  <trk>
    <trkseg>
      <trkpt lat="52.842329892093" lon="13.767953887582" />
      <trkpt lat="52.842308831017" lon="13.767925724387" />
      <trkpt lat="52.842293845246" lon="13.76783721149" />
      <trkpt lat="52.842279669511" lon="13.767750710249" />
      <trkpt lat="52.842262658623" lon="13.767680302262" />
      <trkpt lat="52.842242002537" lon="13.767623305321" />
      <trkpt lat="52.842225801677" lon="13.767556250095" />
      <trkpt lat="52.842201905399" lon="13.767424821854" />
      <trkpt lat="52.842175983997" lon="13.76727797091" />
      <trkpt lat="52.842151682669" lon="13.767153918743" />
      <trkpt lat="52.842126976305" lon="13.767048642039" />
      <trkpt lat="52.842105105086" lon="13.766978904605" />
      <trkpt lat="52.84208809413" lon="13.766943365335" />
      <trkpt lat="52.842063792752" lon="13.766911178827" />
      <trkpt lat="52.842040301408" lon="13.76688234508" />
      <trkpt lat="52.842022075356" lon="13.76686424017" />
      <trkpt lat="52.841992508634" lon="13.766839429736" />
      <trkpt lat="52.841962131843" lon="13.766818642616" />
      <trkpt lat="52.841932970104" lon="13.766804561019" />
      <trkpt lat="52.841905428444" lon="13.766796514392" />
      <trkpt lat="52.841871001344" lon="13.766789138317" />
      <trkpt lat="52.841835764166" lon="13.766786456108" />
      <trkpt lat="52.841768529931" lon="13.766781762242" />
      <trkpt lat="52.841741393193" lon="13.766780421138" />
      <trkpt lat="52.8416065193" lon="13.766783103347" />
      <trkpt lat="52.841555485826" lon="13.766789138317" />
      <trkpt lat="52.841534019347" lon="13.766792491078" />
      <trkpt lat="52.841455443842" lon="13.766807243228" />
      <trkpt lat="52.84132988475" lon="13.766832053661" />
      <trkpt lat="52.841263054763" lon="13.766846805811" />
      <trkpt lat="52.841161797011" lon="13.76687027514" />
      <trkpt lat="52.841078765478" lon="13.766890391707" />
      <trkpt lat="52.840998569017" lon="13.766907155514" />
      <trkpt lat="52.840927688183" lon="13.766927272081" />
      <trkpt lat="52.840851541788" lon="13.766948729753" />
      <trkpt lat="52.840749473005" lon="13.766978904605" />
      <trkpt lat="52.840665225575" lon="13.767003044486" />
      <trkpt lat="52.840571257095" lon="13.767031207681" />
      <trkpt lat="52.840482553904" lon="13.767057359219" />
      <trkpt lat="52.84038817999" lon="13.767084181309" />
      <trkpt lat="52.840316893121" lon="13.767104968429" />
      <trkpt lat="52.840220493646" lon="13.767132461071" />
      <trkpt lat="52.840148396419" lon="13.767154589295" />
      <trkpt lat="52.840071438574" lon="13.767172023654" />
      <trkpt lat="52.839971798213" lon="13.767194151878" />
      <trkpt lat="52.839888359361" lon="13.767212256789" />
      <trkpt lat="52.839807350614" lon="13.767227679491" />
      <trkpt lat="52.839725126581" lon="13.767244443297" />
      <trkpt lat="52.839645332666" lon="13.767258524895" />
      <trkpt lat="52.839563918419" lon="13.767275288701" />
      <trkpt lat="52.8394780485" lon="13.76729272306" />
      <trkpt lat="52.839403519754" lon="13.767306804657" />
      <trkpt lat="52.839320484859" lon="13.767322897911" />
      <trkpt lat="52.839269448699" lon="13.767334967852" />
      <trkpt lat="52.839171831748" lon="13.767358437181" />
      <trkpt lat="52.839087581258" lon="13.767380565405" />
      <trkpt lat="52.839011431635" lon="13.767397999763" />
      <trkpt lat="52.838912193895" lon="13.767422810197" />
      <trkpt lat="52.838847790506" lon="13.767432868481" />
      <trkpt lat="52.838736805824" lon="13.767452314496" />
      <trkpt lat="52.838643643281" lon="13.76746840775" />
      <trkpt lat="52.838595846769" lon="13.767470419407" />
      <trkpt lat="52.83847716537" lon="13.767475783825" />
      <trkpt lat="52.838370635375" lon="13.767480477691" />
      <trkpt lat="52.838291244029" lon="13.767473101616" />
      <trkpt lat="52.838200915944" lon="13.767463713884" />
      <trkpt lat="52.838160410016" lon="13.767461031675" />
      <trkpt lat="52.838052259001" lon="13.767449632287" />
      <trkpt lat="52.837971246829" lon="13.767437562346" />
      <trkpt lat="52.837891044629" lon="13.767423480749" />
      <trkpt lat="52.837808411905" lon="13.767410069704" />
      <trkpt lat="52.837728614468" lon="13.767397999763" />
      <trkpt lat="52.837630994055" lon="13.767383247614" />
      <trkpt lat="52.837528107572" lon="13.767365813255" />
      <trkpt lat="52.837447094422" lon="13.767353743315" />
      <trkpt lat="52.837364460853" lon="13.767338991165" />
      <trkpt lat="52.837281827127" lon="13.767324239016" />
      <trkpt lat="52.837204864201" lon="13.767310157418" />
      <trkpt lat="52.837088204349" lon="13.767289370298" />
      <trkpt lat="52.836990987566" lon="13.767272606492" />
      <trkpt lat="52.836916454552" lon="13.767259195447" />
      <trkpt lat="52.836840706194" lon="13.767245784402" />
      <trkpt lat="52.836809515656" lon="13.767243102193" />
      <trkpt lat="52.836683538058" lon="13.767225667834" />
      <trkpt lat="52.83658834574" lon="13.767212927341" />
      <trkpt lat="52.836464797952" lon="13.767195492983" />
      <trkpt lat="52.836366769622" lon="13.767194822431" />
      <trkpt lat="52.836246461822" lon="13.767194151878" />
      <trkpt lat="52.836100228661" lon="13.767219632864" />
      <trkpt lat="52.836011516338" lon="13.767235055566" />
      <trkpt lat="52.83590214473" lon="13.767255172133" />
      <trkpt lat="52.835803710048" lon="13.767279312015" />
      <trkpt lat="52.835673678706" lon="13.767307475209" />
      <trkpt lat="52.835540811388" lon="13.767338991165" />
      <trkpt lat="52.835456958938" lon="13.767356425524" />
      <trkpt lat="52.835403082641" lon="13.767368495464" />
      <trkpt lat="52.835299380708" lon="13.767391964793" />
      <trkpt lat="52.83521714814" lon="13.767410069704" />
      <trkpt lat="52.835138561205" lon="13.767427504063" />
      <trkpt lat="52.835058353775" lon="13.767445608974" />
      <trkpt lat="52.834976930929" lon="13.767463043332" />
      <trkpt lat="52.834908875895" lon="13.767478466034" />
      <trkpt lat="52.834814489869" lon="13.767498582602" />
      <trkpt lat="52.834739548028" lon="13.767515346408" />
      <trkpt lat="52.834679594463" lon="13.767528086901" />
      <trkpt lat="52.834604247297" lon="13.767544180155" />
      <trkpt lat="52.834515937011" lon="13.76756362617" />
      <trkpt lat="52.834422765414" lon="13.767585754395" />
      <trkpt lat="52.834307718471" lon="13.767609894276" />
      <trkpt lat="52.834224673833" lon="13.767628669739" />
      <trkpt lat="52.83414243923" lon="13.76764677465" />
      <trkpt lat="52.834057368787" lon="13.767666891217" />
      <trkpt lat="52.833958524825" lon="13.767687678337" />
      <trkpt lat="52.833882771309" lon="13.767705112696" />
      <trkpt lat="52.833753949518" lon="13.767732605338" />
      <trkpt lat="52.833631608973" lon="13.767761439085" />
      <trkpt lat="52.833507647672" lon="13.767788261175" />
      <trkpt lat="52.833383280913" lon="13.76781642437" />
      <trkpt lat="52.833282814998" lon="13.767837882042" />
      <trkpt lat="52.833164524186" lon="13.767864704132" />
      <trkpt lat="52.83304096666" lon="13.767893537879" />
      <trkpt lat="52.832949412331" lon="13.767913654447" />
      <trkpt lat="52.832883379665" lon="13.767926394939" />
      <trkpt lat="52.83275252936" lon="13.767955899239" />
      <trkpt lat="52.832660569313" lon="13.767975345254" />
      <trkpt lat="52.832543897255" lon="13.768001496792" />
      <trkpt lat="52.832460444132" lon="13.768018260598" />
      <trkpt lat="52.832379826643" lon="13.768037706614" />
      <trkpt lat="52.832302044802" lon="13.768057823181" />
      <trkpt lat="52.832222642364" lon="13.768075928092" />
      <trkpt lat="52.83213675793" lon="13.768098056316" />
      <trkpt lat="52.83206059612" lon="13.768117502332" />
      <trkpt lat="52.831980383006" lon="13.768136277795" />
      <trkpt lat="52.831896118565" lon="13.768157064915" />
      <trkpt lat="52.831830894534" lon="13.768167123199" />
      <trkpt lat="52.831729614789" lon="13.768181875348" />
      <trkpt lat="52.831602812216" lon="13.768204003572" />
      <trkpt lat="52.831505988276" lon="13.768224790692" />
      <trkpt lat="52.831412810223" lon="13.768245577812" />
      <trkpt lat="52.831336647144" lon="13.768261671066" />
      <trkpt lat="52.831248735339" lon="13.768281787634" />
      <trkpt lat="52.831149074736" lon="13.768303915858" />
      <trkpt lat="52.83105468054" lon="13.768324702978" />
      <trkpt lat="52.830964742531" lon="13.768342807889" />
      <trkpt lat="52.830876829974" lon="13.7683609128" />
      <trkpt lat="52.830758937739" lon="13.768387064338" />
      <trkpt lat="52.830688040193" lon="13.768401145935" />
      <trkpt lat="52.830623219478" lon="13.76841455698" />
      <trkpt lat="52.830541383188" lon="13.768431320786" />
      <trkpt lat="52.830464408318" lon="13.768445402384" />
      <trkpt lat="52.830406474511" lon="13.768457472324" />
      <trkpt lat="52.830337602052" lon="13.768470212817" />
      <trkpt lat="52.830267514084" lon="13.768485635519" />
      <trkpt lat="52.830209985148" lon="13.768499717116" />
      <trkpt lat="52.830122476197" lon="13.768521174788" />
      <trkpt lat="52.830052793017" lon="13.768540620804" />
      <trkpt lat="52.829972576196" lon="13.768560737371" />
      <trkpt lat="52.829896410592" lon="13.768579512835" />
      <trkpt lat="52.829831183558" lon="13.768596947193" />
      <trkpt lat="52.829738407051" lon="13.768620416522" />
      <trkpt lat="52.829652517705" lon="13.768642544746" />
      <trkpt lat="52.829618486031" lon="13.768655285239" />
      <trkpt lat="52.829558525397" lon="13.76867942512" />
      <trkpt lat="52.829499780101" lon="13.768701553345" />
      <trkpt lat="52.82944346557" lon="13.768723011017" />
      <trkpt lat="52.82940173605" lon="13.768739774823" />
      <trkpt lat="52.829350688234" lon="13.768761232495" />
      <trkpt lat="52.829314225472" lon="13.768777996302" />
      <trkpt lat="52.829274116397" lon="13.768796101213" />
      <trkpt lat="52.829219827288" lon="13.768821582198" />
      <trkpt lat="52.829184984989" lon="13.768842369318" />
      <trkpt lat="52.829152168379" lon="13.768861144781" />
      <trkpt lat="52.829080052778" lon="13.768906071782" />
      <trkpt lat="52.829014824519" lon="13.768944963813" />
      <trkpt lat="52.828939467527" lon="13.768989890814" />
      <trkpt lat="52.828901788981" lon="13.76901268959" />
      <trkpt lat="52.828858843503" lon="13.769036829472" />
      <trkpt lat="52.828847499407" lon="13.769047558308" />
      <trkpt lat="52.828791184031" lon="13.769094496965" />
      <trkpt lat="52.828721093568" lon="13.769152835011" />
      <trkpt lat="52.828688681756" lon="13.769178986549" />
      <trkpt lat="52.828669234656" lon="13.769193068147" />
      <trkpt lat="52.82863317647" lon="13.769218549132" />
      <trkpt lat="52.828596713105" lon="13.769246041775" />
      <trkpt lat="52.828552551878" lon="13.769268840551" />
      <trkpt lat="52.82852621718" lon="13.769274204969" />
      <trkpt lat="52.828501097914" lon="13.769272863865" />
      <trkpt lat="52.828470711687" lon="13.769262135029" />
      <trkpt lat="52.828429386383" lon="13.769237324595" />
      <trkpt lat="52.828403861911" lon="13.769199773669" />
      <trkpt lat="52.828367398354" lon="13.769130036235" />
      <trkpt lat="52.828344304752" lon="13.769072368741" />
      <trkpt lat="52.828293255693" lon="13.768874555826" />
      <trkpt lat="52.828222759275" lon="13.768600970507" />
      <trkpt lat="52.828193993463" lon="13.768453449011" />
      <trkpt lat="52.828155909118" lon="13.768542632461" />
      <trkpt lat="52.828134030863" lon="13.768570795655" />
      <trkpt lat="52.828114583515" lon="13.768590241671" />
      <trkpt lat="52.828093515545" lon="13.768606334925" />
      <trkpt lat="52.828012484798" lon="13.768641203642" />
      <trkpt lat="52.827954952875" lon="13.768666684628" />
      <trkpt lat="52.82790795491" lon="13.768687471747" />
      <trkpt lat="52.827867439382" lon="13.768710270524" />
      <trkpt lat="52.82779410618" lon="13.768749162555" />
      <trkpt lat="52.827699704694" lon="13.768803477287" />
      <trkpt lat="52.827683903567" lon="13.768814876676" />
      <trkpt lat="52.827620293843" lon="13.768860474229" />
      <trkpt lat="52.827572890357" lon="13.768900707364" />
      <trkpt lat="52.827473626481" lon="13.768985196948" />
      <trkpt lat="52.82740961129" lon="13.769040182233" />
      <trkpt lat="52.827397456496" lon="13.769186362624" />
      <trkpt lat="52.827383275899" lon="13.769377470016" />
      <trkpt lat="52.827359776613" lon="13.769513592124" />
      <trkpt lat="52.8273415444" lon="13.769618868828" />
      <trkpt lat="52.827320881216" lon="13.769740909338" />
      <trkpt lat="52.827287252876" lon="13.769934698939" />
      <trkpt lat="52.827249167737" lon="13.770207613707" />
      <trkpt lat="52.827219590957" lon="13.77041682601" />
      <trkpt lat="52.827193255451" lon="13.770597875118" />
      <trkpt lat="52.82715354958" lon="13.770786970854" />
      <trkpt lat="52.827116679811" lon="13.770961984992" />
      <trkpt lat="52.827093180381" lon="13.771069273353" />
      <trkpt lat="52.827051043441" lon="13.771253675222" />
      <trkpt lat="52.827014983912" lon="13.771414607763" />
      <trkpt lat="52.826980545008" lon="13.771562129259" />
      <trkpt lat="52.826950157717" lon="13.771783411503" />
      <trkpt lat="52.82692787369" lon="13.771947026253" />
      <trkpt lat="52.82690639998" lon="13.772096559405" />
      <trkpt lat="52.826891408894" lon="13.772197812796" />
      <trkpt lat="52.826866288683" lon="13.772357404232" />
      <trkpt lat="52.826838737467" lon="13.772537782788" />
      <trkpt lat="52.826826582514" lon="13.77261556685" />
      <trkpt lat="52.826804703589" lon="13.77275839448" />
      <trkpt lat="52.826770669684" lon="13.772930726409" />
      <trkpt lat="52.826743118408" lon="13.773067519069" />
      <trkpt lat="52.826686800303" lon="13.773053437471" />
      <trkpt lat="52.82660171526" lon="13.773099705577" />
      <trkpt lat="52.826528379921" lon="13.773138597608" />
      <trkpt lat="52.826414527576" lon="13.773200958967" />
      <trkpt lat="52.826305131804" lon="13.773259967566" />
      <trkpt lat="52.826219640842" lon="13.77333573997" />
      <trkpt lat="52.826141037629" lon="13.773406818509" />
      <trkpt lat="52.826038123928" lon="13.773568421602" />
      <trkpt lat="52.825962356599" lon="13.773687779903" />
      <trkpt lat="52.825867545959" lon="13.773835971951" />
      <trkpt lat="52.825778002387" lon="13.773977458477" />
      <trkpt lat="52.825716010574" lon="13.774102851748" />
      <trkpt lat="52.825663742899" lon="13.774209469557" />
      <trkpt lat="52.825624440808" lon="13.774288594723" />
      <trkpt lat="52.825572983376" lon="13.774392530322" />
      <trkpt lat="52.825537327797" lon="13.774464949965" />
      <trkpt lat="52.825508155029" lon="13.774523958564" />
      <trkpt lat="52.825480602953" lon="13.774580284953" />
      <trkpt lat="52.825449809434" lon="13.774639964104" />
      <trkpt lat="52.825413343398" lon="13.774717748165" />
      <trkpt lat="52.825374851437" lon="13.774798884988" />
      <trkpt lat="52.825316100484" lon="13.77492159605" />
      <trkpt lat="52.825246814775" lon="13.775070458651" />
      <trkpt lat="52.825171856428" lon="13.775227367878" />
      <trkpt lat="52.825105001576" lon="13.775368854403" />
      <trkpt lat="52.825063267889" lon="13.775556609035" />
      <trkpt lat="52.825064078253" lon="13.77567730844" />
      <trkpt lat="52.825064078252" lon="13.775885179639" />
      <trkpt lat="52.8250608368" lon="13.77605214715" />
      <trkpt lat="52.825051112439" lon="13.776340484619" />
      <trkpt lat="52.825040982895" lon="13.776628151536" />
      <trkpt lat="52.825026801528" lon="13.776831999421" />
      <trkpt lat="52.825004921697" lon="13.777134418488" />
      <trkpt lat="52.824986283314" lon="13.777386546135" />
      <trkpt lat="52.824961567184" lon="13.777547478676" />
      <trkpt lat="52.824950627253" lon="13.777620568871" />
      <trkpt lat="52.824934825126" lon="13.777827769518" />
      <trkpt lat="52.82491983336" lon="13.778022900224" />
      <trkpt lat="52.82490119494" lon="13.778264969587" />
      <trkpt lat="52.824886608344" lon="13.77846211195" />
      <trkpt lat="52.824855814405" lon="13.778688758612" />
      <trkpt lat="52.824846495183" lon="13.778753131628" />
      <trkpt lat="52.824843253713" lon="13.778850361705" />
      <trkpt lat="52.82483312412" lon="13.779049515724" />
      <trkpt lat="52.824825020444" lon="13.77922989428" />
      <trkpt lat="52.824817321951" lon="13.779335841537" />
      <trkpt lat="52.824797467934" lon="13.779553771019" />
      <trkpt lat="52.824776398356" lon="13.779785111547" />
      <trkpt lat="52.824761811719" lon="13.779959455132" />
      <trkpt lat="52.82473263843" lon="13.780056014657" />
      <trkpt lat="52.82468563698" lon="13.780214264989" />
      <trkpt lat="52.824638230292" lon="13.780379891396" />
      <trkpt lat="52.824605005062" lon="13.780500590801" />
      <trkpt lat="52.824595280599" lon="13.780541494489" />
      <trkpt lat="52.824565296826" lon="13.780668899417" />
      <trkpt lat="52.824543416763" lon="13.780767470598" />
      <trkpt lat="52.824533692286" lon="13.780819103122" />
      <trkpt lat="52.824513432954" lon="13.780951872468" />
      <trkpt lat="52.824504924031" lon="13.781040385365" />
      <trkpt lat="52.824502898097" lon="13.78115773201" />
      <trkpt lat="52.82451140702" lon="13.78126502037" />
      <trkpt lat="52.824534502659" lon="13.781385719776" />
      <trkpt lat="52.824479802441" lon="13.781404495239" />
      <trkpt lat="52.824447387464" lon="13.7813334167" />
    </trkseg>
    <name>90-91</name>
  </trk>
  <trk>
    <trkseg>
      <trkpt lat="52.82866133427" lon="13.641597032547" />
      <trkpt lat="52.828674299006" lon="13.641738519073" />
      <trkpt lat="52.828684022556" lon="13.641877323389" />
      <trkpt lat="52.828690504921" lon="13.641971200705" />
      <trkpt lat="52.828715624077" lon="13.642275631428" />
      <trkpt lat="52.828723727027" lon="13.642427176237" />
      <trkpt lat="52.828753707931" lon="13.642781227827" />
      <trkpt lat="52.828762621168" lon="13.642948865891" />
      <trkpt lat="52.828771534404" lon="13.643076270819" />
      <trkpt lat="52.82878287852" lon="13.64329084754" />
      <trkpt lat="52.82878936087" lon="13.643435686827" />
      <trkpt lat="52.828803946155" lon="13.643715977669" />
      <trkpt lat="52.828809618209" lon="13.643950670958" />
      <trkpt lat="52.828816910849" lon="13.644126355648" />
      <trkpt lat="52.828821772608" lon="13.644357025623" />
      <trkpt lat="52.828823393194" lon="13.644550144672" />
      <trkpt lat="52.828823393194" lon="13.644723147154" />
      <trkpt lat="52.828820152021" lon="13.644990026951" />
      <trkpt lat="52.828810428502" lon="13.645321279764" />
      <trkpt lat="52.828805566742" lon="13.645558655262" />
      <trkpt lat="52.828803135861" lon="13.64589124918" />
      <trkpt lat="52.828797463807" lon="13.646044135094" />
      <trkpt lat="52.828797463807" lon="13.646451830864" />
      <trkpt lat="52.828797463807" lon="13.646587282419" />
      <trkpt lat="52.828812859382" lon="13.646944016218" />
      <trkpt lat="52.828814479969" lon="13.64717066288" />
      <trkpt lat="52.828810428502" lon="13.647272586823" />
      <trkpt lat="52.828779637344" lon="13.647495210171" />
      <trkpt lat="52.828718054962" lon="13.647674918175" />
      <trkpt lat="52.828602992909" lon="13.647897541523" />
      <trkpt lat="52.82850089534" lon="13.648077249527" />
      <trkpt lat="52.828427968357" lon="13.648222088814" />
      <trkpt lat="52.828355041253" lon="13.648383021355" />
      <trkpt lat="52.828324249772" lon="13.648519814014" />
      <trkpt lat="52.828306423115" lon="13.648619055748" />
      <trkpt lat="52.828289406754" lon="13.648657947779" />
      <trkpt lat="52.828227823677" lon="13.648792058229" />
      <trkpt lat="52.828217289721" lon="13.648844361305" />
    </trkseg>
    <name>95-96</name>
  </trk>
  <trk>
    <trkseg>
      <trkpt lat="52.840893462825" lon="13.624264597893" />
      <trkpt lat="52.840809215675" lon="13.624342381954" />
      <trkpt lat="52.840674743923" lon="13.624345064163" />
      <trkpt lat="52.840441442546" lon="13.624355792999" />
      <trkpt lat="52.840115790612" lon="13.624366521835" />
      <trkpt lat="52.839869524841" lon="13.624347746372" />
      <trkpt lat="52.83933324389" lon="13.624278008938" />
      <trkpt lat="52.839027026117" lon="13.624251186848" />
      <trkpt lat="52.838707844446" lon="13.62421900034" />
      <trkpt lat="52.838417824549" lon="13.624184131622" />
      <trkpt lat="52.838176409862" lon="13.624154627323" />
      <trkpt lat="52.838004664368" lon="13.624143898487" />
      <trkpt lat="52.837865323185" lon="13.624159991741" />
      <trkpt lat="52.837719500539" lon="13.624186813831" />
      <trkpt lat="52.837589879997" lon="13.624248504639" />
      <trkpt lat="52.837508866962" lon="13.624320924282" />
      <trkpt lat="52.837458638805" lon="13.624420166016" />
      <trkpt lat="52.837405170057" lon="13.62457036972" />
      <trkpt lat="52.837374384991" lon="13.624661564827" />
      <trkpt lat="52.837333878291" lon="13.624868094921" />
      <trkpt lat="52.837249624235" lon="13.625243604183" />
      <trkpt lat="52.837218839059" lon="13.625380396843" />
      <trkpt lat="52.837184813312" lon="13.625517189503" />
      <trkpt lat="52.837123242845" lon="13.625640571117" />
      <trkpt lat="52.837056811454" lon="13.625702261925" />
      <trkpt lat="52.836974177142" lon="13.625753223896" />
      <trkpt lat="52.83687047896" lon="13.625798821449" />
      <trkpt lat="52.83679432545" lon="13.625806868076" />
      <trkpt lat="52.836607991831" lon="13.625833690166" />
      <trkpt lat="52.836300134535" lon="13.625860512257" />
      <trkpt lat="52.836102456594" lon="13.625892698765" />
      <trkpt lat="52.835865890007" lon="13.625900745392" />
      <trkpt lat="52.835639044124" lon="13.625927567482" />
      <trkpt lat="52.835408956376" lon="13.625938296318" />
      <trkpt lat="52.835165904614" lon="13.625949025154" />
      <trkpt lat="52.834932573642" lon="13.625975847244" />
      <trkpt lat="52.834710583985" lon="13.625983893871" />
      <trkpt lat="52.834543685904" lon="13.626008033752" />
      <trkpt lat="52.83444484305" lon="13.626002669334" />
      <trkpt lat="52.834273082799" lon="13.625997304916" />
      <trkpt lat="52.833989514862" lon="13.626010715961" />
      <trkpt lat="52.833835577207" lon="13.626029491425" />
      <trkpt lat="52.833663814547" lon="13.626034855843" />
      <trkpt lat="52.83352932067" lon="13.626050949097" />
      <trkpt lat="52.833295170697" lon="13.626044243574" />
      <trkpt lat="52.833243317245" lon="13.626052290201" />
      <trkpt lat="52.833191463732" lon="13.626053631306" />
      <trkpt lat="52.833091807586" lon="13.626068383455" />
      <trkpt lat="52.832976757117" lon="13.62606972456" />
      <trkpt lat="52.832898976346" lon="13.626063019037" />
      <trkpt lat="52.832804180843" lon="13.626091182232" />
      <trkpt lat="52.832736122406" lon="13.62609654665" />
      <trkpt lat="52.8326469981" lon="13.626109957695" />
      <trkpt lat="52.832591902983" lon="13.626131415367" />
      <trkpt lat="52.832540048692" lon="13.626168966293" />
      <trkpt lat="52.83248171254" lon="13.62624540925" />
      <trkpt lat="52.832369901363" lon="13.626425117254" />
      <trkpt lat="52.832220009117" lon="13.626793920994" />
      <trkpt lat="52.83212926329" lon="13.627033978701" />
      <trkpt lat="52.831946960831" lon="13.627520799637" />
      <trkpt lat="52.831807600214" lon="13.627888262272" />
      <trkpt lat="52.831593697001" lon="13.628422021866" />
      <trkpt lat="52.831435699633" lon="13.628823012114" />
      <trkpt lat="52.831253394264" lon="13.629285693169" />
      <trkpt lat="52.831080000892" lon="13.629745692015" />
      <trkpt lat="52.830927673433" lon="13.630145341158" />
      <trkpt lat="52.830742124903" lon="13.630620092154" />
      <trkpt lat="52.830630309248" lon="13.630897700787" />
      <trkpt lat="52.830527406182" lon="13.631191402674" />
      <trkpt lat="52.830408297604" lon="13.631501197815" />
      <trkpt lat="52.830289998965" lon="13.631821721792" />
      <trkpt lat="52.830141720079" lon="13.632199913263" />
      <trkpt lat="52.830089862862" lon="13.632321953773" />
      <trkpt lat="52.829987768787" lon="13.632564693689" />
      <trkpt lat="52.829885674472" lon="13.632800728083" />
      <trkpt lat="52.829820042285" lon="13.632918745279" />
      <trkpt lat="52.829696070107" lon="13.633035421371" />
      <trkpt lat="52.829548599473" lon="13.633129298687" />
      <trkpt lat="52.829354131938" lon="13.633227199316" />
      <trkpt lat="52.82919288528" lon="13.633303642273" />
      <trkpt lat="52.82903568947" lon="13.633453845978" />
      <trkpt lat="52.828921438549" lon="13.633609414101" />
      <trkpt lat="52.828806377035" lon="13.63377571106" />
      <trkpt lat="52.828748846164" lon="13.633826673031" />
      <trkpt lat="52.828710762306" lon="13.633892387152" />
      <trkpt lat="52.828667816638" lon="13.634022474289" />
      <trkpt lat="52.82864836953" lon="13.634198158979" />
      <trkpt lat="52.828633784193" lon="13.634478449821" />
      <trkpt lat="52.828638645972" lon="13.634703755379" />
      <trkpt lat="52.8286548519" lon="13.634908944368" />
      <trkpt lat="52.828670247526" lon="13.635165095329" />
      <trkpt lat="52.828674299006" lon="13.635320663452" />
      <trkpt lat="52.828694556399" lon="13.635469526052" />
      <trkpt lat="52.828688074034" lon="13.635540604591" />
      <trkpt lat="52.828701038762" lon="13.635637164116" />
      <trkpt lat="52.828710762306" lon="13.635786026716" />
      <trkpt lat="52.828731829976" lon="13.635909408331" />
      <trkpt lat="52.828752897636" lon="13.636058270931" />
      <trkpt lat="52.828772344698" lon="13.636247366667" />
      <trkpt lat="52.828775585874" lon="13.63644182682" />
      <trkpt lat="52.828787740282" lon="13.636829406023" />
      <trkpt lat="52.82877477558" lon="13.637014478445" />
      <trkpt lat="52.828762621168" lon="13.637251853943" />
      <trkpt lat="52.828748846164" lon="13.637489229441" />
      <trkpt lat="52.828718054962" lon="13.637701123953" />
      <trkpt lat="52.82868888433" lon="13.63799482584" />
      <trkpt lat="52.828660523974" lon="13.638241589069" />
      <trkpt lat="52.828637835676" lon="13.638430684805" />
      <trkpt lat="52.828623250335" lon="13.638559430838" />
      <trkpt lat="52.828603803207" lon="13.638748526573" />
      <trkpt lat="52.828593269342" lon="13.638830333948" />
      <trkpt lat="52.828564908923" lon="13.639078438282" />
      <trkpt lat="52.828553564751" lon="13.639263510704" />
      <trkpt lat="52.828540599979" lon="13.639472723007" />
      <trkpt lat="52.828559236837" lon="13.639742285013" />
      <trkpt lat="52.828563288327" lon="13.640133887529" />
      <trkpt lat="52.828575442795" lon="13.640360534191" />
      <trkpt lat="52.828581925176" lon="13.640620708466" />
      <trkpt lat="52.828588407557" lon="13.640778958797" />
      <trkpt lat="52.828598941423" lon="13.641001582146" />
      <trkpt lat="52.828608664989" lon="13.641158491373" />
      <trkpt lat="52.828622440038" lon="13.641256392002" />
      <trkpt lat="52.828628922413" lon="13.641311377287" />
      <trkpt lat="52.828646343789" lon="13.641438782215" />
      <trkpt lat="52.828660523974" lon="13.641556799412" />
      <trkpt lat="52.828660929122" lon="13.641595691442" />
    </trkseg>
    <name>96-97</name>
  </trk>
  <trk>
    <name>KP1-KP10</name>
    <trkseg>
      <trkpt lat="52.89739640" lon="13.25425360" />
      <trkpt lat="52.89717100" lon="13.25363810" />
      <trkpt lat="52.89705020" lon="13.25329980" />
      <trkpt lat="52.89705640" lon="13.25314480" />
      <trkpt lat="52.89709710" lon="13.25300160" />
      <trkpt lat="52.89719960" lon="13.25283110" />
      <trkpt lat="52.89754620" lon="13.25238500" />
      <trkpt lat="52.89768900" lon="13.25212750" />
      <trkpt lat="52.89787630" lon="13.25192320" />
      <trkpt lat="52.89807780" lon="13.25183850" />
      <trkpt lat="52.89818700" lon="13.25179290" />
      <trkpt lat="52.89827880" lon="13.25171680" />
      <trkpt lat="52.89856680" lon="13.25126320" />
      <trkpt lat="52.89875070" lon="13.25105200" />
      <trkpt lat="52.89898830" lon="13.25092260" />
      <trkpt lat="52.89921560" lon="13.25093600" />
      <trkpt lat="52.89932350" lon="13.25090390" />
      <trkpt lat="52.89980370" lon="13.25070800" />
      <trkpt lat="52.89989970" lon="13.25065190" />
      <trkpt lat="52.90002050" lon="13.25054300" />
      <trkpt lat="52.90022040" lon="13.25026150" />
      <trkpt lat="52.90037650" lon="13.24995960" />
      <trkpt lat="52.90049390" lon="13.24964460" />
      <trkpt lat="52.90054880" lon="13.24935610" />
      <trkpt lat="52.90059330" lon="13.24839060" />
      <trkpt lat="52.90077040" lon="13.24713370" />
      <trkpt lat="52.90100260" lon="13.24637090" />
      <trkpt lat="52.90128740" lon="13.24563610" />
      <trkpt lat="52.90161090" lon="13.24520270" />
      <trkpt lat="52.90219740" lon="13.24458180" />
      <trkpt lat="52.90249350" lon="13.24421030" />
      <trkpt lat="52.90277080" lon="13.24384720" />
      <trkpt lat="52.90423300" lon="13.24200620" />
      <trkpt lat="52.90442090" lon="13.24179000" />
      <trkpt lat="52.90454940" lon="13.24167110" />
      <trkpt lat="52.90507410" lon="13.24144240" />
      <trkpt lat="52.90542750" lon="13.24135360" />
      <trkpt lat="52.90555060" lon="13.24126620" />
      <trkpt lat="52.90567960" lon="13.24112020" />
      <trkpt lat="52.90596280" lon="13.24049180" />
      <trkpt lat="52.90682350" lon="13.23885310" />
      <trkpt lat="52.90707690" lon="13.23869940" />
      <trkpt lat="52.90728290" lon="13.23863660" />
      <trkpt lat="52.90787210" lon="13.23733080" />
      <trkpt lat="52.90792940" lon="13.23669480" />
      <trkpt lat="52.90794680" lon="13.23650180" />
      <trkpt lat="52.90756220" lon="13.23621190" />
      <trkpt lat="52.90734840" lon="13.23604950" />
      <trkpt lat="52.90721610" lon="13.23601790" />
      <trkpt lat="52.90705030" lon="13.23602940" />
      <trkpt lat="52.90686190" lon="13.23604630" />
      <trkpt lat="52.90663200" lon="13.23596660" />
      <trkpt lat="52.90641700" lon="13.23594860" />
      <trkpt lat="52.90628830" lon="13.23597500" />
      <trkpt lat="52.90587890" lon="13.23586560" />
      <trkpt lat="52.90529810" lon="13.23549000" />
      <trkpt lat="52.90495930" lon="13.23536350" />
      <trkpt lat="52.90484850" lon="13.23527360" />
      <trkpt lat="52.90437270" lon="13.23422540" />
      <trkpt lat="52.90422000" lon="13.23399570" />
      <trkpt lat="52.90403170" lon="13.23386560" />
      <trkpt lat="52.90322940" lon="13.23363110" />
      <trkpt lat="52.90325690" lon="13.23355920" />
      <trkpt lat="52.90359340" lon="13.23270410" />
      <trkpt lat="52.90364070" lon="13.23258400" />
      <trkpt lat="52.90386110" lon="13.23194550" />
      <trkpt lat="52.90428840" lon="13.23085510" />
      <trkpt lat="52.90434720" lon="13.23062160" />
      <trkpt lat="52.90437320" lon="13.23038800" />
      <trkpt lat="52.90448610" lon="13.22814580" />
      <trkpt lat="52.90457240" lon="13.22662780" />
      <trkpt lat="52.90472280" lon="13.22320750" />
      <trkpt lat="52.90471830" lon="13.22306200" />
      <trkpt lat="52.90468970" lon="13.22296880" />
      <trkpt lat="52.90459870" lon="13.22285330" />
      <trkpt lat="52.90429620" lon="13.22267930" />
      <trkpt lat="52.90369250" lon="13.22235480" />
      <trkpt lat="52.90363050" lon="13.22228260" />
      <trkpt lat="52.90356920" lon="13.22217150" />
      <trkpt lat="52.90344940" lon="13.22180710" />
      <trkpt lat="52.90334060" lon="13.22141830" />
      <trkpt lat="52.90326000" lon="13.22113740" />
      <trkpt lat="52.90313220" lon="13.22063450" />
      <trkpt lat="52.90306580" lon="13.22033380" />
      <trkpt lat="52.90301280" lon="13.22002050" />
      <trkpt lat="52.90301090" lon="13.21976900" />
      <trkpt lat="52.90307210" lon="13.21711920" />
      <trkpt lat="52.90311030" lon="13.21676610" />
      <trkpt lat="52.90318720" lon="13.21353640" />
      <trkpt lat="52.90328840" lon="13.20837960" />
      <trkpt lat="52.90332700" lon="13.20805750" />
      <trkpt lat="52.90295580" lon="13.20776620" />
      <trkpt lat="52.90273840" lon="13.20755740" />
      <trkpt lat="52.90216380" lon="13.20695800" />
      <trkpt lat="52.90064370" lon="13.20534730" />
      <trkpt lat="52.90029220" lon="13.20493840" />
      <trkpt lat="52.89948950" lon="13.20388860" />
      <trkpt lat="52.89889420" lon="13.20308540" />
      <trkpt lat="52.89876530" lon="13.20291650" />
      <trkpt lat="52.89858870" lon="13.20271730" />
      <trkpt lat="52.89853610" lon="13.20271140" />
      <trkpt lat="52.89856020" lon="13.20073450" />
      <trkpt lat="52.89858480" lon="13.19889660" />
    </trkseg>
  </trk>
  <trk>
    <name>KP1-KP3</name>
    <trkseg>
      <trkpt lat="52.92827820" lon="12.80989390" />
      <trkpt lat="52.92823060" lon="12.80999210" />
      <trkpt lat="52.92799260" lon="12.81047040" />
      <trkpt lat="52.92733550" lon="12.81179090" />
      <trkpt lat="52.92677450" lon="12.81294430" />
      <trkpt lat="52.92657410" lon="12.81334780" />
      <trkpt lat="52.92649970" lon="12.81352720" />
      <trkpt lat="52.92646000" lon="12.81369900" />
      <trkpt lat="52.92645050" lon="12.81385240" />
      <trkpt lat="52.92647110" lon="12.81429710" />
      <trkpt lat="52.92647710" lon="12.81442730" />
      <trkpt lat="52.92648110" lon="12.81451380" />
      <trkpt lat="52.92648700" lon="12.81464250" />
      <trkpt lat="52.92650540" lon="12.81481440" />
      <trkpt lat="52.92668070" lon="12.81549820" />
      <trkpt lat="52.92671070" lon="12.81548070" />
      <trkpt lat="52.92671380" lon="12.81549230" />
      <trkpt lat="52.92677600" lon="12.81573900" />
      <trkpt lat="52.92704960" lon="12.81686460" />
      <trkpt lat="52.92708410" lon="12.81709870" />
      <trkpt lat="52.92710650" lon="12.81731860" />
      <trkpt lat="52.92712210" lon="12.81763780" />
      <trkpt lat="52.92712000" lon="12.81781960" />
      <trkpt lat="52.92710450" lon="12.81801060" />
      <trkpt lat="52.92700020" lon="12.81898260" />
      <trkpt lat="52.92698080" lon="12.81914620" />
      <trkpt lat="52.92645920" lon="12.82389080" />
      <trkpt lat="52.92641100" lon="12.82424080" />
      <trkpt lat="52.92635790" lon="12.82459740" />
      <trkpt lat="52.92630940" lon="12.82487540" />
      <trkpt lat="52.92627400" lon="12.82505150" />
      <trkpt lat="52.92622790" lon="12.82526470" />
      <trkpt lat="52.92617330" lon="12.82551820" />
      <trkpt lat="52.92612860" lon="12.82568920" />
      <trkpt lat="52.92609900" lon="12.82580240" />
      <trkpt lat="52.92598330" lon="12.82616190" />
      <trkpt lat="52.92590860" lon="12.82637720" />
      <trkpt lat="52.92587240" lon="12.82634570" />
      <trkpt lat="52.92584390" lon="12.82632090" />
      <trkpt lat="52.92580830" lon="12.82636580" />
      <trkpt lat="52.92576660" lon="12.82638770" />
      <trkpt lat="52.92571680" lon="12.82638200" />
      <trkpt lat="52.92569800" lon="12.82644720" />
      <trkpt lat="52.92566910" lon="12.82654800" />
      <trkpt lat="52.92557590" lon="12.82667270" />
      <trkpt lat="52.92553540" lon="12.82672680" />
      <trkpt lat="52.92538820" lon="12.82703060" />
      <trkpt lat="52.92516510" lon="12.82739000" />
      <trkpt lat="52.92489340" lon="12.82776550" />
      <trkpt lat="52.92457970" lon="12.82822680" />
      <trkpt lat="52.92435010" lon="12.82859160" />
      <trkpt lat="52.92410430" lon="12.82888670" />
      <trkpt lat="52.92389730" lon="12.82919780" />
      <trkpt lat="52.92380350" lon="12.82939090" />
      <trkpt lat="52.92375830" lon="12.82946060" />
      <trkpt lat="52.92370330" lon="12.82950890" />
      <trkpt lat="52.92360300" lon="12.82957330" />
      <trkpt lat="52.92331190" lon="12.82979320" />
      <trkpt lat="52.92317930" lon="12.82993810" />
      <trkpt lat="52.92306620" lon="12.83008830" />
      <trkpt lat="52.92282040" lon="12.83039940" />
      <trkpt lat="52.92248080" lon="12.83083930" />
      <trkpt lat="52.92211210" lon="12.83135970" />
      <trkpt lat="52.92191160" lon="12.83161180" />
      <trkpt lat="52.92163740" lon="12.83182910" />
      <trkpt lat="52.92159140" lon="12.83208920" />
      <trkpt lat="52.92154140" lon="12.83229370" />
      <trkpt lat="52.92140110" lon="12.83248780" />
      <trkpt lat="52.92125980" lon="12.83259890" />
      <trkpt lat="52.92113850" lon="12.83272340" />
      <trkpt lat="52.92081830" lon="12.83303310" />
    </trkseg>
  </trk>
  <trk>
    <name>KP1-KP6</name>
    <trkseg>
      <trkpt lat="52.92827820" lon="12.80989390" />
      <trkpt lat="52.92819350" lon="12.80978060" />
      <trkpt lat="52.92787470" lon="12.80936880" />
      <trkpt lat="52.92725560" lon="12.80854120" />
      <trkpt lat="52.92719830" lon="12.80846450" />
      <trkpt lat="52.92715950" lon="12.80841270" />
      <trkpt lat="52.92715010" lon="12.80840010" />
      <trkpt lat="52.92670820" lon="12.80780920" />
      <trkpt lat="52.92640020" lon="12.80739740" />
      <trkpt lat="52.92628880" lon="12.80724850" />
      <trkpt lat="52.92623130" lon="12.80717160" />
      <trkpt lat="52.92618720" lon="12.80711260" />
      <trkpt lat="52.92537610" lon="12.80602820" />
      <trkpt lat="52.92531660" lon="12.80594870" />
      <trkpt lat="52.92437150" lon="12.80468500" />
      <trkpt lat="52.92432540" lon="12.80462340" />
      <trkpt lat="52.92428850" lon="12.80457410" />
      <trkpt lat="52.92332710" lon="12.80329830" />
      <trkpt lat="52.92327350" lon="12.80321920" />
      <trkpt lat="52.92319490" lon="12.80310940" />
      <trkpt lat="52.92218920" lon="12.80177960" />
      <trkpt lat="52.92162670" lon="12.80101550" />
      <trkpt lat="52.92151040" lon="12.80086000" />
      <trkpt lat="52.92137010" lon="12.80083240" />
      <trkpt lat="52.92127830" lon="12.80071020" />
      <trkpt lat="52.92112040" lon="12.80050440" />
    </trkseg>
  </trk>
  <trk>
    <name>KP1-KP9</name>
    <trkseg>
      <trkpt lat="52.92827820" lon="12.80989390" />
      <trkpt lat="52.92840120" lon="12.81006450" />
      <trkpt lat="52.92846080" lon="12.81014430" />
      <trkpt lat="52.92892400" lon="12.81075790" />
      <trkpt lat="52.92894600" lon="12.81078750" />
      <trkpt lat="52.92912510" lon="12.81103060" />
      <trkpt lat="52.92923760" lon="12.81118330" />
      <trkpt lat="52.92925140" lon="12.81136070" />
      <trkpt lat="52.92928560" lon="12.81140900" />
      <trkpt lat="52.92931380" lon="12.81144950" />
      <trkpt lat="52.92935510" lon="12.81150640" />
      <trkpt lat="52.92937380" lon="12.81154700" />
      <trkpt lat="52.92940100" lon="12.81160900" />
      <trkpt lat="52.92943100" lon="12.81165270" />
      <trkpt lat="52.92976430" lon="12.81209950" />
      <trkpt lat="52.93083600" lon="12.81286280" />
      <trkpt lat="52.93138320" lon="12.81328290" />
      <trkpt lat="52.93147400" lon="12.81344730" />
      <trkpt lat="52.93154280" lon="12.81344070" />
      <trkpt lat="52.93159260" lon="12.81343950" />
      <trkpt lat="52.93196750" lon="12.81368740" />
      <trkpt lat="52.93275240" lon="12.81420630" />
      <trkpt lat="52.93357100" lon="12.81473800" />
      <trkpt lat="52.93374070" lon="12.81484820" />
      <trkpt lat="52.93398490" lon="12.81500680" />
      <trkpt lat="52.93408660" lon="12.81507290" />
      <trkpt lat="52.93416440" lon="12.81512340" />
      <trkpt lat="52.93440090" lon="12.81527700" />
      <trkpt lat="52.93479240" lon="12.81553130" />
      <trkpt lat="52.93556430" lon="12.81604600" />
      <trkpt lat="52.93600310" lon="12.81633230" />
      <trkpt lat="52.93670060" lon="12.81676880" />
      <trkpt lat="52.93722590" lon="12.81711220" />
      <trkpt lat="52.93748360" lon="12.81728620" />
      <trkpt lat="52.93790840" lon="12.81756080" />
      <trkpt lat="52.93792180" lon="12.81758620" />
      <trkpt lat="52.93800940" lon="12.81789870" />
      <trkpt lat="52.93805230" lon="12.81794050" />
      <trkpt lat="52.93811270" lon="12.81797630" />
      <trkpt lat="52.93814770" lon="12.81800010" />
      <trkpt lat="52.93823020" lon="12.81792330" />
      <trkpt lat="52.93837080" lon="12.81784030" />
      <trkpt lat="52.93838690" lon="12.81777130" />
      <trkpt lat="52.93841110" lon="12.81766940" />
      <trkpt lat="52.93843950" lon="12.81755390" />
    </trkseg>
  </trk>
  <trk>
    <name>KP10-KP12</name>
    <trkseg>
      <trkpt lat="52.63715550" lon="13.20399920" />
      <trkpt lat="52.63743070" lon="13.20517680" />
      <trkpt lat="52.63768610" lon="13.20499020" />
      <trkpt lat="52.63771120" lon="13.20511280" />
      <trkpt lat="52.63775340" lon="13.20535970" />
      <trkpt lat="52.63778510" lon="13.20553050" />
      <trkpt lat="52.63780310" lon="13.20563690" />
      <trkpt lat="52.63784520" lon="13.20589470" />
      <trkpt lat="52.63787430" lon="13.20605990" />
    </trkseg>
  </trk>
  <trk>
    <name>KP12-KP13 (2)</name>
    <trkseg>
      <trkpt lat="52.91731520" lon="13.12730700" />
      <trkpt lat="52.91734800" lon="13.12736410" />
      <trkpt lat="52.91748120" lon="13.12759560" />
      <trkpt lat="52.91749300" lon="13.12761500" />
      <trkpt lat="52.91821810" lon="13.12863380" />
      <trkpt lat="52.91843460" lon="13.12898420" />
      <trkpt lat="52.91873600" lon="13.12955380" />
      <trkpt lat="52.91957740" lon="13.13110430" />
      <trkpt lat="52.91965090" lon="13.13123250" />
      <trkpt lat="52.92015780" lon="13.13206640" />
      <trkpt lat="52.92059070" lon="13.13263210" />
      <trkpt lat="52.92067690" lon="13.13264770" />
      <trkpt lat="52.92135990" lon="13.13295570" />
      <trkpt lat="52.92198200" lon="13.13324700" />
      <trkpt lat="52.92334670" lon="13.13389710" />
      <trkpt lat="52.92379340" lon="13.13408950" />
      <trkpt lat="52.92426720" lon="13.13431810" />
      <trkpt lat="52.92474290" lon="13.13476650" />
      <trkpt lat="52.92509980" lon="13.13556460" />
      <trkpt lat="52.92511660" lon="13.13564280" />
      <trkpt lat="52.92600800" lon="13.13979740" />
      <trkpt lat="52.92653900" lon="13.14220670" />
      <trkpt lat="52.92683090" lon="13.14350950" />
      <trkpt lat="52.92676900" lon="13.14462140" />
      <trkpt lat="52.92743330" lon="13.14645110" />
      <trkpt lat="52.92776450" lon="13.14737310" />
      <trkpt lat="52.92803700" lon="13.14761390" />
      <trkpt lat="52.92833710" lon="13.14816350" />
      <trkpt lat="52.92842000" lon="13.14829080" />
      <trkpt lat="52.92850740" lon="13.14850000" />
      <trkpt lat="52.92861800" lon="13.14875100" />
      <trkpt lat="52.92906670" lon="13.14992890" />
      <trkpt lat="52.92932190" lon="13.15059900" />
      <trkpt lat="52.93072730" lon="13.15395740" />
      <trkpt lat="52.93118170" lon="13.15491950" />
      <trkpt lat="52.93233820" lon="13.15774630" />
      <trkpt lat="52.93807290" lon="13.17132390" />
      <trkpt lat="52.93835980" lon="13.17189680" />
      <trkpt lat="52.93856750" lon="13.17231140" />
      <trkpt lat="52.93879230" lon="13.17297060" />
      <trkpt lat="52.93912540" lon="13.17401670" />
      <trkpt lat="52.93915080" lon="13.17418070" />
      <trkpt lat="52.93914830" lon="13.17424220" />
    </trkseg>
  </trk>
  <trk>
    <name>KP12-KP43</name>
    <trkseg>
      <trkpt lat="52.93914830" lon="13.17424220" />
      <trkpt lat="52.93953030" lon="13.17438900" />
      <trkpt lat="52.93964410" lon="13.17433060" />
      <trkpt lat="52.94033520" lon="13.17397580" />
      <trkpt lat="52.94055860" lon="13.17380810" />
      <trkpt lat="52.94126020" lon="13.17313750" />
      <trkpt lat="52.94151500" lon="13.17290070" />
      <trkpt lat="52.94176220" lon="13.17267520" />
      <trkpt lat="52.94276700" lon="13.17175870" />
      <trkpt lat="52.94302990" lon="13.17151890" />
      <trkpt lat="52.94349390" lon="13.17109060" />
      <trkpt lat="52.94354180" lon="13.17104630" />
      <trkpt lat="52.94399550" lon="13.17064300" />
      <trkpt lat="52.94434230" lon="13.17032080" />
      <trkpt lat="52.94491100" lon="13.16979170" />
      <trkpt lat="52.94630770" lon="13.16856420" />
      <trkpt lat="52.94777620" lon="13.16830810" />
      <trkpt lat="52.94942750" lon="13.16803190" />
      <trkpt lat="52.95054690" lon="13.16784380" />
      <trkpt lat="52.95280760" lon="13.16747870" />
      <trkpt lat="52.95358040" lon="13.16735080" />
      <trkpt lat="52.95694930" lon="13.16680350" />
      <trkpt lat="52.95768650" lon="13.16668440" />
      <trkpt lat="52.95788400" lon="13.16667740" />
      <trkpt lat="52.95812930" lon="13.16665150" />
      <trkpt lat="52.95925870" lon="13.16645600" />
      <trkpt lat="52.95929060" lon="13.16645370" />
      <trkpt lat="52.95971620" lon="13.16642250" />
      <trkpt lat="52.96019130" lon="13.16633570" />
      <trkpt lat="52.96060630" lon="13.16630230" />
      <trkpt lat="52.96096770" lon="13.16643080" />
    </trkseg>
  </trk>
  <trk>
    <name>KP14-KP15</name>
    <trkseg>
      <trkpt lat="52.930459" lon="13.114636">
        <ele>53.221535</ele>
        <time>2026-03-24T07:58:33.630Z</time>
      </trkpt>
      <trkpt lat="52.930523" lon="13.114198">
        <ele>53.221535</ele>
        <time>2026-03-24T07:58:39.665Z</time>
      </trkpt>
      <trkpt lat="52.930776" lon="13.113114">
        <ele>53.240416</ele>
        <time>2026-03-24T07:58:59.914Z</time>
      </trkpt>
      <trkpt lat="52.931055" lon="13.111727">
        <ele>53.468292</ele>
        <time>2026-03-24T07:59:26.017Z</time>
      </trkpt>
      <trkpt lat="52.931077" lon="13.111625">
        <ele>53.485175</ele>
        <time>2026-03-24T07:59:27.999Z</time>
      </trkpt>
      <trkpt lat="52.931173" lon="13.111199">
        <ele>53.556052</ele>
        <time>2026-03-24T07:59:36.439Z</time>
      </trkpt>
      <trkpt lat="52.931205" lon="13.111059">
        <ele>53.579386</ele>
        <time>2026-03-24T07:59:39.236Z</time>
      </trkpt>
      <trkpt lat="52.931274" lon="13.110845">
        <ele>53.617208</ele>
        <time>2026-03-24T07:59:42.775Z</time>
      </trkpt>
      <trkpt lat="52.931362" lon="13.110575">
        <ele>53.665043</ele>
        <time>2026-03-24T07:59:47.346Z</time>
      </trkpt>
      <trkpt lat="52.931782" lon="13.109192">
        <ele>53.914207</ele>
        <time>2026-03-24T08:00:10.586Z</time>
      </trkpt>
      <trkpt lat="52.931970" lon="13.108502">
        <ele>54.036413</ele>
        <time>2026-03-24T08:00:21.155Z</time>
      </trkpt>
      <trkpt lat="52.932030" lon="13.108187">
        <ele>54.089728</ele>
        <time>2026-03-24T08:00:25.522Z</time>
      </trkpt>
      <trkpt lat="52.932077" lon="13.107530">
        <ele>54.136646</ele>
        <time>2026-03-24T08:00:34.045Z</time>
      </trkpt>
      <trkpt lat="52.932180" lon="13.106965">
        <ele>54.030826</ele>
        <time>2026-03-24T08:00:41.461Z</time>
      </trkpt>
      <trkpt lat="52.932316" lon="13.106496">
        <ele>53.937525</ele>
        <time>2026-03-24T08:00:50.110Z</time>
      </trkpt>
      <trkpt lat="52.933333" lon="13.102374">
        <ele>53.633200</ele>
        <time>2026-03-24T08:02:05.991Z</time>
      </trkpt>
      <trkpt lat="52.933511" lon="13.101654">
        <ele>53.633200</ele>
        <time>2026-03-24T08:02:19.776Z</time>
      </trkpt>
      <trkpt lat="52.933612" lon="13.101245">
        <ele>53.633200</ele>
        <time>2026-03-24T08:02:27.650Z</time>
      </trkpt>
    </trkseg>
  </trk>
  <trk>
    <name>KP14-KP67</name>
    <trkseg>
      <trkpt lat="52.75112750" lon="13.42756360" />
      <trkpt lat="52.75138240" lon="13.42759510" />
      <trkpt lat="52.75147700" lon="13.42763910" />
      <trkpt lat="52.75281870" lon="13.42799540" />
      <trkpt lat="52.75469610" lon="13.42848240" />
      <trkpt lat="52.75707900" lon="13.42904560" />
      <trkpt lat="52.75802840" lon="13.42927190" />
      <trkpt lat="52.75803930" lon="13.42921680" />
      <trkpt lat="52.75809890" lon="13.42923530" />
      <trkpt lat="52.75824980" lon="13.42927330" />
      <trkpt lat="52.75870160" lon="13.42938700" />
      <trkpt lat="52.75895820" lon="13.42945160" />
      <trkpt lat="52.75932220" lon="13.42954320" />
      <trkpt lat="52.76013460" lon="13.42974340" />
      <trkpt lat="52.76033780" lon="13.42979350" />
      <trkpt lat="52.76060560" lon="13.42985850" />
      <trkpt lat="52.76064150" lon="13.42986720" />
      <trkpt lat="52.76068230" lon="13.42987720" />
      <trkpt lat="52.76166200" lon="13.43012030" />
      <trkpt lat="52.76173370" lon="13.43013730" />
      <trkpt lat="52.76483600" lon="13.43089030" />
      <trkpt lat="52.76498690" lon="13.43093320" />
      <trkpt lat="52.76805700" lon="13.43169310" />
      <trkpt lat="52.76882280" lon="13.43188270" />
      <trkpt lat="52.76909930" lon="13.43196470" />
      <trkpt lat="52.76914680" lon="13.43197710" />
      <trkpt lat="52.76933520" lon="13.43203740" />
      <trkpt lat="52.76942470" lon="13.43206310" />
      <trkpt lat="52.76964400" lon="13.43211860" />
      <trkpt lat="52.76996810" lon="13.43220300" />
      <trkpt lat="52.77014470" lon="13.43224890" />
      <trkpt lat="52.77019770" lon="13.43226160" />
      <trkpt lat="52.77032170" lon="13.43228950" />
      <trkpt lat="52.77048060" lon="13.43232540" />
      <trkpt lat="52.77057190" lon="13.43234690" />
      <trkpt lat="52.77068940" lon="13.43237460" />
      <trkpt lat="52.77089820" lon="13.43242390" />
      <trkpt lat="52.77099360" lon="13.43244640" />
      <trkpt lat="52.77109570" lon="13.43247050" />
      <trkpt lat="52.77167900" lon="13.43262480" />
      <trkpt lat="52.77168340" lon="13.43254500" />
      <trkpt lat="52.77166980" lon="13.43246660" />
      <trkpt lat="52.77163460" lon="13.43239910" />
      <trkpt lat="52.77146030" lon="13.43212170" />
      <trkpt lat="52.77123800" lon="13.43171250" />
      <trkpt lat="52.77103770" lon="13.43134740" />
      <trkpt lat="52.77088050" lon="13.43106090" />
      <trkpt lat="52.77075830" lon="13.43082340" />
      <trkpt lat="52.77020860" lon="13.42980160" />
      <trkpt lat="52.76971150" lon="13.42889500" />
      <trkpt lat="52.76934130" lon="13.42825730" />
      <trkpt lat="52.76930850" lon="13.42820430" />
      <trkpt lat="52.76907920" lon="13.42784050" />
      <trkpt lat="52.76803160" lon="13.42606490" />
      <trkpt lat="52.76787680" lon="13.42577650" />
      <trkpt lat="52.76776220" lon="13.42555000" />
      <trkpt lat="52.76767480" lon="13.42538410" />
      <trkpt lat="52.76717400" lon="13.42433920" />
      <trkpt lat="52.76687960" lon="13.42372730" />
      <trkpt lat="52.76670600" lon="13.42327520" />
      <trkpt lat="52.76633030" lon="13.42218490" />
      <trkpt lat="52.76587060" lon="13.42075930" />
      <trkpt lat="52.76540290" lon="13.41914450" />
      <trkpt lat="52.76532190" lon="13.41888190" />
      <trkpt lat="52.76503440" lon="13.41794950" />
      <trkpt lat="52.76490180" lon="13.41750050" />
      <trkpt lat="52.76485660" lon="13.41724950" />
      <trkpt lat="52.76481840" lon="13.41703750" />
      <trkpt lat="52.76449940" lon="13.41479110" />
      <trkpt lat="52.76445600" lon="13.41443820" />
      <trkpt lat="52.76435130" lon="13.41358690" />
      <trkpt lat="52.76419490" lon="13.41234730" />
      <trkpt lat="52.76417650" lon="13.41221260" />
      <trkpt lat="52.76414810" lon="13.41193520" />
      <trkpt lat="52.76403090" lon="13.41107240" />
      <trkpt lat="52.76389120" lon="13.40992390" />
      <trkpt lat="52.76383290" lon="13.40954150" />
      <trkpt lat="52.76381470" lon="13.40937910" />
      <trkpt lat="52.76276650" lon="13.40749160" />
      <trkpt lat="52.76140840" lon="13.40517600" />
      <trkpt lat="52.76096820" lon="13.40438570" />
      <trkpt lat="52.76017950" lon="13.40306680" />
      <trkpt lat="52.75991180" lon="13.40260470" />
      <trkpt lat="52.75987080" lon="13.40252040" />
      <trkpt lat="52.75985380" lon="13.40248670" />
      <trkpt lat="52.75984050" lon="13.40243030" />
      <trkpt lat="52.75981120" lon="13.40203490" />
      <trkpt lat="52.75977110" lon="13.40145140" />
      <trkpt lat="52.75974600" lon="13.40078250" />
      <trkpt lat="52.75974460" lon="13.40026170" />
      <trkpt lat="52.75974610" lon="13.39935800" />
      <trkpt lat="52.75975970" lon="13.39891200" />
      <trkpt lat="52.75974800" lon="13.39857520" />
      <trkpt lat="52.75971910" lon="13.39773830" />
      <trkpt lat="52.75970600" lon="13.39735780" />
      <trkpt lat="52.75967630" lon="13.39698260" />
      <trkpt lat="52.75960320" lon="13.39661570" />
      <trkpt lat="52.75948810" lon="13.39580890" />
      <trkpt lat="52.75939710" lon="13.39526510" />
      <trkpt lat="52.75928680" lon="13.39465740" />
      <trkpt lat="52.75911010" lon="13.39373080" />
      <trkpt lat="52.75880980" lon="13.39257810" />
      <trkpt lat="52.75796150" lon="13.38965510" />
      <trkpt lat="52.75792240" lon="13.38956400" />
      <trkpt lat="52.75787110" lon="13.38945530" />
      <trkpt lat="52.75750460" lon="13.38876950" />
      <trkpt lat="52.75737620" lon="13.38847690" />
      <trkpt lat="52.75683770" lon="13.38677120" />
      <trkpt lat="52.75677200" lon="13.38662750" />
      <trkpt lat="52.75672890" lon="13.38657080" />
      <trkpt lat="52.75668590" lon="13.38653830" />
      <trkpt lat="52.75663350" lon="13.38651050" />
      <trkpt lat="52.75655460" lon="13.38649770" />
      <trkpt lat="52.75638040" lon="13.38649030" />
      <trkpt lat="52.75622600" lon="13.38649980" />
      <trkpt lat="52.75608030" lon="13.38651910" />
      <trkpt lat="52.75599930" lon="13.38654050" />
      <trkpt lat="52.75587150" lon="13.38661000" />
      <trkpt lat="52.75573560" lon="13.38674590" />
      <trkpt lat="52.75566570" lon="13.38678180" />
      <trkpt lat="52.75559110" lon="13.38677580" />
      <trkpt lat="52.75548560" lon="13.38672320" />
      <trkpt lat="52.75542970" lon="13.38671040" />
      <trkpt lat="52.75544560" lon="13.38647710" />
      <trkpt lat="52.75546660" lon="13.38617190" />
      <trkpt lat="52.75557750" lon="13.38456220" />
      <trkpt lat="52.75563320" lon="13.38369320" />
      <trkpt lat="52.75564510" lon="13.38341670" />
      <trkpt lat="52.75564510" lon="13.38331630" />
      <trkpt lat="52.75564360" lon="13.38325070" />
      <trkpt lat="52.75563310" lon="13.38240030" />
      <trkpt lat="52.75562760" lon="13.38190260" />
      <trkpt lat="52.75561970" lon="13.38126440" />
      <trkpt lat="52.75561330" lon="13.38073970" />
      <trkpt lat="52.75560540" lon="13.38034240" />
      <trkpt lat="52.75559250" lon="13.38012300" />
      <trkpt lat="52.75555470" lon="13.37949710" />
      <trkpt lat="52.75548800" lon="13.37834930" />
      <trkpt lat="52.75547640" lon="13.37814560" />
      <trkpt lat="52.75542870" lon="13.37730700" />
      <trkpt lat="52.75538880" lon="13.37672680" />
      <trkpt lat="52.75536350" lon="13.37641290" />
      <trkpt lat="52.75535420" lon="13.37627680" />
      <trkpt lat="52.75531940" lon="13.37580940" />
      <trkpt lat="52.75529260" lon="13.37518940" />
      <trkpt lat="52.75528060" lon="13.37470180" />
      <trkpt lat="52.75527710" lon="13.37451890" />
      <trkpt lat="52.75525910" lon="13.37393330" />
      <trkpt lat="52.75523450" lon="13.37311350" />
      <trkpt lat="52.75522940" lon="13.37294480" />
      <trkpt lat="52.75520210" lon="13.37246180" />
      <trkpt lat="52.75519180" lon="13.37199450" />
      <trkpt lat="52.75519630" lon="13.37146400" />
      <trkpt lat="52.75523710" lon="13.37146510" />
      <trkpt lat="52.75527850" lon="13.37146620" />
      <trkpt lat="52.75540490" lon="13.37141650" />
      <trkpt lat="52.75547790" lon="13.37136510" />
      <trkpt lat="52.75582630" lon="13.37107690" />
      <trkpt lat="52.75615580" lon="13.37076570" />
      <trkpt lat="52.75634010" lon="13.37053820" />
      <trkpt lat="52.75737230" lon="13.36922360" />
      <trkpt lat="52.75746430" lon="13.36912280" />
      <trkpt lat="52.76339390" lon="13.36860580" />
      <trkpt lat="52.76811590" lon="13.36824750" />
      <trkpt lat="52.76833710" lon="13.36813030" />
      <trkpt lat="52.76848210" lon="13.36819310" />
      <trkpt lat="52.76871320" lon="13.36828880" />
      <trkpt lat="52.76937490" lon="13.36813100" />
      <trkpt lat="52.77190160" lon="13.36751900" />
      <trkpt lat="52.77288840" lon="13.36864550" />
      <trkpt lat="52.77928270" lon="13.36657770" />
      <trkpt lat="52.77939970" lon="13.36653980" />
      <trkpt lat="52.77935910" lon="13.36624150" />
      <trkpt lat="52.77930900" lon="13.36581780" />
      <trkpt lat="52.77809510" lon="13.35353400" />
      <trkpt lat="52.77726440" lon="13.34783700" />
      <trkpt lat="52.77725340" lon="13.34751700" />
      <trkpt lat="52.77715760" lon="13.34713350" />
      <trkpt lat="52.77712700" lon="13.34693800" />
      <trkpt lat="52.77640800" lon="13.34255760" />
      <trkpt lat="52.77627170" lon="13.34226260" />
      <trkpt lat="52.77617890" lon="13.34170010" />
      <trkpt lat="52.77619510" lon="13.34128170" />
      <trkpt lat="52.77539230" lon="13.33651730" />
      <trkpt lat="52.77539200" lon="13.33624720" />
      <trkpt lat="52.77526840" lon="13.33545460" />
      <trkpt lat="52.77513860" lon="13.33467080" />
      <trkpt lat="52.77517550" lon="13.33462300" />
      <trkpt lat="52.77495430" lon="13.33329040" />
      <trkpt lat="52.77458610" lon="13.33105230" />
      <trkpt lat="52.77457770" lon="13.33100120" />
      <trkpt lat="52.77455550" lon="13.33059040" />
      <trkpt lat="52.77462630" lon="13.32992520" />
      <trkpt lat="52.77467890" lon="13.32943140" />
      <trkpt lat="52.77468370" lon="13.32918450" />
      <trkpt lat="52.77466000" lon="13.32906220" />
      <trkpt lat="52.77463190" lon="13.32898370" />
    </trkseg>
  </trk>
  <trk>
    <name>KP15-KP16</name>
    <trkseg>
      <trkpt lat="52.63461170" lon="13.21200980" />
      <trkpt lat="52.63418980" lon="13.21221300" />
      <trkpt lat="52.63407590" lon="13.21233580" />
      <trkpt lat="52.63401510" lon="13.21255060" />
      <trkpt lat="52.63400730" lon="13.21319930" />
      <trkpt lat="52.63393300" lon="13.21337520" />
      <trkpt lat="52.63383090" lon="13.21372690" />
      <trkpt lat="52.63370280" lon="13.21448090" />
      <trkpt lat="52.63352900" lon="13.21441570" />
      <trkpt lat="52.63348190" lon="13.21486870" />
      <trkpt lat="52.63346820" lon="13.21513520" />
      <trkpt lat="52.63344420" lon="13.21530010" />
      <trkpt lat="52.63340880" lon="13.21548990" />
      <trkpt lat="52.63337370" lon="13.21563480" />
      <trkpt lat="52.63334980" lon="13.21568840" />
      <trkpt lat="52.63332010" lon="13.21571290" />
      <trkpt lat="52.63321080" lon="13.21578700" />
      <trkpt lat="52.63305100" lon="13.21574920" />
      <trkpt lat="52.63285430" lon="13.21566470" />
      <trkpt lat="52.63262960" lon="13.21568790" />
      <trkpt lat="52.63124170" lon="13.21603600" />
      <trkpt lat="52.63064990" lon="13.21624860" />
      <trkpt lat="52.63059390" lon="13.21625100" />
      <trkpt lat="52.63054780" lon="13.21621650" />
      <trkpt lat="52.63049170" lon="13.21612270" />
      <trkpt lat="52.63044500" lon="13.21600300" />
      <trkpt lat="52.63040270" lon="13.21585510" />
      <trkpt lat="52.63034630" lon="13.21525040" />
      <trkpt lat="52.63035920" lon="13.21512830" />
      <trkpt lat="52.63038280" lon="13.21504000" />
      <trkpt lat="52.63056220" lon="13.21474580" />
      <trkpt lat="52.63065860" lon="13.21461560" />
      <trkpt lat="52.63076580" lon="13.21449810" />
      <trkpt lat="52.63084200" lon="13.21443990" />
      <trkpt lat="52.63109640" lon="13.21432860" />
      <trkpt lat="52.63100410" lon="13.21405500" />
      <trkpt lat="52.63097770" lon="13.21388970" />
      <trkpt lat="52.63094730" lon="13.21379330" />
      <trkpt lat="52.63091280" lon="13.21373920" />
      <trkpt lat="52.63087060" lon="13.21371260" />
      <trkpt lat="52.63033990" lon="13.21377470" />
      <trkpt lat="52.63007040" lon="13.21384720" />
      <trkpt lat="52.63001790" lon="13.21387160" />
      <trkpt lat="52.62997890" lon="13.21391290" />
      <trkpt lat="52.62995010" lon="13.21398340" />
      <trkpt lat="52.62973490" lon="13.21451120" />
      <trkpt lat="52.62954130" lon="13.21502610" />
      <trkpt lat="52.62927730" lon="13.21570980" />
      <trkpt lat="52.62907220" lon="13.21625860" />
      <trkpt lat="52.62902930" lon="13.21632200" />
      <trkpt lat="52.62898330" lon="13.21633560" />
      <trkpt lat="52.62889680" lon="13.21633740" />
      <trkpt lat="52.62833630" lon="13.21629270" />
      <trkpt lat="52.62791230" lon="13.21625300" />
      <trkpt lat="52.62737240" lon="13.21611960" />
      <trkpt lat="52.62691520" lon="13.21590230" />
      <trkpt lat="52.62654040" lon="13.21573190" />
      <trkpt lat="52.62599990" lon="13.21550020" />
      <trkpt lat="52.62537900" lon="13.21522400" />
      <trkpt lat="52.62515140" lon="13.21510290" />
      <trkpt lat="52.62473140" lon="13.21494900" />
      <trkpt lat="52.62390890" lon="13.21459790" />
      <trkpt lat="52.62264170" lon="13.21381210" />
      <trkpt lat="52.62180330" lon="13.21328710" />
      <trkpt lat="52.62132100" lon="13.21264830" />
      <trkpt lat="52.62094150" lon="13.21216680" />
      <trkpt lat="52.62061960" lon="13.21173180" />
      <trkpt lat="52.62025750" lon="13.21134190" />
      <trkpt lat="52.61972890" lon="13.21075660" />
      <trkpt lat="52.61917730" lon="13.21018020" />
      <trkpt lat="52.61868160" lon="13.20967510" />
      <trkpt lat="52.61813780" lon="13.20891140" />
      <trkpt lat="52.61788140" lon="13.20857190" />
      <trkpt lat="52.61746290" lon="13.20805890" />
      <trkpt lat="52.61683490" lon="13.20646000" />
      <trkpt lat="52.61667190" lon="13.20594830" />
      <trkpt lat="52.61653110" lon="13.20549240" />
      <trkpt lat="52.61642910" lon="13.20513690" />
      <trkpt lat="52.61643830" lon="13.20511860" />
      <trkpt lat="52.61652030" lon="13.20507040" />
      <trkpt lat="52.61658040" lon="13.20503370" />
      <trkpt lat="52.61668310" lon="13.20498940" />
      <trkpt lat="52.61681030" lon="13.20492760" />
      <trkpt lat="52.61703580" lon="13.20484840" />
      <trkpt lat="52.61717000" lon="13.20481210" />
      <trkpt lat="52.61724520" lon="13.20476810" />
      <trkpt lat="52.61733500" lon="13.20458780" />
      <trkpt lat="52.61724560" lon="13.20448340" />
    </trkseg>
  </trk>
  <trk>
    <name>KP16-KP67</name>
    <trkseg>
      <trkpt lat="52.77865260" lon="13.43953760" />
      <trkpt lat="52.77862040" lon="13.43937860" />
      <trkpt lat="52.77857870" lon="13.43927890" />
      <trkpt lat="52.77854130" lon="13.43921920" />
      <trkpt lat="52.77847570" lon="13.43914470" />
      <trkpt lat="52.77815770" lon="13.43877550" />
      <trkpt lat="52.77808800" lon="13.43869370" />
      <trkpt lat="52.77802770" lon="13.43861850" />
      <trkpt lat="52.77790590" lon="13.43844370" />
      <trkpt lat="52.77785240" lon="13.43837960" />
      <trkpt lat="52.77780660" lon="13.43832480" />
      <trkpt lat="52.77769640" lon="13.43820710" />
      <trkpt lat="52.77741410" lon="13.43793510" />
      <trkpt lat="52.77736410" lon="13.43788690" />
      <trkpt lat="52.77638040" lon="13.43694890" />
      <trkpt lat="52.77616390" lon="13.43670620" />
      <trkpt lat="52.77612000" lon="13.43665700" />
      <trkpt lat="52.77608250" lon="13.43661500" />
      <trkpt lat="52.77593630" lon="13.43639750" />
      <trkpt lat="52.77576760" lon="13.43609470" />
      <trkpt lat="52.77562570" lon="13.43581570" />
      <trkpt lat="52.77549690" lon="13.43557160" />
      <trkpt lat="52.77548050" lon="13.43554010" />
      <trkpt lat="52.77523290" lon="13.43506320" />
      <trkpt lat="52.77512120" lon="13.43484540" />
      <trkpt lat="52.77482740" lon="13.43429770" />
      <trkpt lat="52.77461880" lon="13.43398840" />
      <trkpt lat="52.77449880" lon="13.43384050" />
      <trkpt lat="52.77433560" lon="13.43365150" />
      <trkpt lat="52.77415030" lon="13.43347850" />
      <trkpt lat="52.77384920" lon="13.43320720" />
      <trkpt lat="52.77378740" lon="13.43316360" />
      <trkpt lat="52.77372250" lon="13.43312580" />
      <trkpt lat="52.77353800" lon="13.43307630" />
      <trkpt lat="52.77325280" lon="13.43300490" />
      <trkpt lat="52.77271260" lon="13.43287280" />
      <trkpt lat="52.77269340" lon="13.43286810" />
      <trkpt lat="52.77252910" lon="13.43283240" />
      <trkpt lat="52.77249530" lon="13.43282350" />
      <trkpt lat="52.77200660" lon="13.43270080" />
      <trkpt lat="52.77185290" lon="13.43266690" />
      <trkpt lat="52.77167900" lon="13.43262480" />
      <trkpt lat="52.77168340" lon="13.43254500" />
      <trkpt lat="52.77166980" lon="13.43246660" />
      <trkpt lat="52.77163460" lon="13.43239910" />
      <trkpt lat="52.77146030" lon="13.43212170" />
      <trkpt lat="52.77123800" lon="13.43171250" />
      <trkpt lat="52.77103770" lon="13.43134740" />
      <trkpt lat="52.77088050" lon="13.43106090" />
      <trkpt lat="52.77075830" lon="13.43082340" />
      <trkpt lat="52.77020860" lon="13.42980160" />
      <trkpt lat="52.76971150" lon="13.42889500" />
      <trkpt lat="52.76934130" lon="13.42825730" />
      <trkpt lat="52.76930850" lon="13.42820430" />
      <trkpt lat="52.76907920" lon="13.42784050" />
      <trkpt lat="52.76803160" lon="13.42606490" />
      <trkpt lat="52.76787680" lon="13.42577650" />
      <trkpt lat="52.76776220" lon="13.42555000" />
      <trkpt lat="52.76767480" lon="13.42538410" />
      <trkpt lat="52.76717400" lon="13.42433920" />
      <trkpt lat="52.76687960" lon="13.42372730" />
      <trkpt lat="52.76670600" lon="13.42327520" />
      <trkpt lat="52.76633030" lon="13.42218490" />
      <trkpt lat="52.76587060" lon="13.42075930" />
      <trkpt lat="52.76540290" lon="13.41914450" />
      <trkpt lat="52.76532190" lon="13.41888190" />
      <trkpt lat="52.76503440" lon="13.41794950" />
      <trkpt lat="52.76490180" lon="13.41750050" />
      <trkpt lat="52.76485660" lon="13.41724950" />
      <trkpt lat="52.76481840" lon="13.41703750" />
      <trkpt lat="52.76449940" lon="13.41479110" />
      <trkpt lat="52.76445600" lon="13.41443820" />
      <trkpt lat="52.76435130" lon="13.41358690" />
      <trkpt lat="52.76419490" lon="13.41234730" />
      <trkpt lat="52.76417650" lon="13.41221260" />
      <trkpt lat="52.76414810" lon="13.41193520" />
      <trkpt lat="52.76403090" lon="13.41107240" />
      <trkpt lat="52.76389120" lon="13.40992390" />
      <trkpt lat="52.76383290" lon="13.40954150" />
      <trkpt lat="52.76381470" lon="13.40937910" />
      <trkpt lat="52.76276650" lon="13.40749160" />
      <trkpt lat="52.76140840" lon="13.40517600" />
      <trkpt lat="52.76096820" lon="13.40438570" />
      <trkpt lat="52.76017950" lon="13.40306680" />
      <trkpt lat="52.75991180" lon="13.40260470" />
      <trkpt lat="52.75987080" lon="13.40252040" />
      <trkpt lat="52.75985380" lon="13.40248670" />
      <trkpt lat="52.75984050" lon="13.40243030" />
      <trkpt lat="52.75981120" lon="13.40203490" />
      <trkpt lat="52.75977110" lon="13.40145140" />
      <trkpt lat="52.75974600" lon="13.40078250" />
      <trkpt lat="52.75974460" lon="13.40026170" />
      <trkpt lat="52.75974610" lon="13.39935800" />
      <trkpt lat="52.75975970" lon="13.39891200" />
      <trkpt lat="52.75974800" lon="13.39857520" />
      <trkpt lat="52.75971910" lon="13.39773830" />
      <trkpt lat="52.75970600" lon="13.39735780" />
      <trkpt lat="52.75967630" lon="13.39698260" />
      <trkpt lat="52.75960320" lon="13.39661570" />
      <trkpt lat="52.75948810" lon="13.39580890" />
      <trkpt lat="52.75939710" lon="13.39526510" />
      <trkpt lat="52.75928680" lon="13.39465740" />
      <trkpt lat="52.75911010" lon="13.39373080" />
      <trkpt lat="52.75880980" lon="13.39257810" />
      <trkpt lat="52.75796150" lon="13.38965510" />
      <trkpt lat="52.75792240" lon="13.38956400" />
      <trkpt lat="52.75787110" lon="13.38945530" />
      <trkpt lat="52.75750460" lon="13.38876950" />
      <trkpt lat="52.75737620" lon="13.38847690" />
      <trkpt lat="52.75683770" lon="13.38677120" />
      <trkpt lat="52.75677200" lon="13.38662750" />
      <trkpt lat="52.75672890" lon="13.38657080" />
      <trkpt lat="52.75668590" lon="13.38653830" />
      <trkpt lat="52.75663350" lon="13.38651050" />
      <trkpt lat="52.75655460" lon="13.38649770" />
      <trkpt lat="52.75638040" lon="13.38649030" />
      <trkpt lat="52.75622600" lon="13.38649980" />
      <trkpt lat="52.75608030" lon="13.38651910" />
      <trkpt lat="52.75599930" lon="13.38654050" />
      <trkpt lat="52.75587150" lon="13.38661000" />
      <trkpt lat="52.75573560" lon="13.38674590" />
      <trkpt lat="52.75566570" lon="13.38678180" />
      <trkpt lat="52.75559110" lon="13.38677580" />
      <trkpt lat="52.75548560" lon="13.38672320" />
      <trkpt lat="52.75542970" lon="13.38671040" />
      <trkpt lat="52.75544560" lon="13.38647710" />
      <trkpt lat="52.75546660" lon="13.38617190" />
      <trkpt lat="52.75557750" lon="13.38456220" />
      <trkpt lat="52.75563320" lon="13.38369320" />
      <trkpt lat="52.75564510" lon="13.38341670" />
      <trkpt lat="52.75564510" lon="13.38331630" />
      <trkpt lat="52.75564360" lon="13.38325070" />
      <trkpt lat="52.75563310" lon="13.38240030" />
      <trkpt lat="52.75562760" lon="13.38190260" />
      <trkpt lat="52.75561970" lon="13.38126440" />
      <trkpt lat="52.75561330" lon="13.38073970" />
      <trkpt lat="52.75560540" lon="13.38034240" />
      <trkpt lat="52.75559250" lon="13.38012300" />
      <trkpt lat="52.75555470" lon="13.37949710" />
      <trkpt lat="52.75548800" lon="13.37834930" />
      <trkpt lat="52.75547640" lon="13.37814560" />
      <trkpt lat="52.75542870" lon="13.37730700" />
      <trkpt lat="52.75538880" lon="13.37672680" />
      <trkpt lat="52.75536350" lon="13.37641290" />
      <trkpt lat="52.75535420" lon="13.37627680" />
      <trkpt lat="52.75531940" lon="13.37580940" />
      <trkpt lat="52.75529260" lon="13.37518940" />
      <trkpt lat="52.75528060" lon="13.37470180" />
      <trkpt lat="52.75527710" lon="13.37451890" />
      <trkpt lat="52.75525910" lon="13.37393330" />
      <trkpt lat="52.75523450" lon="13.37311350" />
      <trkpt lat="52.75522940" lon="13.37294480" />
      <trkpt lat="52.75520210" lon="13.37246180" />
      <trkpt lat="52.75519180" lon="13.37199450" />
      <trkpt lat="52.75519630" lon="13.37146400" />
      <trkpt lat="52.75523710" lon="13.37146510" />
      <trkpt lat="52.75527850" lon="13.37146620" />
      <trkpt lat="52.75540490" lon="13.37141650" />
      <trkpt lat="52.75547790" lon="13.37136510" />
      <trkpt lat="52.75582630" lon="13.37107690" />
      <trkpt lat="52.75615580" lon="13.37076570" />
      <trkpt lat="52.75634010" lon="13.37053820" />
      <trkpt lat="52.75737230" lon="13.36922360" />
      <trkpt lat="52.75746430" lon="13.36912280" />
      <trkpt lat="52.76339390" lon="13.36860580" />
      <trkpt lat="52.76811590" lon="13.36824750" />
      <trkpt lat="52.76833710" lon="13.36813030" />
      <trkpt lat="52.76848210" lon="13.36819310" />
      <trkpt lat="52.76871320" lon="13.36828880" />
      <trkpt lat="52.76937490" lon="13.36813100" />
      <trkpt lat="52.77190160" lon="13.36751900" />
      <trkpt lat="52.77288840" lon="13.36864550" />
      <trkpt lat="52.77928270" lon="13.36657770" />
      <trkpt lat="52.77939970" lon="13.36653980" />
      <trkpt lat="52.77935910" lon="13.36624150" />
      <trkpt lat="52.77930900" lon="13.36581780" />
      <trkpt lat="52.77809510" lon="13.35353400" />
      <trkpt lat="52.77726440" lon="13.34783700" />
      <trkpt lat="52.77725340" lon="13.34751700" />
      <trkpt lat="52.77715760" lon="13.34713350" />
      <trkpt lat="52.77712700" lon="13.34693800" />
      <trkpt lat="52.77640800" lon="13.34255760" />
      <trkpt lat="52.77627170" lon="13.34226260" />
      <trkpt lat="52.77617890" lon="13.34170010" />
      <trkpt lat="52.77619510" lon="13.34128170" />
      <trkpt lat="52.77539230" lon="13.33651730" />
      <trkpt lat="52.77539200" lon="13.33624720" />
      <trkpt lat="52.77526840" lon="13.33545460" />
      <trkpt lat="52.77513860" lon="13.33467080" />
      <trkpt lat="52.77517550" lon="13.33462300" />
      <trkpt lat="52.77495430" lon="13.33329040" />
      <trkpt lat="52.77458610" lon="13.33105230" />
      <trkpt lat="52.77457770" lon="13.33100120" />
      <trkpt lat="52.77455550" lon="13.33059040" />
      <trkpt lat="52.77462630" lon="13.32992520" />
      <trkpt lat="52.77467890" lon="13.32943140" />
      <trkpt lat="52.77468370" lon="13.32918450" />
      <trkpt lat="52.77466000" lon="13.32906220" />
      <trkpt lat="52.77463190" lon="13.32898370" />
    </trkseg>
  </trk>
  <trk>
    <name>KP16-KP77</name>
    <trkseg>
      <trkpt lat="52.98440710" lon="12.80563390" />
      <trkpt lat="52.98570890" lon="12.80533990" />
      <trkpt lat="52.98592920" lon="12.80538650" />
      <trkpt lat="52.98886410" lon="12.80570320" />
      <trkpt lat="52.99237630" lon="12.80591330" />
      <trkpt lat="52.99424250" lon="12.80501560" />
      <trkpt lat="52.99754650" lon="12.80349280" />
      <trkpt lat="52.99866330" lon="12.80284900" />
      <trkpt lat="53.00131050" lon="12.80161630" />
      <trkpt lat="53.00316280" lon="12.80075360" />
      <trkpt lat="53.00414800" lon="12.80017610" />
      <trkpt lat="53.00516300" lon="12.79962090" />
      <trkpt lat="53.00530860" lon="12.79954900" />
      <trkpt lat="53.00788400" lon="12.79839030" />
      <trkpt lat="53.00924080" lon="12.79911890" />
      <trkpt lat="53.00971750" lon="12.79937490" />
      <trkpt lat="53.01281410" lon="12.80150470" />
      <trkpt lat="53.01360600" lon="12.80125790" />
      <trkpt lat="53.01364670" lon="12.80118630" />
      <trkpt lat="53.01561890" lon="12.79827840" />
      <trkpt lat="53.01659100" lon="12.79684510" />
      <trkpt lat="53.01669760" lon="12.79668810" />
      <trkpt lat="53.01977040" lon="12.79215710" />
      <trkpt lat="53.02003410" lon="12.79176820" />
      <trkpt lat="53.02162470" lon="12.78942270" />
      <trkpt lat="53.02194840" lon="12.78902560" />
      <trkpt lat="53.02305750" lon="12.78709840" />
      <trkpt lat="53.02343960" lon="12.78641210" />
      <trkpt lat="53.02423620" lon="12.78498110" />
      <trkpt lat="53.02434340" lon="12.78465570" />
      <trkpt lat="53.02468150" lon="12.78362920" />
      <trkpt lat="53.02487090" lon="12.78253870" />
      <trkpt lat="53.02534610" lon="12.78053930" />
      <trkpt lat="53.02544840" lon="12.78031020" />
      <trkpt lat="53.02609690" lon="12.77885870" />
      <trkpt lat="53.02749970" lon="12.77527290" />
      <trkpt lat="53.02718630" lon="12.77302920" />
      <trkpt lat="53.02691340" lon="12.77114890" />
      <trkpt lat="53.02690120" lon="12.77103020" />
      <trkpt lat="53.02646640" lon="12.76822160" />
      <trkpt lat="53.02575080" lon="12.76350790" />
      <trkpt lat="53.02505210" lon="12.75890530" />
      <trkpt lat="53.02240520" lon="12.75999760" />
      <trkpt lat="53.02064980" lon="12.76075020" />
      <trkpt lat="53.02058300" lon="12.75942430" />
      <trkpt lat="53.02072500" lon="12.75660460" />
      <trkpt lat="53.02074470" lon="12.75621400" />
      <trkpt lat="53.02112970" lon="12.75358560" />
      <trkpt lat="53.02121220" lon="12.75196280" />
      <trkpt lat="53.02052790" lon="12.74970970" />
      <trkpt lat="53.02012730" lon="12.74894710" />
      <trkpt lat="53.01976910" lon="12.74828730" />
      <trkpt lat="53.01925600" lon="12.74749870" />
      <trkpt lat="53.01839120" lon="12.74643660" />
      <trkpt lat="53.01798460" lon="12.74517060" />
      <trkpt lat="53.01804580" lon="12.74410340" />
      <trkpt lat="53.01808790" lon="12.74336810" />
      <trkpt lat="53.01772500" lon="12.74132600" />
      <trkpt lat="53.01812240" lon="12.74095860" />
      <trkpt lat="53.01862610" lon="12.73950020" />
      <trkpt lat="53.02001020" lon="12.73780680" />
    </trkseg>
  </trk>
  <trk>
    <name>KP17-KP39</name>
    <trkseg>
      <trkpt lat="52.84200170" lon="13.14631410" />
      <trkpt lat="52.84177300" lon="13.14589580" />
      <trkpt lat="52.84169080" lon="13.14571300" />
      <trkpt lat="52.84156720" lon="13.14535240" />
      <trkpt lat="52.84142630" lon="13.14481560" />
      <trkpt lat="52.84114430" lon="13.14384200" />
      <trkpt lat="52.84109150" lon="13.14363910" />
      <trkpt lat="52.84071400" lon="13.14215050" />
      <trkpt lat="52.84063540" lon="13.14189710" />
      <trkpt lat="52.84045250" lon="13.14130750" />
      <trkpt lat="52.84036390" lon="13.14102210" />
      <trkpt lat="52.84014110" lon="13.14035630" />
      <trkpt lat="52.83985670" lon="13.13951850" />
      <trkpt lat="52.83984580" lon="13.13948190" />
      <trkpt lat="52.83961490" lon="13.13867990" />
      <trkpt lat="52.83895550" lon="13.13581620" />
      <trkpt lat="52.83814210" lon="13.13381870" />
      <trkpt lat="52.83740740" lon="13.13185170" />
      <trkpt lat="52.83694150" lon="13.13034990" />
      <trkpt lat="52.83639490" lon="13.12899580" />
      <trkpt lat="52.83480930" lon="13.12637550" />
      <trkpt lat="52.83320160" lon="13.12371870" />
      <trkpt lat="52.82928730" lon="13.11760200" />
      <trkpt lat="52.82796770" lon="13.11573230" />
      <trkpt lat="52.82701160" lon="13.11335090" />
      <trkpt lat="52.82604280" lon="13.11162720" />
      <trkpt lat="52.82427890" lon="13.10848930" />
      <trkpt lat="52.81930710" lon="13.09926190" />
      <trkpt lat="52.81887510" lon="13.09792310" />
      <trkpt lat="52.81818270" lon="13.09622600" />
      <trkpt lat="52.81753980" lon="13.09465040" />
      <trkpt lat="52.81700780" lon="13.09198570" />
      <trkpt lat="52.81696120" lon="13.09183760" />
      <trkpt lat="52.81522470" lon="13.08656480" />
      <trkpt lat="52.81519980" lon="13.08610920" />
      <trkpt lat="52.81500760" lon="13.08524200" />
      <trkpt lat="52.81489230" lon="13.08439100" />
      <trkpt lat="52.81479750" lon="13.08397560" />
      <trkpt lat="52.81456950" lon="13.08315280" />
      <trkpt lat="52.81434940" lon="13.08235880" />
      <trkpt lat="52.81426530" lon="13.08205540" />
      <trkpt lat="52.81425190" lon="13.08188260" />
      <trkpt lat="52.81427120" lon="13.08157370" />
      <trkpt lat="52.81428850" lon="13.08130670" />
      <trkpt lat="52.81427120" lon="13.08106580" />
      <trkpt lat="52.81406790" lon="13.08069040" />
      <trkpt lat="52.81359950" lon="13.07993460" />
      <trkpt lat="52.81316590" lon="13.07916590" />
      <trkpt lat="52.81281490" lon="13.07859140" />
      <trkpt lat="52.81268180" lon="13.07840140" />
      <trkpt lat="52.81253070" lon="13.07800020" />
      <trkpt lat="52.81233550" lon="13.07762330" />
      <trkpt lat="52.81191080" lon="13.07698250" />
      <trkpt lat="52.81141780" lon="13.07622810" />
      <trkpt lat="52.81042870" lon="13.07461570" />
      <trkpt lat="52.81054240" lon="13.07447020" />
      <trkpt lat="52.81121900" lon="13.07420390" />
      <trkpt lat="52.81132030" lon="13.07410830" />
      <trkpt lat="52.81138580" lon="13.07397050" />
      <trkpt lat="52.81141730" lon="13.07368540" />
      <trkpt lat="52.81126120" lon="13.07162450" />
      <trkpt lat="52.81132280" lon="13.07077870" />
      <trkpt lat="52.81129590" lon="13.06916210" />
      <trkpt lat="52.81130000" lon="13.06845870" />
      <trkpt lat="52.81125840" lon="13.06801920" />
      <trkpt lat="52.81124830" lon="13.06754790" />
      <trkpt lat="52.81082320" lon="13.06452240" />
      <trkpt lat="52.81064900" lon="13.06311970" />
      <trkpt lat="52.81052020" lon="13.06223240" />
      <trkpt lat="52.81041720" lon="13.06192180" />
      <trkpt lat="52.81054760" lon="13.06182260" />
      <trkpt lat="52.81051420" lon="13.06098450" />
      <trkpt lat="52.81043180" lon="13.05967330" />
      <trkpt lat="52.81034840" lon="13.05885690" />
      <trkpt lat="52.81015140" lon="13.05781850" />
      <trkpt lat="52.81013670" lon="13.05767590" />
      <trkpt lat="52.80990290" lon="13.05541460" />
      <trkpt lat="52.80983950" lon="13.05480170" />
      <trkpt lat="52.80974470" lon="13.05388420" />
      <trkpt lat="52.80967810" lon="13.05317450" />
      <trkpt lat="52.80966900" lon="13.05307750" />
      <trkpt lat="52.80943210" lon="13.05055500" />
      <trkpt lat="52.80937110" lon="13.05023720" />
      <trkpt lat="52.80926080" lon="13.04966240" />
      <trkpt lat="52.80922360" lon="13.04940890" />
      <trkpt lat="52.80912000" lon="13.04898250" />
      <trkpt lat="52.80902250" lon="13.04853980" />
      <trkpt lat="52.80887170" lon="13.04767110" />
      <trkpt lat="52.80880900" lon="13.04736270" />
      <trkpt lat="52.80875520" lon="13.04709770" />
      <trkpt lat="52.80871150" lon="13.04663750" />
      <trkpt lat="52.80865640" lon="13.04632850" />
      <trkpt lat="52.80852930" lon="13.04605530" />
      <trkpt lat="52.80830040" lon="13.04580100" />
      <trkpt lat="52.80818620" lon="13.04567410" />
      <trkpt lat="52.80793500" lon="13.04539510" />
      <trkpt lat="52.80723020" lon="13.04463930" />
      <trkpt lat="52.80711270" lon="13.04451330" />
      <trkpt lat="52.80648120" lon="13.04378210" />
      <trkpt lat="52.80595580" lon="13.04317360" />
      <trkpt lat="52.80582900" lon="13.04303350" />
      <trkpt lat="52.80568930" lon="13.04287910" />
      <trkpt lat="52.80555800" lon="13.04273400" />
      <trkpt lat="52.80550230" lon="13.04267240" />
      <trkpt lat="52.80510480" lon="13.04223390" />
      <trkpt lat="52.80493980" lon="13.04205190" />
      <trkpt lat="52.80451020" lon="13.04157790" />
      <trkpt lat="52.80414760" lon="13.04120230" />
      <trkpt lat="52.80401230" lon="13.04111510" />
      <trkpt lat="52.80402340" lon="13.04104000" />
      <trkpt lat="52.80402070" lon="13.04099260" />
      <trkpt lat="52.80400540" lon="13.04090320" />
      <trkpt lat="52.80396930" lon="13.04082150" />
      <trkpt lat="52.80391240" lon="13.04074030" />
      <trkpt lat="52.80387040" lon="13.04070740" />
      <trkpt lat="52.80379560" lon="13.04069500" />
      <trkpt lat="52.80317570" lon="13.04079800" />
      <trkpt lat="52.80295286" lon="13.04065784" />
      <trkpt lat="52.80274581" lon="13.03986823" />
      <trkpt lat="52.80263078" lon="13.03815582" />
      <trkpt lat="52.80258477" lon="13.03686200" />
      <trkpt lat="52.80259627" lon="13.03563477" />
      <trkpt lat="52.80260190" lon="13.03449960" />
    </trkseg>
  </trk>
  <trk>
    <name>KP18-KP19</name>
    <trkseg>
      <trkpt lat="52.81212130" lon="13.15629010" />
      <trkpt lat="52.81206280" lon="13.15639250" />
      <trkpt lat="52.81188770" lon="13.15661130" />
      <trkpt lat="52.81137940" lon="13.15712850" />
      <trkpt lat="52.81054660" lon="13.15785700" />
      <trkpt lat="52.80890370" lon="13.15933310" />
      <trkpt lat="52.80839010" lon="13.16027300" />
      <trkpt lat="52.80569590" lon="13.16583480" />
      <trkpt lat="52.80431270" lon="13.16866430" />
      <trkpt lat="52.80375470" lon="13.16987630" />
      <trkpt lat="52.80359580" lon="13.17018610" />
      <trkpt lat="52.80332990" lon="13.17063890" />
      <trkpt lat="52.80309400" lon="13.17087320" />
      <trkpt lat="52.80267530" lon="13.17126210" />
      <trkpt lat="52.80234720" lon="13.17158700" />
      <trkpt lat="52.80066940" lon="13.17315240" />
      <trkpt lat="52.80000590" lon="13.17382560" />
      <trkpt lat="52.79966340" lon="13.17477470" />
      <trkpt lat="52.79888650" lon="13.17806590" />
      <trkpt lat="52.79875940" lon="13.17859050" />
      <trkpt lat="52.79842650" lon="13.18051280" />
      <trkpt lat="52.79884750" lon="13.18427640" />
      <trkpt lat="52.79693300" lon="13.18577300" />
      <trkpt lat="52.79837540" lon="13.19100090" />
      <trkpt lat="52.79860890" lon="13.19186030" />
      <trkpt lat="52.79880250" lon="13.19257290" />
      <trkpt lat="52.80374020" lon="13.19405780" />
      <trkpt lat="52.80466010" lon="13.19430610" />
      <trkpt lat="52.80496280" lon="13.19437970" />
      <trkpt lat="52.80594270" lon="13.19461450" />
      <trkpt lat="52.80791700" lon="13.19511360" />
      <trkpt lat="52.80821470" lon="13.19526950" />
      <trkpt lat="52.80834630" lon="13.19533850" />
      <trkpt lat="52.80871710" lon="13.19579180" />
      <trkpt lat="52.80877310" lon="13.19586030" />
      <trkpt lat="52.80908440" lon="13.19634090" />
      <trkpt lat="52.80933340" lon="13.19680440" />
      <trkpt lat="52.80945790" lon="13.19738810" />
      <trkpt lat="52.80959960" lon="13.19838670" />
      <trkpt lat="52.80973270" lon="13.19908220" />
      <trkpt lat="52.80977800" lon="13.19925680" />
      <trkpt lat="52.80988680" lon="13.19967630" />
      <trkpt lat="52.81008350" lon="13.20026890" />
      <trkpt lat="52.81018220" lon="13.20056630" />
      <trkpt lat="52.81022820" lon="13.20065850" />
      <trkpt lat="52.81045880" lon="13.20111270" />
      <trkpt lat="52.81084770" lon="13.20186950" />
      <trkpt lat="52.81136370" lon="13.20284930" />
      <trkpt lat="52.81153500" lon="13.20326270" />
      <trkpt lat="52.81168870" lon="13.20369800" />
      <trkpt lat="52.81185490" lon="13.20416790" />
      <trkpt lat="52.81203340" lon="13.20467280" />
      <trkpt lat="52.81205630" lon="13.20473860" />
      <trkpt lat="52.81233570" lon="13.20555780" />
      <trkpt lat="52.81252710" lon="13.20608380" />
      <trkpt lat="52.81271040" lon="13.20661990" />
      <trkpt lat="52.81292910" lon="13.20714420" />
      <trkpt lat="52.81332370" lon="13.20820270" />
      <trkpt lat="52.81393770" lon="13.20961870" />
      <trkpt lat="52.81406000" lon="13.20992210" />
      <trkpt lat="52.81410660" lon="13.21010390" />
      <trkpt lat="52.81425120" lon="13.21066810" />
      <trkpt lat="52.81431100" lon="13.21098060" />
      <trkpt lat="52.81434870" lon="13.21124700" />
      <trkpt lat="52.81439520" lon="13.21182050" />
      <trkpt lat="52.81453340" lon="13.21342830" />
      <trkpt lat="52.81457620" lon="13.21396960" />
      <trkpt lat="52.81462210" lon="13.21449210" />
      <trkpt lat="52.81465670" lon="13.21548190" />
      <trkpt lat="52.81467470" lon="13.21599890" />
      <trkpt lat="52.81470270" lon="13.21679890" />
      <trkpt lat="52.81461930" lon="13.21717520" />
      <trkpt lat="52.81458250" lon="13.21756450" />
      <trkpt lat="52.81456810" lon="13.21783590" />
      <trkpt lat="52.81463130" lon="13.21932780" />
      <trkpt lat="52.81465820" lon="13.22015960" />
      <trkpt lat="52.81468660" lon="13.22036730" />
      <trkpt lat="52.81474570" lon="13.22064870" />
      <trkpt lat="52.81489680" lon="13.22110150" />
      <trkpt lat="52.81460250" lon="13.22137890" />
      <trkpt lat="52.81452660" lon="13.22121290" />
      <trkpt lat="52.81453400" lon="13.22115060" />
      <trkpt lat="52.81468850" lon="13.22127570" />
      <trkpt lat="52.81487450" lon="13.22155130" />
      <trkpt lat="52.81488370" lon="13.22158270" />
      <trkpt lat="52.81487600" lon="13.22161870" />
      <trkpt lat="52.81473720" lon="13.22179830" />
      <trkpt lat="52.81465580" lon="13.22199750" />
      <trkpt lat="52.81460260" lon="13.22205050" />
      <trkpt lat="52.81422190" lon="13.22327980" />
      <trkpt lat="52.81396280" lon="13.22406200" />
      <trkpt lat="52.81381810" lon="13.22436910" />
      <trkpt lat="52.81352260" lon="13.22492920" />
    </trkseg>
  </trk>
  <trk>
    <name>KP18-KP38</name>
    <trkseg>
      <trkpt lat="52.81212130" lon="13.15629010" />
      <trkpt lat="52.81204680" lon="13.15619710" />
      <trkpt lat="52.80987440" lon="13.15289010" />
      <trkpt lat="52.80883130" lon="13.15130230" />
      <trkpt lat="52.80879870" lon="13.15125070" />
      <trkpt lat="52.80849950" lon="13.15077820" />
      <trkpt lat="52.80817110" lon="13.15021890" />
      <trkpt lat="52.80788280" lon="13.14964710" />
      <trkpt lat="52.80746820" lon="13.14876210" />
      <trkpt lat="52.80708090" lon="13.14787140" />
      <trkpt lat="52.80679700" lon="13.14652500" />
      <trkpt lat="52.80663030" lon="13.14561180" />
      <trkpt lat="52.80613010" lon="13.14272610" />
      <trkpt lat="52.80604790" lon="13.14227290" />
      <trkpt lat="52.80598140" lon="13.14190630" />
      <trkpt lat="52.80588670" lon="13.14060250" />
      <trkpt lat="52.80575230" lon="13.13999990" />
      <trkpt lat="52.80540390" lon="13.13869470" />
      <trkpt lat="52.80526510" lon="13.13790220" />
      <trkpt lat="52.80516430" lon="13.13685890" />
      <trkpt lat="52.80508170" lon="13.13635720" />
      <trkpt lat="52.80487040" lon="13.13512500" />
      <trkpt lat="52.80474690" lon="13.13433890" />
      <trkpt lat="52.80472010" lon="13.13412510" />
      <trkpt lat="52.80468340" lon="13.13380220" />
      <trkpt lat="52.80460470" lon="13.13323950" />
      <trkpt lat="52.80451630" lon="13.13271060" />
      <trkpt lat="52.80439390" lon="13.13233850" />
      <trkpt lat="52.80413630" lon="13.13157240" />
      <trkpt lat="52.80404860" lon="13.13134230" />
      <trkpt lat="52.80347660" lon="13.12975290" />
      <trkpt lat="52.80344220" lon="13.12969730" />
      <trkpt lat="52.80335620" lon="13.12963660" />
      <trkpt lat="52.80335780" lon="13.12951940" />
      <trkpt lat="52.80333850" lon="13.12935570" />
      <trkpt lat="52.80327450" lon="13.12914520" />
      <trkpt lat="52.80281960" lon="13.12786990" />
      <trkpt lat="52.80221310" lon="13.12859830" />
      <trkpt lat="52.80168080" lon="13.12928370" />
      <trkpt lat="52.80129600" lon="13.12974770" />
      <trkpt lat="52.80115490" lon="13.12992410" />
      <trkpt lat="52.80092340" lon="13.13021190" />
      <trkpt lat="52.80062580" lon="13.13056610" />
      <trkpt lat="52.79842510" lon="13.13317560" />
      <trkpt lat="52.79822610" lon="13.13343010" />
      <trkpt lat="52.79814580" lon="13.13354190" />
      <trkpt lat="52.79798110" lon="13.13378740" />
      <trkpt lat="52.79786700" lon="13.13386530" />
      <trkpt lat="52.79734160" lon="13.13385460" />
      <trkpt lat="52.79715350" lon="13.13373660" />
      <trkpt lat="52.79691340" lon="13.13350060" />
      <trkpt lat="52.79568980" lon="13.13143310" />
      <trkpt lat="52.79528520" lon="13.13074330" />
      <trkpt lat="52.79508390" lon="13.13037590" />
      <trkpt lat="52.79496950" lon="13.13020430" />
      <trkpt lat="52.79479160" lon="13.12989880" />
      <trkpt lat="52.79412140" lon="13.12861590" />
      <trkpt lat="52.79371850" lon="13.12783670" />
      <trkpt lat="52.79357480" lon="13.12758160" />
      <trkpt lat="52.79338090" lon="13.12736200" />
      <trkpt lat="52.79317060" lon="13.12720330" />
      <trkpt lat="52.79289900" lon="13.12709210" />
      <trkpt lat="52.79179370" lon="13.12664390" />
      <trkpt lat="52.79101060" lon="13.12658310" />
      <trkpt lat="52.79089480" lon="13.12655410" />
      <trkpt lat="52.79086850" lon="13.12651090" />
      <trkpt lat="52.79079050" lon="13.12641640" />
      <trkpt lat="52.79074850" lon="13.12621100" />
      <trkpt lat="52.79070900" lon="13.12550820" />
      <trkpt lat="52.79066130" lon="13.12504420" />
      <trkpt lat="52.79062560" lon="13.12453460" />
      <trkpt lat="52.79046170" lon="13.12330530" />
      <trkpt lat="52.79035460" lon="13.12243530" />
      <trkpt lat="52.79023260" lon="13.12158560" />
      <trkpt lat="52.79016550" lon="13.12095950" />
      <trkpt lat="52.79013000" lon="13.11944730" />
      <trkpt lat="52.79011600" lon="13.11875310" />
      <trkpt lat="52.79017280" lon="13.11765160" />
      <trkpt lat="52.79020060" lon="13.11721980" />
      <trkpt lat="52.79021510" lon="13.11706190" />
      <trkpt lat="52.79024870" lon="13.11660180" />
      <trkpt lat="52.79027510" lon="13.11641600" />
      <trkpt lat="52.79034810" lon="13.11586530" />
      <trkpt lat="52.79049110" lon="13.11501180" />
      <trkpt lat="52.79065670" lon="13.11386080" />
      <trkpt lat="52.79068280" lon="13.11352940" />
      <trkpt lat="52.79068880" lon="13.11314010" />
      <trkpt lat="52.79067940" lon="13.11280550" />
      <trkpt lat="52.79063490" lon="13.11232970" />
      <trkpt lat="52.79034970" lon="13.10919850" />
      <trkpt lat="52.79017920" lon="13.10722770" />
      <trkpt lat="52.78993570" lon="13.10474730" />
      <trkpt lat="52.78961820" lon="13.10228950" />
      <trkpt lat="52.78957350" lon="13.10217240" />
      <trkpt lat="52.78953770" lon="13.10207580" />
      <trkpt lat="52.78938810" lon="13.10223120" />
      <trkpt lat="52.78923640" lon="13.10235510" />
      <trkpt lat="52.78878740" lon="13.10265800" />
      <trkpt lat="52.78862150" lon="13.10268190" />
      <trkpt lat="52.78779390" lon="13.10251920" />
      <trkpt lat="52.78728230" lon="13.10237950" />
      <trkpt lat="52.78721420" lon="13.10236820" />
      <trkpt lat="52.78662350" lon="13.10220840" />
      <trkpt lat="52.78633120" lon="13.10211110" />
      <trkpt lat="52.78605250" lon="13.10203880" />
      <trkpt lat="52.78591310" lon="13.10200270" />
      <trkpt lat="52.78577760" lon="13.10201020" />
      <trkpt lat="52.78551180" lon="13.10200290" />
      <trkpt lat="52.78453490" lon="13.10193970" />
      <trkpt lat="52.78396700" lon="13.10196020" />
      <trkpt lat="52.78373030" lon="13.10203170" />
    </trkseg>
  </trk>
  <trk>
    <name>KP20-KP29</name>
    <trkseg>
      <trkpt lat="52.69015240" lon="13.02568440" />
      <trkpt lat="52.69010870" lon="13.02603310" />
      <trkpt lat="52.68998460" lon="13.02651370" />
      <trkpt lat="52.68967070" lon="13.02750120" />
      <trkpt lat="52.68939150" lon="13.02825990" />
      <trkpt lat="52.68930990" lon="13.02852810" />
      <trkpt lat="52.68816400" lon="13.03177250" />
      <trkpt lat="52.68751250" lon="13.03357990" />
      <trkpt lat="52.68582880" lon="13.03819350" />
      <trkpt lat="52.68549700" lon="13.03916860" />
      <trkpt lat="52.68487390" lon="13.04092560" />
      <trkpt lat="52.68428920" lon="13.04251660" />
      <trkpt lat="52.68281560" lon="13.04647430" />
      <trkpt lat="52.68238890" lon="13.04762830" />
      <trkpt lat="52.68203680" lon="13.04853030" />
      <trkpt lat="52.68102820" lon="13.05120530" />
      <trkpt lat="52.68005430" lon="13.05389110" />
      <trkpt lat="52.67968940" lon="13.05498560" />
      <trkpt lat="52.67922090" lon="13.05623600" />
      <trkpt lat="52.67863900" lon="13.05777800" />
      <trkpt lat="52.67769920" lon="13.06040100" />
      <trkpt lat="52.67727060" lon="13.06161100" />
      <trkpt lat="52.67633600" lon="13.06411150" />
      <trkpt lat="52.67582180" lon="13.06555160" />
      <trkpt lat="52.67576580" lon="13.06574740" />
      <trkpt lat="52.67575260" lon="13.06583240" />
      <trkpt lat="52.67554850" lon="13.06643150" />
      <trkpt lat="52.67535140" lon="13.06699330" />
      <trkpt lat="52.67481300" lon="13.06867200" />
      <trkpt lat="52.67455600" lon="13.06939160" />
      <trkpt lat="52.67443070" lon="13.06984420" />
      <trkpt lat="52.67430620" lon="13.07023090" />
      <trkpt lat="52.67418310" lon="13.07058240" />
      <trkpt lat="52.67406410" lon="13.07111150" />
      <trkpt lat="52.67397070" lon="13.07164700" />
      <trkpt lat="52.67389500" lon="13.07224270" />
      <trkpt lat="52.67383380" lon="13.07362360" />
      <trkpt lat="52.67378260" lon="13.07446660" />
      <trkpt lat="52.67369240" lon="13.07491120" />
      <trkpt lat="52.67302350" lon="13.07698090" />
      <trkpt lat="52.67157710" lon="13.08140870" />
      <trkpt lat="52.67126920" lon="13.08213800" />
      <trkpt lat="52.67105870" lon="13.08245720" />
      <trkpt lat="52.66993080" lon="13.08326370" />
      <trkpt lat="52.66936500" lon="13.08370300" />
      <trkpt lat="52.66915020" lon="13.08390460" />
      <trkpt lat="52.66889160" lon="13.08420770" />
      <trkpt lat="52.66663170" lon="13.08653960" />
      <trkpt lat="52.66641220" lon="13.08668800" />
      <trkpt lat="52.66545630" lon="13.08803830" />
      <trkpt lat="52.66512870" lon="13.08874410" />
      <trkpt lat="52.66492380" lon="13.08915070" />
      <trkpt lat="52.66455840" lon="13.08971220" />
      <trkpt lat="52.66424190" lon="13.09016520" />
      <trkpt lat="52.66313070" lon="13.09162340" />
      <trkpt lat="52.66244970" lon="13.09242490" />
      <trkpt lat="52.66207900" lon="13.09287690" />
      <trkpt lat="52.66083450" lon="13.09433850" />
      <trkpt lat="52.66006640" lon="13.09559260" />
      <trkpt lat="52.65984630" lon="13.09594990" />
      <trkpt lat="52.65979380" lon="13.09603490" />
      <trkpt lat="52.65863730" lon="13.09813860" />
      <trkpt lat="52.65760180" lon="13.10032460" />
      <trkpt lat="52.65727110" lon="13.10102270" />
      <trkpt lat="52.65670010" lon="13.10281530" />
      <trkpt lat="52.65641180" lon="13.10390350" />
      <trkpt lat="52.65605530" lon="13.10566970" />
      <trkpt lat="52.65531810" lon="13.10741770" />
      <trkpt lat="52.65497030" lon="13.10825990" />
      <trkpt lat="52.65413110" lon="13.11041140" />
      <trkpt lat="52.65347650" lon="13.11218190" />
      <trkpt lat="52.65330390" lon="13.11264870" />
      <trkpt lat="52.65319620" lon="13.11294010" />
      <trkpt lat="52.65184240" lon="13.11488300" />
      <trkpt lat="52.65112990" lon="13.11641540" />
      <trkpt lat="52.65016390" lon="13.11766510" />
      <trkpt lat="52.64994700" lon="13.11806120" />
      <trkpt lat="52.64981300" lon="13.11830600" />
      <trkpt lat="52.64968700" lon="13.11849810" />
      <trkpt lat="52.64910240" lon="13.11938220" />
      <trkpt lat="52.64876500" lon="13.12001560" />
      <trkpt lat="52.64858860" lon="13.12033190" />
      <trkpt lat="52.64843680" lon="13.12062240" />
      <trkpt lat="52.64833060" lon="13.12070610" />
      <trkpt lat="52.64824390" lon="13.12073010" />
      <trkpt lat="52.64822640" lon="13.12101850" />
      <trkpt lat="52.64814040" lon="13.12101950" />
    </trkseg>
  </trk>
  <trk>
    <name>KP20-KP34</name>
    <trkseg>
      <trkpt lat="52.69015240" lon="13.02568440" />
      <trkpt lat="52.69031740" lon="13.02494850" />
      <trkpt lat="52.69051260" lon="13.02403920" />
      <trkpt lat="52.69200010" lon="13.01914800" />
      <trkpt lat="52.69253080" lon="13.01725080" />
      <trkpt lat="52.69276470" lon="13.01629020" />
      <trkpt lat="52.69472570" lon="13.01890340" />
      <trkpt lat="52.69513080" lon="13.01938400" />
      <trkpt lat="52.69561740" lon="13.01865980" />
      <trkpt lat="52.69579910" lon="13.01830580" />
      <trkpt lat="52.69606480" lon="13.01775690" />
      <trkpt lat="52.69630390" lon="13.01699240" />
      <trkpt lat="52.69644300" lon="13.01679890" />
      <trkpt lat="52.69657720" lon="13.01671890" />
      <trkpt lat="52.69670990" lon="13.01662350" />
      <trkpt lat="52.69694170" lon="13.01635730" />
      <trkpt lat="52.69736690" lon="13.01590900" />
      <trkpt lat="52.69766410" lon="13.01556490" />
      <trkpt lat="52.69829880" lon="13.01495300" />
      <trkpt lat="52.69892340" lon="13.01466080" />
      <trkpt lat="52.69916870" lon="13.01463550" />
      <trkpt lat="52.69889220" lon="13.01403460" />
      <trkpt lat="52.69887690" lon="13.01381240" />
      <trkpt lat="52.69889030" lon="13.01328660" />
      <trkpt lat="52.69904170" lon="13.01077730" />
      <trkpt lat="52.69906880" lon="13.01035560" />
      <trkpt lat="52.69913010" lon="13.00944700" />
      <trkpt lat="52.69922350" lon="13.00898820" />
      <trkpt lat="52.69937230" lon="13.00845590" />
      <trkpt lat="52.69969770" lon="13.00726390" />
      <trkpt lat="52.69978770" lon="13.00660770" />
      <trkpt lat="52.69976150" lon="13.00560240" />
      <trkpt lat="52.69984920" lon="13.00459110" />
      <trkpt lat="52.70014230" lon="13.00305690" />
      <trkpt lat="52.70072700" lon="13.00133760" />
      <trkpt lat="52.70088940" lon="13.00026310" />
      <trkpt lat="52.70104080" lon="12.99882190" />
      <trkpt lat="52.70113700" lon="12.99789940" />
      <trkpt lat="52.70190710" lon="12.99601010" />
      <trkpt lat="52.70231890" lon="12.99485790" />
      <trkpt lat="52.70245740" lon="12.99368780" />
      <trkpt lat="52.70239140" lon="12.99232550" />
      <trkpt lat="52.70228310" lon="12.99090860" />
      <trkpt lat="52.70209610" lon="12.98643420" />
      <trkpt lat="52.70211800" lon="12.98640920" />
      <trkpt lat="52.70298080" lon="12.98511250" />
      <trkpt lat="52.70335450" lon="12.98487470" />
      <trkpt lat="52.70373380" lon="12.98491720" />
      <trkpt lat="52.70460500" lon="12.98526580" />
      <trkpt lat="52.70500310" lon="12.98517520" />
      <trkpt lat="52.70586020" lon="12.98470420" />
      <trkpt lat="52.70614490" lon="12.98430360" />
      <trkpt lat="52.70782700" lon="12.98253160" />
      <trkpt lat="52.70848940" lon="12.98212350" />
      <trkpt lat="52.70864830" lon="12.98202560" />
      <trkpt lat="52.70943320" lon="12.98153700" />
      <trkpt lat="52.71117580" lon="12.97799110" />
      <trkpt lat="52.71301360" lon="12.97654110" />
      <trkpt lat="52.71395660" lon="12.97578070" />
      <trkpt lat="52.71404250" lon="12.97584780" />
      <trkpt lat="52.71406930" lon="12.97573080" />
      <trkpt lat="52.71421580" lon="12.97582330" />
      <trkpt lat="52.71459650" lon="12.97608360" />
      <trkpt lat="52.71521710" lon="12.97653810" />
      <trkpt lat="52.71593940" lon="12.97702640" />
      <trkpt lat="52.71599540" lon="12.97708800" />
      <trkpt lat="52.71602810" lon="12.97716350" />
      <trkpt lat="52.71606070" lon="12.97736070" />
      <trkpt lat="52.71608500" lon="12.97741770" />
      <trkpt lat="52.71613720" lon="12.97745720" />
      <trkpt lat="52.71621630" lon="12.97750700" />
      <trkpt lat="52.71623900" lon="12.97752250" />
      <trkpt lat="52.71628840" lon="12.97751170" />
      <trkpt lat="52.71633230" lon="12.97747780" />
      <trkpt lat="52.71643870" lon="12.97736840" />
      <trkpt lat="52.71647320" lon="12.97736690" />
      <trkpt lat="52.71656190" lon="12.97740540" />
      <trkpt lat="52.71685380" lon="12.97753990" />
      <trkpt lat="52.71714330" lon="12.97770180" />
      <trkpt lat="52.71763870" lon="12.97797760" />
      <trkpt lat="52.71821640" lon="12.97835180" />
      <trkpt lat="52.71829130" lon="12.97844160" />
      <trkpt lat="52.71834160" lon="12.97862550" />
      <trkpt lat="52.71840900" lon="12.97873150" />
      <trkpt lat="52.71846690" lon="12.97877210" />
      <trkpt lat="52.71856820" lon="12.97877720" />
      <trkpt lat="52.71862770" lon="12.97873280" />
      <trkpt lat="52.71870540" lon="12.97873220" />
      <trkpt lat="52.71892170" lon="12.97891150" />
      <trkpt lat="52.71916180" lon="12.97917490" />
      <trkpt lat="52.71965950" lon="12.97980430" />
      <trkpt lat="52.72033310" lon="12.98067810" />
      <trkpt lat="52.72041860" lon="12.98098350" />
      <trkpt lat="52.72044610" lon="12.98104940" />
      <trkpt lat="52.72052650" lon="12.98116150" />
      <trkpt lat="52.72057820" lon="12.98122710" />
      <trkpt lat="52.72103150" lon="12.98180260" />
      <trkpt lat="52.72218980" lon="12.98294820" />
      <trkpt lat="52.72222170" lon="12.98297780" />
      <trkpt lat="52.72242780" lon="12.98306060" />
      <trkpt lat="52.72254400" lon="12.98313240" />
      <trkpt lat="52.72428020" lon="12.98494820" />
      <trkpt lat="52.72627530" lon="12.98766100" />
      <trkpt lat="52.72635210" lon="12.98777430" />
      <trkpt lat="52.72646380" lon="12.98789530" />
      <trkpt lat="52.72656900" lon="12.98803730" />
      <trkpt lat="52.72660980" lon="12.98796800" />
      <trkpt lat="52.72680620" lon="12.98824330" />
      <trkpt lat="52.72689060" lon="12.98836410" />
      <trkpt lat="52.72714930" lon="12.98873310" />
      <trkpt lat="52.72720490" lon="12.98881030" />
      <trkpt lat="52.72729330" lon="12.98893120" />
      <trkpt lat="52.72753210" lon="12.98926450" />
      <trkpt lat="52.72825840" lon="12.99026140" />
      <trkpt lat="52.72862690" lon="12.99076660" />
      <trkpt lat="52.72891070" lon="12.99118450" />
      <trkpt lat="52.72913370" lon="12.99153600" />
      <trkpt lat="52.72936530" lon="12.99189760" />
      <trkpt lat="52.72943730" lon="12.99201000" />
      <trkpt lat="52.72957050" lon="12.99221790" />
      <trkpt lat="52.72967830" lon="12.99235360" />
      <trkpt lat="52.72988580" lon="12.99257440" />
      <trkpt lat="52.73018970" lon="12.99279810" />
      <trkpt lat="52.73032500" lon="12.99289780" />
      <trkpt lat="52.73039550" lon="12.99294970" />
      <trkpt lat="52.73046260" lon="12.99301000" />
      <trkpt lat="52.73053390" lon="12.99307420" />
      <trkpt lat="52.73060420" lon="12.99313710" />
      <trkpt lat="52.73078340" lon="12.99329760" />
      <trkpt lat="52.73090540" lon="12.99340680" />
      <trkpt lat="52.73095550" lon="12.99345170" />
      <trkpt lat="52.73115110" lon="12.99362510" />
      <trkpt lat="52.73143700" lon="12.99387840" />
      <trkpt lat="52.73171460" lon="12.99411400" />
      <trkpt lat="52.73172720" lon="12.99412130" />
      <trkpt lat="52.73180920" lon="12.99416910" />
      <trkpt lat="52.73187830" lon="12.99420150" />
    </trkseg>
  </trk>
  <trk>
    <name>KP20-KP35</name>
    <trkseg>
      <trkpt lat="52.69015240" lon="13.02568440" />
      <trkpt lat="52.69031740" lon="13.02494850" />
      <trkpt lat="52.69051260" lon="13.02403920" />
      <trkpt lat="52.69200010" lon="13.01914800" />
      <trkpt lat="52.69253080" lon="13.01725080" />
      <trkpt lat="52.69276470" lon="13.01629020" />
      <trkpt lat="52.69472570" lon="13.01890340" />
      <trkpt lat="52.69513080" lon="13.01938400" />
      <trkpt lat="52.69561740" lon="13.01865980" />
      <trkpt lat="52.69579910" lon="13.01830580" />
      <trkpt lat="52.69606480" lon="13.01775690" />
      <trkpt lat="52.69630390" lon="13.01699240" />
      <trkpt lat="52.69644300" lon="13.01679890" />
      <trkpt lat="52.69657720" lon="13.01671890" />
      <trkpt lat="52.69670990" lon="13.01662350" />
      <trkpt lat="52.69694170" lon="13.01635730" />
      <trkpt lat="52.69736690" lon="13.01590900" />
      <trkpt lat="52.69766410" lon="13.01556490" />
      <trkpt lat="52.69829880" lon="13.01495300" />
      <trkpt lat="52.69892340" lon="13.01466080" />
      <trkpt lat="52.69916870" lon="13.01463550" />
      <trkpt lat="52.69889220" lon="13.01403460" />
      <trkpt lat="52.69887690" lon="13.01381240" />
      <trkpt lat="52.69889030" lon="13.01328660" />
      <trkpt lat="52.69904170" lon="13.01077730" />
      <trkpt lat="52.69906880" lon="13.01035560" />
      <trkpt lat="52.69913010" lon="13.00944700" />
      <trkpt lat="52.69922350" lon="13.00898820" />
      <trkpt lat="52.69937230" lon="13.00845590" />
      <trkpt lat="52.69969770" lon="13.00726390" />
      <trkpt lat="52.69978770" lon="13.00660770" />
      <trkpt lat="52.69976150" lon="13.00560240" />
      <trkpt lat="52.69984920" lon="13.00459110" />
      <trkpt lat="52.70014230" lon="13.00305690" />
      <trkpt lat="52.70072700" lon="13.00133760" />
      <trkpt lat="52.70088940" lon="13.00026310" />
      <trkpt lat="52.70104080" lon="12.99882190" />
      <trkpt lat="52.70113700" lon="12.99789940" />
      <trkpt lat="52.70190710" lon="12.99601010" />
      <trkpt lat="52.70231890" lon="12.99485790" />
      <trkpt lat="52.70245740" lon="12.99368780" />
      <trkpt lat="52.70239140" lon="12.99232550" />
      <trkpt lat="52.70228310" lon="12.99090860" />
      <trkpt lat="52.70209610" lon="12.98643420" />
      <trkpt lat="52.70211800" lon="12.98640920" />
      <trkpt lat="52.70298080" lon="12.98511250" />
      <trkpt lat="52.70335450" lon="12.98487470" />
      <trkpt lat="52.70373380" lon="12.98491720" />
      <trkpt lat="52.70460500" lon="12.98526580" />
      <trkpt lat="52.70500310" lon="12.98517520" />
      <trkpt lat="52.70586020" lon="12.98470420" />
      <trkpt lat="52.70614490" lon="12.98430360" />
      <trkpt lat="52.70782700" lon="12.98253160" />
      <trkpt lat="52.70848940" lon="12.98212350" />
      <trkpt lat="52.70864830" lon="12.98202560" />
      <trkpt lat="52.70943320" lon="12.98153700" />
      <trkpt lat="52.71117580" lon="12.97799110" />
      <trkpt lat="52.71301360" lon="12.97654110" />
      <trkpt lat="52.71395660" lon="12.97578070" />
      <trkpt lat="52.71404250" lon="12.97584780" />
      <trkpt lat="52.71406930" lon="12.97573080" />
      <trkpt lat="52.71421580" lon="12.97582330" />
      <trkpt lat="52.71459650" lon="12.97608360" />
      <trkpt lat="52.71521710" lon="12.97653810" />
      <trkpt lat="52.71593940" lon="12.97702640" />
      <trkpt lat="52.71599540" lon="12.97708800" />
      <trkpt lat="52.71602810" lon="12.97716350" />
      <trkpt lat="52.71606070" lon="12.97736070" />
      <trkpt lat="52.71608500" lon="12.97741770" />
      <trkpt lat="52.71613720" lon="12.97745720" />
      <trkpt lat="52.71621630" lon="12.97750700" />
      <trkpt lat="52.71623900" lon="12.97752250" />
      <trkpt lat="52.71628840" lon="12.97751170" />
      <trkpt lat="52.71633230" lon="12.97747780" />
      <trkpt lat="52.71643870" lon="12.97736840" />
      <trkpt lat="52.71647320" lon="12.97736690" />
      <trkpt lat="52.71656190" lon="12.97740540" />
      <trkpt lat="52.71685380" lon="12.97753990" />
      <trkpt lat="52.71714330" lon="12.97770180" />
      <trkpt lat="52.71763870" lon="12.97797760" />
      <trkpt lat="52.71821640" lon="12.97835180" />
      <trkpt lat="52.71829130" lon="12.97844160" />
      <trkpt lat="52.71834160" lon="12.97862550" />
      <trkpt lat="52.71840900" lon="12.97873150" />
      <trkpt lat="52.71846690" lon="12.97877210" />
      <trkpt lat="52.71856820" lon="12.97877720" />
      <trkpt lat="52.71862770" lon="12.97873280" />
      <trkpt lat="52.71870540" lon="12.97873220" />
      <trkpt lat="52.71892170" lon="12.97891150" />
      <trkpt lat="52.71916180" lon="12.97917490" />
      <trkpt lat="52.71965950" lon="12.97980430" />
      <trkpt lat="52.72033310" lon="12.98067810" />
      <trkpt lat="52.72041860" lon="12.98098350" />
      <trkpt lat="52.72044610" lon="12.98104940" />
      <trkpt lat="52.72052650" lon="12.98116150" />
      <trkpt lat="52.72057820" lon="12.98122710" />
      <trkpt lat="52.72103150" lon="12.98180260" />
      <trkpt lat="52.72218980" lon="12.98294820" />
      <trkpt lat="52.72222170" lon="12.98297780" />
      <trkpt lat="52.72242780" lon="12.98306060" />
      <trkpt lat="52.72254400" lon="12.98313240" />
      <trkpt lat="52.72428020" lon="12.98494820" />
      <trkpt lat="52.72627530" lon="12.98766100" />
      <trkpt lat="52.72635210" lon="12.98777430" />
      <trkpt lat="52.72646380" lon="12.98789530" />
      <trkpt lat="52.72656900" lon="12.98803730" />
      <trkpt lat="52.72660980" lon="12.98796800" />
      <trkpt lat="52.72680620" lon="12.98824330" />
      <trkpt lat="52.72689060" lon="12.98836410" />
      <trkpt lat="52.72714930" lon="12.98873310" />
      <trkpt lat="52.72720490" lon="12.98881030" />
      <trkpt lat="52.72729330" lon="12.98893120" />
      <trkpt lat="52.72753210" lon="12.98926450" />
      <trkpt lat="52.72825840" lon="12.99026140" />
      <trkpt lat="52.72829510" lon="12.99018640" />
      <trkpt lat="52.72882190" lon="12.98910820" />
      <trkpt lat="52.72888450" lon="12.98881530" />
      <trkpt lat="52.72895150" lon="12.98838000" />
      <trkpt lat="52.72935210" lon="12.98534560" />
      <trkpt lat="52.72944120" lon="12.98521640" />
      <trkpt lat="52.72978970" lon="12.98244440" />
      <trkpt lat="52.72989150" lon="12.98148760" />
      <trkpt lat="52.73003690" lon="12.97869500" />
      <trkpt lat="52.73001000" lon="12.97804270" />
      <trkpt lat="52.72996930" lon="12.97705960" />
      <trkpt lat="52.72969090" lon="12.97149520" />
      <trkpt lat="52.72887520" lon="12.96864100" />
      <trkpt lat="52.72887060" lon="12.96841490" />
      <trkpt lat="52.72894810" lon="12.96807030" />
      <trkpt lat="52.72862930" lon="12.96760230" />
      <trkpt lat="52.72859100" lon="12.96713400" />
      <trkpt lat="52.72863160" lon="12.96584110" />
      <trkpt lat="52.72871010" lon="12.96364330" />
      <trkpt lat="52.72873880" lon="12.96223960" />
      <trkpt lat="52.72869820" lon="12.96172330" />
      <trkpt lat="52.72871350" lon="12.96077150" />
      <trkpt lat="52.72878560" lon="12.95748810" />
      <trkpt lat="52.72875280" lon="12.95744850" />
      <trkpt lat="52.72803060" lon="12.95788760" />
      <trkpt lat="52.72740610" lon="12.95806610" />
      <trkpt lat="52.72687140" lon="12.95661290" />
    </trkseg>
  </trk>
  <trk>
    <name>KP22-KP29</name>
    <trkseg>
      <trkpt lat="52.76080510" lon="12.76874390" />
      <trkpt lat="52.76079350" lon="12.76885080" />
      <trkpt lat="52.76061450" lon="12.77096170" />
      <trkpt lat="52.76058210" lon="12.77136430" />
      <trkpt lat="52.76056840" lon="12.77161160" />
      <trkpt lat="52.76055860" lon="12.77195210" />
      <trkpt lat="52.76056600" lon="12.77253630" />
      <trkpt lat="52.76064980" lon="12.77496010" />
      <trkpt lat="52.76065880" lon="12.77522050" />
      <trkpt lat="52.76071520" lon="12.77623460" />
      <trkpt lat="52.76081500" lon="12.77778490" />
      <trkpt lat="52.76081430" lon="12.77806730" />
      <trkpt lat="52.76073020" lon="12.77908650" />
      <trkpt lat="52.76062880" lon="12.78024150" />
      <trkpt lat="52.76056760" lon="12.78089270" />
      <trkpt lat="52.76045280" lon="12.78152070" />
      <trkpt lat="52.76034590" lon="12.78196420" />
      <trkpt lat="52.76033140" lon="12.78202450" />
      <trkpt lat="52.76018320" lon="12.78263960" />
      <trkpt lat="52.76006840" lon="12.78317220" />
      <trkpt lat="52.75996610" lon="12.78377210" />
      <trkpt lat="52.75988020" lon="12.78436800" />
      <trkpt lat="52.75975230" lon="12.78522730" />
      <trkpt lat="52.75967830" lon="12.78556520" />
      <trkpt lat="52.75961400" lon="12.78579330" />
      <trkpt lat="52.75946390" lon="12.78628600" />
      <trkpt lat="52.75941460" lon="12.78652710" />
      <trkpt lat="52.75939490" lon="12.78666300" />
      <trkpt lat="52.75938780" lon="12.78672680" />
      <trkpt lat="52.75936810" lon="12.78691990" />
      <trkpt lat="52.75935060" lon="12.78702900" />
      <trkpt lat="52.75926140" lon="12.78741710" />
      <trkpt lat="52.75917000" lon="12.78769250" />
      <trkpt lat="52.75876320" lon="12.78869850" />
      <trkpt lat="52.75775980" lon="12.79120900" />
      <trkpt lat="52.75743750" lon="12.79201540" />
      <trkpt lat="52.75731590" lon="12.79231950" />
      <trkpt lat="52.75650880" lon="12.79434430" />
      <trkpt lat="52.75639660" lon="12.79460900" />
      <trkpt lat="52.75630610" lon="12.79482240" />
      <trkpt lat="52.75625170" lon="12.79503310" />
      <trkpt lat="52.75620760" lon="12.79522720" />
      <trkpt lat="52.75619280" lon="12.79533420" />
      <trkpt lat="52.75619050" lon="12.79562340" />
      <trkpt lat="52.75618820" lon="12.79592180" />
      <trkpt lat="52.75621060" lon="12.79736700" />
      <trkpt lat="52.75624470" lon="12.80011800" />
      <trkpt lat="52.75632520" lon="12.80296070" />
      <trkpt lat="52.75634930" lon="12.80416210" />
      <trkpt lat="52.75636930" lon="12.80448830" />
      <trkpt lat="52.75637350" lon="12.80451330" />
      <trkpt lat="52.75641720" lon="12.80477490" />
      <trkpt lat="52.75657580" lon="12.80548210" />
      <trkpt lat="52.75712510" lon="12.80775430" />
      <trkpt lat="52.75732130" lon="12.80875380" />
      <trkpt lat="52.75734850" lon="12.80893130" />
      <trkpt lat="52.75763390" lon="12.81036010" />
      <trkpt lat="52.75766350" lon="12.81046330" />
      <trkpt lat="52.75769740" lon="12.81055000" />
      <trkpt lat="52.75776850" lon="12.81067360" />
      <trkpt lat="52.75801370" lon="12.81097460" />
      <trkpt lat="52.75999840" lon="12.81306380" />
      <trkpt lat="52.76159930" lon="12.81473890" />
      <trkpt lat="52.76251720" lon="12.81550650" />
      <trkpt lat="52.76333620" lon="12.81610040" />
      <trkpt lat="52.76440420" lon="12.81702210" />
      <trkpt lat="52.76506340" lon="12.81759060" />
      <trkpt lat="52.76680523" lon="12.81891640" />
      <trkpt lat="52.76710360" lon="12.81914350" />
      <trkpt lat="52.76767880" lon="12.81964000" />
      <trkpt lat="52.76807770" lon="12.82005400" />
      <trkpt lat="52.76834780" lon="12.82035190" />
      <trkpt lat="52.76859100" lon="12.82064460" />
      <trkpt lat="52.76889320" lon="12.82102300" />
      <trkpt lat="52.76948750" lon="12.82171450" />
      <trkpt lat="52.76986680" lon="12.82214910" />
      <trkpt lat="52.77027060" lon="12.82264390" />
      <trkpt lat="52.77187960" lon="12.82460270" />
      <trkpt lat="52.77198800" lon="12.82473960" />
      <trkpt lat="52.77217860" lon="12.82497250" />
      <trkpt lat="52.77213450" lon="12.82507450" />
      <trkpt lat="52.77197330" lon="12.82515110" />
      <trkpt lat="52.77156460" lon="12.82541720" />
      <trkpt lat="52.77135370" lon="12.82554060" />
      <trkpt lat="52.77110000" lon="12.82565740" />
      <trkpt lat="52.77105100" lon="12.82569890" />
      <trkpt lat="52.77100470" lon="12.82575470" />
      <trkpt lat="52.77094220" lon="12.82588920" />
      <trkpt lat="52.77077800" lon="12.82614160" />
      <trkpt lat="52.77068100" lon="12.82627250" />
      <trkpt lat="52.77052600" lon="12.82645670" />
      <trkpt lat="52.77044640" lon="12.82656590" />
      <trkpt lat="52.77041070" lon="12.82670750" />
      <trkpt lat="52.77043710" lon="12.82683560" />
      <trkpt lat="52.77047590" lon="12.82691320" />
      <trkpt lat="52.77081170" lon="12.82738200" />
      <trkpt lat="52.77121380" lon="12.82813970" />
      <trkpt lat="52.77130180" lon="12.82835480" />
      <trkpt lat="52.77131230" lon="12.82842650" />
      <trkpt lat="52.77126850" lon="12.82858780" />
      <trkpt lat="52.77133760" lon="12.82887090" />
      <trkpt lat="52.77132430" lon="12.82916950" />
      <trkpt lat="52.77130080" lon="12.82940150" />
      <trkpt lat="52.77534500" lon="12.83651250" />
      <trkpt lat="52.77561990" lon="12.83701920" />
      <trkpt lat="52.77571090" lon="12.83705550" />
      <trkpt lat="52.77581230" lon="12.83708020" />
      <trkpt lat="52.77593780" lon="12.83709480" />
      <trkpt lat="52.77601270" lon="12.83710150" />
      <trkpt lat="52.77604820" lon="12.83701980" />
      <trkpt lat="52.77648320" lon="12.83601910" />
      <trkpt lat="52.77654580" lon="12.83587470" />
      <trkpt lat="52.77690490" lon="12.83505620" />
      <trkpt lat="52.77749010" lon="12.83369440" />
      <trkpt lat="52.77754390" lon="12.83356890" />
      <trkpt lat="52.77779400" lon="12.83298540" />
      <trkpt lat="52.77780830" lon="12.83295150" />
      <trkpt lat="52.77816100" lon="12.83213630" />
      <trkpt lat="52.77824820" lon="12.83223330" />
      <trkpt lat="52.77850260" lon="12.83251600" />
      <trkpt lat="52.77933530" lon="12.83337510" />
      <trkpt lat="52.78009120" lon="12.83419460" />
      <trkpt lat="52.78015990" lon="12.83429680" />
      <trkpt lat="52.78020640" lon="12.83439300" />
      <trkpt lat="52.78026490" lon="12.83454100" />
      <trkpt lat="52.78032820" lon="12.83481280" />
      <trkpt lat="52.78036340" lon="12.83525300" />
      <trkpt lat="52.78029580" lon="12.83555120" />
      <trkpt lat="52.78012410" lon="12.83598560" />
      <trkpt lat="52.77973813" lon="12.83671912" />
      <trkpt lat="52.77973340" lon="12.83672810" />
      <trkpt lat="52.77970360" lon="12.83681780" />
      <trkpt lat="52.77969110" lon="12.83685530" />
      <trkpt lat="52.77965840" lon="12.83714390" />
      <trkpt lat="52.77964760" lon="12.83746280" />
      <trkpt lat="52.77966880" lon="12.83771750" />
      <trkpt lat="52.77974900" lon="12.83810980" />
      <trkpt lat="52.77995340" lon="12.83861280" />
      <trkpt lat="52.78001080" lon="12.83876940" />
      <trkpt lat="52.78002390" lon="12.83880520" />
      <trkpt lat="52.78009300" lon="12.83899130" />
      <trkpt lat="52.78014570" lon="12.83912960" />
      <trkpt lat="52.78014940" lon="12.83913940" />
      <trkpt lat="52.78040580" lon="12.83981170" />
      <trkpt lat="52.78046420" lon="12.84003890" />
      <trkpt lat="52.78048558" lon="12.84014594" />
      <trkpt lat="52.78055080" lon="12.84047240" />
      <trkpt lat="52.78075540" lon="12.84151320" />
      <trkpt lat="52.78120520" lon="12.84380070" />
    </trkseg>
  </trk>
  <trk>
    <name>KP23-KP24 (2)</name>
    <trkseg>
      <trkpt lat="53.00687280" lon="13.15735690" />
      <trkpt lat="53.00727850" lon="13.15749540" />
      <trkpt lat="53.00747840" lon="13.15755180" />
      <trkpt lat="53.00778480" lon="13.15763820" />
      <trkpt lat="53.00781890" lon="13.15764780" />
      <trkpt lat="53.00867310" lon="13.15782660" />
      <trkpt lat="53.00869880" lon="13.15759920" />
      <trkpt lat="53.00892330" lon="13.15752830" />
      <trkpt lat="53.00935180" lon="13.15733770" />
      <trkpt lat="53.00948210" lon="13.15730010" />
      <trkpt lat="53.00964200" lon="13.15730740" />
      <trkpt lat="53.00977810" lon="13.15731100" />
    </trkseg>
  </trk>
  <trk>
    <name>KP23-KP24</name>
    <trkseg>
      <trkpt lat="52.71985730" lon="12.75266730" />
      <trkpt lat="52.71984690" lon="12.75273040" />
      <trkpt lat="52.71982180" lon="12.75285090" />
      <trkpt lat="52.71849210" lon="12.75866010" />
      <trkpt lat="52.71818080" lon="12.76002600" />
      <trkpt lat="52.71732530" lon="12.76380720" />
      <trkpt lat="52.71590520" lon="12.76999160" />
      <trkpt lat="52.71441350" lon="12.77651610" />
      <trkpt lat="52.71253150" lon="12.78469290" />
      <trkpt lat="52.71247930" lon="12.78489770" />
      <trkpt lat="52.71244920" lon="12.78497830" />
      <trkpt lat="52.71239970" lon="12.78504730" />
      <trkpt lat="52.71232930" lon="12.78509950" />
      <trkpt lat="52.71216980" lon="12.78517250" />
      <trkpt lat="52.71182740" lon="12.78533500" />
      <trkpt lat="52.71184300" lon="12.78541480" />
      <trkpt lat="52.71181670" lon="12.78564340" />
      <trkpt lat="52.71170520" lon="12.78610110" />
      <trkpt lat="52.71110160" lon="12.78832690" />
      <trkpt lat="52.71108660" lon="12.78838220" />
      <trkpt lat="52.71098240" lon="12.78876640" />
      <trkpt lat="52.71080230" lon="12.78970700" />
      <trkpt lat="52.71072690" lon="12.78993880" />
      <trkpt lat="52.71047610" lon="12.79041200" />
      <trkpt lat="52.71021420" lon="12.79108130" />
      <trkpt lat="52.71003470" lon="12.79156790" />
      <trkpt lat="52.70938850" lon="12.79366250" />
      <trkpt lat="52.70926440" lon="12.79408750" />
      <trkpt lat="52.70920530" lon="12.79426610" />
      <trkpt lat="52.70905230" lon="12.79459200" />
      <trkpt lat="52.70887600" lon="12.79492940" />
      <trkpt lat="52.70860970" lon="12.79543910" />
      <trkpt lat="52.70853920" lon="12.79557610" />
      <trkpt lat="52.70400720" lon="12.80438570" />
      <trkpt lat="52.70363030" lon="12.80511180" />
      <trkpt lat="52.70215030" lon="12.80796340" />
    </trkseg>
  </trk>
  <trk>
    <name>KP24-KP28</name>
    <trkseg>
      <trkpt lat="52.70215030" lon="12.80796340" />
      <trkpt lat="52.70299150" lon="12.80981950" />
      <trkpt lat="52.70368830" lon="12.81141760" />
      <trkpt lat="52.70403190" lon="12.81206310" />
      <trkpt lat="52.70419300" lon="12.81236010" />
      <trkpt lat="52.70433190" lon="12.81255300" />
      <trkpt lat="52.70441770" lon="12.81263810" />
      <trkpt lat="52.70452530" lon="12.81274620" />
      <trkpt lat="52.70469430" lon="12.81286420" />
      <trkpt lat="52.70504390" lon="12.81311640" />
      <trkpt lat="52.70575100" lon="12.81369240" />
      <trkpt lat="52.70593000" lon="12.81396580" />
      <trkpt lat="52.70621950" lon="12.81460070" />
      <trkpt lat="52.70648540" lon="12.81519410" />
      <trkpt lat="52.70687710" lon="12.81617350" />
      <trkpt lat="52.70714510" lon="12.81679060" />
      <trkpt lat="52.70729570" lon="12.81719100" />
      <trkpt lat="52.70737830" lon="12.81751900" />
      <trkpt lat="52.70766890" lon="12.81902220" />
      <trkpt lat="52.70786030" lon="12.82018940" />
      <trkpt lat="52.70786900" lon="12.82024230" />
      <trkpt lat="52.70791980" lon="12.82054150" />
      <trkpt lat="52.70794060" lon="12.82065410" />
      <trkpt lat="52.70802370" lon="12.82110340" />
      <trkpt lat="52.70813770" lon="12.82173140" />
      <trkpt lat="52.70823170" lon="12.82226620" />
      <trkpt lat="52.70835370" lon="12.82296030" />
      <trkpt lat="52.70848840" lon="12.82372030" />
      <trkpt lat="52.70860030" lon="12.82426320" />
      <trkpt lat="52.70861960" lon="12.82440670" />
      <trkpt lat="52.70863470" lon="12.82455190" />
      <trkpt lat="52.70869660" lon="12.82516220" />
      <trkpt lat="52.70884800" lon="12.82689800" />
      <trkpt lat="52.70894270" lon="12.82749230" />
      <trkpt lat="52.70918710" lon="12.82854900" />
      <trkpt lat="52.70947220" lon="12.82969470" />
      <trkpt lat="52.70958150" lon="12.83007700" />
      <trkpt lat="52.71444750" lon="12.83959320" />
      <trkpt lat="52.71556070" lon="12.84174700" />
      <trkpt lat="52.71598730" lon="12.84215370" />
      <trkpt lat="52.71898020" lon="12.84383380" />
    </trkseg>
  </trk>
  <trk>
    <name>KP25-KP30</name>
    <trkseg>
      <trkpt lat="52.84838642" lon="12.86747145" />
      <trkpt lat="52.84838430" lon="12.86741860" />
      <trkpt lat="52.84836340" lon="12.86724170" />
      <trkpt lat="52.84832330" lon="12.86707900" />
      <trkpt lat="52.84827980" lon="12.86692390" />
      <trkpt lat="52.84822240" lon="12.86675170" />
      <trkpt lat="52.84816450" lon="12.86660980" />
      <trkpt lat="52.84809700" lon="12.86647730" />
      <trkpt lat="52.84800380" lon="12.86632300" />
      <trkpt lat="52.84787970" lon="12.86615830" />
      <trkpt lat="52.84753940" lon="12.86573220" />
      <trkpt lat="52.84745500" lon="12.86561270" />
      <trkpt lat="52.84733010" lon="12.86540270" />
      <trkpt lat="52.84722390" lon="12.86518170" />
      <trkpt lat="52.84713940" lon="12.86495270" />
      <trkpt lat="52.84707870" lon="12.86474800" />
      <trkpt lat="52.84704320" lon="12.86461150" />
      <trkpt lat="52.84687910" lon="12.86385000" />
      <trkpt lat="52.84679680" lon="12.86387900" />
      <trkpt lat="52.84589590" lon="12.86337190" />
      <trkpt lat="52.84448700" lon="12.86257030" />
      <trkpt lat="52.84335830" lon="12.86201850" />
      <trkpt lat="52.84320000" lon="12.86195300" />
      <trkpt lat="52.84289650" lon="12.86190420" />
      <trkpt lat="52.84224230" lon="12.86192220" />
      <trkpt lat="52.84175110" lon="12.86195900" />
      <trkpt lat="52.84153260" lon="12.86197220" />
      <trkpt lat="52.84146840" lon="12.86197610" />
      <trkpt lat="52.84064850" lon="12.86200810" />
      <trkpt lat="52.84039370" lon="12.86203660" />
      <trkpt lat="52.84023180" lon="12.86208630" />
      <trkpt lat="52.84007680" lon="12.86220610" />
      <trkpt lat="52.83950640" lon="12.86282460" />
      <trkpt lat="52.83896150" lon="12.86349770" />
      <trkpt lat="52.83787030" lon="12.86482870" />
      <trkpt lat="52.83678740" lon="12.86614510" />
      <trkpt lat="52.83567800" lon="12.86746550" />
      <trkpt lat="52.83436510" lon="12.86890790" />
      <trkpt lat="52.83370690" lon="12.86962190" />
      <trkpt lat="52.83305960" lon="12.87020470" />
      <trkpt lat="52.82900320" lon="12.87384910" />
      <trkpt lat="52.82888170" lon="12.87392370" />
      <trkpt lat="52.82875590" lon="12.87395260" />
      <trkpt lat="52.82865910" lon="12.87394210" />
      <trkpt lat="52.82855480" lon="12.87389930" />
      <trkpt lat="52.82850390" lon="12.87385150" />
      <trkpt lat="52.82752640" lon="12.87293510" />
      <trkpt lat="52.82743440" lon="12.87286330" />
      <trkpt lat="52.82733690" lon="12.87281480" />
      <trkpt lat="52.82721070" lon="12.87280520" />
      <trkpt lat="52.82706230" lon="12.87284810" />
      <trkpt lat="52.82691270" lon="12.87294550" />
      <trkpt lat="52.82678540" lon="12.87306650" />
      <trkpt lat="52.82051870" lon="12.88000230" />
      <trkpt lat="52.81752860" lon="12.88331530" />
      <trkpt lat="52.80830070" lon="12.89670120" />
      <trkpt lat="52.80825140" lon="12.89674020" />
      <trkpt lat="52.80819310" lon="12.89675200" />
      <trkpt lat="52.80816770" lon="12.89674300" />
      <trkpt lat="52.80814180" lon="12.89672070" />
      <trkpt lat="52.80528280" lon="12.89137350" />
      <trkpt lat="52.80209320" lon="12.88539280" />
      <trkpt lat="52.80204130" lon="12.88520020" />
      <trkpt lat="52.80203050" lon="12.88496340" />
      <trkpt lat="52.80204220" lon="12.88473500" />
      <trkpt lat="52.80203930" lon="12.88457190" />
      <trkpt lat="52.80201120" lon="12.88442030" />
      <trkpt lat="52.80184950" lon="12.88391210" />
      <trkpt lat="52.80114280" lon="12.88163620" />
      <trkpt lat="52.80085250" lon="12.88070140" />
      <trkpt lat="52.80083070" lon="12.88062020" />
      <trkpt lat="52.80082560" lon="12.88054500" />
      <trkpt lat="52.80082880" lon="12.88041950" />
      <trkpt lat="52.80078780" lon="12.88040530" />
      <trkpt lat="52.80074660" lon="12.88036980" />
      <trkpt lat="52.80072210" lon="12.88034110" />
      <trkpt lat="52.80066170" lon="12.88021330" />
      <trkpt lat="52.80055170" lon="12.87991910" />
      <trkpt lat="52.80002590" lon="12.87855660" />
      <trkpt lat="52.79986370" lon="12.87835280" />
      <trkpt lat="52.79846260" lon="12.87764470" />
      <trkpt lat="52.79828090" lon="12.87762320" />
      <trkpt lat="52.79817990" lon="12.87768400" />
      <trkpt lat="52.79803560" lon="12.87777270" />
      <trkpt lat="52.79792420" lon="12.87783780" />
      <trkpt lat="52.79774250" lon="12.87777340" />
      <trkpt lat="52.79760630" lon="12.87762320" />
      <trkpt lat="52.79734680" lon="12.87710820" />
      <trkpt lat="52.79721060" lon="12.87700090" />
      <trkpt lat="52.79467410" lon="12.87651810" />
      <trkpt lat="52.79446000" lon="12.87642160" />
      <trkpt lat="52.79426540" lon="12.87620700" />
      <trkpt lat="52.79406420" lon="12.87568130" />
      <trkpt lat="52.79394590" lon="12.87530040" />
      <trkpt lat="52.79392640" lon="12.87502150" />
      <trkpt lat="52.79532280" lon="12.86694800" />
      <trkpt lat="52.79515410" lon="12.86637940" />
      <trkpt lat="52.79141720" lon="12.85782780" />
      <trkpt lat="52.79137230" lon="12.85758640" />
      <trkpt lat="52.79135350" lon="12.85597240" />
      <trkpt lat="52.79134500" lon="12.85584050" />
      <trkpt lat="52.79107220" lon="12.85389660" />
      <trkpt lat="52.79097870" lon="12.85339040" />
      <trkpt lat="52.79092200" lon="12.85322420" />
      <trkpt lat="52.79080530" lon="12.85307200" />
      <trkpt lat="52.78955570" lon="12.85155440" />
      <trkpt lat="52.78943440" lon="12.85140220" />
      <trkpt lat="52.78933770" lon="12.85124580" />
      <trkpt lat="52.78905960" lon="12.85079600" />
      <trkpt lat="52.78897150" lon="12.85056520" />
      <trkpt lat="52.78884560" lon="12.85010630" />
      <trkpt lat="52.78877980" lon="12.84994100" />
      <trkpt lat="52.78810740" lon="12.84897520" />
      <trkpt lat="52.78672070" lon="12.84701350" />
      <trkpt lat="52.78648800" lon="12.84667200" />
      <trkpt lat="52.78590400" lon="12.84582700" />
      <trkpt lat="52.78489660" lon="12.84436940" />
      <trkpt lat="52.78481980" lon="12.84425830" />
    </trkseg>
  </trk>
  <trk>
    <name>KP28-KP35</name>
    <trkseg>
      <trkpt lat="52.71898020" lon="12.84383380" />
      <trkpt lat="52.71908310" lon="12.84689200" />
      <trkpt lat="52.71912590" lon="12.84899290" />
      <trkpt lat="52.71914620" lon="12.84969660" />
      <trkpt lat="52.71915050" lon="12.84984770" />
      <trkpt lat="52.71916860" lon="12.85047710" />
      <trkpt lat="52.71919710" lon="12.85146690" />
      <trkpt lat="52.71917590" lon="12.85171400" />
      <trkpt lat="52.71906260" lon="12.85243300" />
      <trkpt lat="52.71929860" lon="12.85266920" />
      <trkpt lat="52.71937470" lon="12.85292500" />
      <trkpt lat="52.71940050" lon="12.85318260" />
      <trkpt lat="52.71921370" lon="12.85428100" />
      <trkpt lat="52.71897350" lon="12.85495540" />
      <trkpt lat="52.71886490" lon="12.85500770" />
      <trkpt lat="52.71874960" lon="12.85503100" />
      <trkpt lat="52.71861130" lon="12.85503230" />
      <trkpt lat="52.71847080" lon="12.85499010" />
      <trkpt lat="52.71770340" lon="12.85687380" />
      <trkpt lat="52.71713160" lon="12.85824920" />
      <trkpt lat="52.71615260" lon="12.86044280" />
      <trkpt lat="52.71517460" lon="12.86279320" />
      <trkpt lat="52.71319680" lon="12.86766570" />
      <trkpt lat="52.71309070" lon="12.86811060" />
      <trkpt lat="52.71335100" lon="12.86826130" />
      <trkpt lat="52.71487960" lon="12.87305670" />
      <trkpt lat="52.71518300" lon="12.87381970" />
      <trkpt lat="52.71526370" lon="12.87390280" />
      <trkpt lat="52.71527410" lon="12.87403880" />
      <trkpt lat="52.71692170" lon="12.87852280" />
      <trkpt lat="52.71770270" lon="12.88169410" />
      <trkpt lat="52.71779260" lon="12.88257630" />
      <trkpt lat="52.71792420" lon="12.88376530" />
      <trkpt lat="52.71778930" lon="12.88868580" />
      <trkpt lat="52.71811490" lon="12.89015090" />
      <trkpt lat="52.72051200" lon="12.89669970" />
      <trkpt lat="52.72166340" lon="12.89967590" />
      <trkpt lat="52.72244410" lon="12.90135790" />
      <trkpt lat="52.72403150" lon="12.90338110" />
      <trkpt lat="52.72496050" lon="12.90459130" />
      <trkpt lat="52.72578550" lon="12.90577400" />
      <trkpt lat="52.72670120" lon="12.90788200" />
      <trkpt lat="52.72705990" lon="12.90929970" />
      <trkpt lat="52.72822660" lon="12.91391140" />
      <trkpt lat="52.72889560" lon="12.91668630" />
      <trkpt lat="52.72910170" lon="12.91760090" />
      <trkpt lat="52.72928110" lon="12.92017210" />
      <trkpt lat="52.72910990" lon="12.92708740" />
      <trkpt lat="52.72908620" lon="12.92715150" />
      <trkpt lat="52.72903210" lon="12.92717950" />
      <trkpt lat="52.72768590" lon="12.92722220" />
      <trkpt lat="52.72767700" lon="12.92833990" />
      <trkpt lat="52.72760520" lon="12.92905950" />
      <trkpt lat="52.72732420" lon="12.93058680" />
      <trkpt lat="52.72712020" lon="12.93213720" />
      <trkpt lat="52.72713330" lon="12.93279990" />
      <trkpt lat="52.72718420" lon="12.93351780" />
      <trkpt lat="52.72729950" lon="12.93400460" />
      <trkpt lat="52.72765840" lon="12.93508180" />
      <trkpt lat="52.72798000" lon="12.93596140" />
      <trkpt lat="52.72830510" lon="12.93678230" />
      <trkpt lat="52.72842540" lon="12.93715510" />
      <trkpt lat="52.72853110" lon="12.93754010" />
      <trkpt lat="52.72861150" lon="12.93790810" />
      <trkpt lat="52.72867750" lon="12.93830850" />
      <trkpt lat="52.72872750" lon="12.93882030" />
      <trkpt lat="52.72875160" lon="12.93940070" />
      <trkpt lat="52.72874670" lon="12.94008710" />
      <trkpt lat="52.72869190" lon="12.94279370" />
      <trkpt lat="52.72854110" lon="12.94582400" />
      <trkpt lat="52.72854430" lon="12.94629070" />
      <trkpt lat="52.72857320" lon="12.94675120" />
      <trkpt lat="52.72878310" lon="12.94944230" />
      <trkpt lat="52.72895000" lon="12.95212120" />
      <trkpt lat="52.72895620" lon="12.95222140" />
      <trkpt lat="52.72896450" lon="12.95243580" />
      <trkpt lat="52.72897990" lon="12.95274040" />
      <trkpt lat="52.72900520" lon="12.95319160" />
      <trkpt lat="52.72920870" lon="12.95434270" />
      <trkpt lat="52.72882190" lon="12.95465050" />
      <trkpt lat="52.72865800" lon="12.95476910" />
      <trkpt lat="52.72835250" lon="12.95499920" />
      <trkpt lat="52.72823230" lon="12.95509970" />
      <trkpt lat="52.72787490" lon="12.95540820" />
      <trkpt lat="52.72772920" lon="12.95558310" />
      <trkpt lat="52.72691550" lon="12.95656180" />
      <trkpt lat="52.72687140" lon="12.95661290" />
    </trkseg>
  </trk>
  <trk>
    <name>KP29-KP30 (2)</name>
    <trkseg>
      <trkpt lat="53.09104930" lon="13.09367860" />
      <trkpt lat="53.08987310" lon="13.09479860" />
      <trkpt lat="53.08936220" lon="13.09530390" />
      <trkpt lat="53.08892090" lon="13.09567260" />
      <trkpt lat="53.08857450" lon="13.09591840" />
      <trkpt lat="53.08831750" lon="13.09614750" />
      <trkpt lat="53.08817780" lon="13.09632070" />
      <trkpt lat="53.08813060" lon="13.09639330" />
      <trkpt lat="53.08801300" lon="13.09657430" />
      <trkpt lat="53.08781470" lon="13.09687940" />
      <trkpt lat="53.08763740" lon="13.09719590" />
      <trkpt lat="53.08675070" lon="13.09869460" />
      <trkpt lat="53.08669780" lon="13.09882050" />
      <trkpt lat="53.08666670" lon="13.09892760" />
      <trkpt lat="53.08664480" lon="13.09908630" />
      <trkpt lat="53.08668300" lon="13.10013730" />
      <trkpt lat="53.08672040" lon="13.10063870" />
      <trkpt lat="53.08717600" lon="13.10816460" />
      <trkpt lat="53.08725880" lon="13.10894140" />
      <trkpt lat="53.08759810" lon="13.11006830" />
      <trkpt lat="53.08848270" lon="13.11263710" />
      <trkpt lat="53.08946510" lon="13.11612330" />
      <trkpt lat="53.08946410" lon="13.11615100" />
      <trkpt lat="53.08969420" lon="13.11636100" />
      <trkpt lat="53.08988360" lon="13.11657980" />
      <trkpt lat="53.09017740" lon="13.11687170" />
      <trkpt lat="53.09034110" lon="13.11769990" />
      <trkpt lat="53.09031600" lon="13.11872450" />
      <trkpt lat="53.09008060" lon="13.11955340" />
      <trkpt lat="53.08965800" lon="13.12083420" />
      <trkpt lat="53.08944800" lon="13.12167120" />
      <trkpt lat="53.08963940" lon="13.12288030" />
      <trkpt lat="53.08978630" lon="13.12351280" />
      <trkpt lat="53.08982980" lon="13.12405730" />
      <trkpt lat="53.08974890" lon="13.12424880" />
      <trkpt lat="53.08979730" lon="13.12485700" />
      <trkpt lat="53.08971350" lon="13.12514100" />
      <trkpt lat="53.08977090" lon="13.12583670" />
      <trkpt lat="53.08974060" lon="13.12651040" />
      <trkpt lat="53.09000640" lon="13.12736770" />
      <trkpt lat="53.09015000" lon="13.12791160" />
      <trkpt lat="53.09047380" lon="13.12893190" />
      <trkpt lat="53.09047250" lon="13.12966690" />
      <trkpt lat="53.09030180" lon="13.13028680" />
      <trkpt lat="53.09017800" lon="13.13055600" />
      <trkpt lat="53.08976910" lon="13.13148000" />
      <trkpt lat="53.08918340" lon="13.13250990" />
      <trkpt lat="53.08870380" lon="13.13366600" />
      <trkpt lat="53.08820090" lon="13.13491650" />
      <trkpt lat="53.08794230" lon="13.13563020" />
      <trkpt lat="53.08792870" lon="13.13576790" />
      <trkpt lat="53.08778690" lon="13.13611960" />
      <trkpt lat="53.08730040" lon="13.13697100" />
      <trkpt lat="53.08664190" lon="13.13774240" />
      <trkpt lat="53.08605680" lon="13.13825470" />
      <trkpt lat="53.08570780" lon="13.13858240" />
      <trkpt lat="53.08543550" lon="13.13889900" />
      <trkpt lat="53.08532280" lon="13.13886140" />
      <trkpt lat="53.08512120" lon="13.13895530" />
      <trkpt lat="53.08217120" lon="13.14439670" />
      <trkpt lat="53.08025650" lon="13.14818930" />
      <trkpt lat="53.08002300" lon="13.14865190" />
      <trkpt lat="53.07978680" lon="13.14911960" />
      <trkpt lat="53.07922130" lon="13.15099960" />
      <trkpt lat="53.07890030" lon="13.15190140" />
      <trkpt lat="53.07839590" lon="13.15272680" />
      <trkpt lat="53.07833480" lon="13.15313950" />
      <trkpt lat="53.07840820" lon="13.15410240" />
      <trkpt lat="53.07849370" lon="13.15547540" />
      <trkpt lat="53.07839590" lon="13.15648680" />
      <trkpt lat="53.07806280" lon="13.15860720" />
      <trkpt lat="53.07787390" lon="13.15982760" />
      <trkpt lat="53.07783110" lon="13.16003510" />
      <trkpt lat="53.07774480" lon="13.16045400" />
      <trkpt lat="53.07737640" lon="13.16175630" />
      <trkpt lat="53.07692900" lon="13.16325340" />
      <trkpt lat="53.07688170" lon="13.16342090" />
      <trkpt lat="53.07683450" lon="13.16360070" />
      <trkpt lat="53.07649180" lon="13.16513470" />
      <trkpt lat="53.07623390" lon="13.16630800" />
      <trkpt lat="53.07591440" lon="13.16719860" />
      <trkpt lat="53.07590320" lon="13.16723090" />
      <trkpt lat="53.07589220" lon="13.16726230" />
      <trkpt lat="53.07575050" lon="13.16767000" />
      <trkpt lat="53.07560950" lon="13.16807540" />
      <trkpt lat="53.07552990" lon="13.16835750" />
      <trkpt lat="53.07548970" lon="13.16852850" />
      <trkpt lat="53.07545500" lon="13.16867610" />
      <trkpt lat="53.07541150" lon="13.16886330" />
      <trkpt lat="53.07532720" lon="13.16921980" />
      <trkpt lat="53.07516380" lon="13.16986940" />
      <trkpt lat="53.07515600" lon="13.16990030" />
      <trkpt lat="53.07510150" lon="13.17011530" />
      <trkpt lat="53.07489220" lon="13.17094090" />
      <trkpt lat="53.07482720" lon="13.17119740" />
      <trkpt lat="53.07466030" lon="13.17192970" />
      <trkpt lat="53.07450290" lon="13.17262060" />
      <trkpt lat="53.07439260" lon="13.17306250" />
      <trkpt lat="53.07427430" lon="13.17354730" />
      <trkpt lat="53.07424980" lon="13.17364330" />
      <trkpt lat="53.07393760" lon="13.17487240" />
      <trkpt lat="53.07392100" lon="13.17493780" />
      <trkpt lat="53.07385980" lon="13.17517050" />
      <trkpt lat="53.07373130" lon="13.17565870" />
      <trkpt lat="53.07371170" lon="13.17570520" />
      <trkpt lat="53.07369640" lon="13.17574140" />
      <trkpt lat="53.07358180" lon="13.17599140" />
      <trkpt lat="53.07350660" lon="13.17618520" />
      <trkpt lat="53.07347140" lon="13.17629270" />
      <trkpt lat="53.07307830" lon="13.17749410" />
      <trkpt lat="53.07261520" lon="13.17881750" />
      <trkpt lat="53.07240140" lon="13.17940960" />
      <trkpt lat="53.07221860" lon="13.17983730" />
      <trkpt lat="53.07214230" lon="13.17995130" />
      <trkpt lat="53.07195200" lon="13.18013780" />
      <trkpt lat="53.07187720" lon="13.18019640" />
      <trkpt lat="53.07185200" lon="13.18023730" />
      <trkpt lat="53.07183650" lon="13.18027280" />
      <trkpt lat="53.07180810" lon="13.18045450" />
      <trkpt lat="53.07180140" lon="13.18051120" />
      <trkpt lat="53.07176900" lon="13.18089330" />
    </trkseg>
  </trk>
  <trk>
    <name>KP29-KP30</name>
    <trkseg>
      <trkpt lat="52.78120520" lon="12.84380070" />
      <trkpt lat="52.78124780" lon="12.84400890" />
      <trkpt lat="52.78128160" lon="12.84415080" />
      <trkpt lat="52.78168700" lon="12.84621940" />
      <trkpt lat="52.78175590" lon="12.84639480" />
      <trkpt lat="52.78195010" lon="12.84649510" />
      <trkpt lat="52.78215690" lon="12.84645750" />
      <trkpt lat="52.78481980" lon="12.84425830" />
    </trkseg>
  </trk>
  <trk>
    <name>KP3-KP4</name>
    <trkseg>
      <trkpt lat="52.88861340" lon="13.27072840" />
      <trkpt lat="52.88812080" lon="13.26976170" />
      <trkpt lat="52.88545730" lon="13.26483790" />
      <trkpt lat="52.88149370" lon="13.25721930" />
      <trkpt lat="52.87876890" lon="13.25268330" />
      <trkpt lat="52.87861290" lon="13.25235330" />
      <trkpt lat="52.87796600" lon="13.25157050" />
      <trkpt lat="52.87709710" lon="13.25028200" />
      <trkpt lat="52.87686470" lon="13.24998630" />
      <trkpt lat="52.87663560" lon="13.24954780" />
      <trkpt lat="52.87636750" lon="13.24922290" />
      <trkpt lat="52.87619550" lon="13.24882730" />
      <trkpt lat="52.87576670" lon="13.24816370" />
      <trkpt lat="52.87569460" lon="13.24800780" />
      <trkpt lat="52.87560060" lon="13.24784260" />
      <trkpt lat="52.87548960" lon="13.24768910" />
      <trkpt lat="52.87532120" lon="13.24744720" />
      <trkpt lat="52.87479610" lon="13.24664930" />
      <trkpt lat="52.87441980" lon="13.24597700" />
      <trkpt lat="52.87401790" lon="13.24525780" />
      <trkpt lat="52.87363290" lon="13.24469470" />
      <trkpt lat="52.87275100" lon="13.24388420" />
      <trkpt lat="52.87156970" lon="13.24280030" />
      <trkpt lat="52.87085330" lon="13.24213930" />
      <trkpt lat="52.87037600" lon="13.24185030" />
      <trkpt lat="52.86987520" lon="13.24165030" />
      <trkpt lat="52.86923920" lon="13.24141950" />
      <trkpt lat="52.86849430" lon="13.24123790" />
      <trkpt lat="52.86807730" lon="13.24111480" />
      <trkpt lat="52.86651270" lon="13.24007650" />
      <trkpt lat="52.86577090" lon="13.23973240" />
      <trkpt lat="52.86480730" lon="13.23921320" />
      <trkpt lat="52.86370540" lon="13.23860870" />
      <trkpt lat="52.86297570" lon="13.23813320" />
      <trkpt lat="52.86268310" lon="13.23790080" />
      <trkpt lat="52.86246740" lon="13.23771710" />
      <trkpt lat="52.86227240" lon="13.23741950" />
      <trkpt lat="52.86153580" lon="13.23637510" />
      <trkpt lat="52.86119580" lon="13.23587600" />
      <trkpt lat="52.86069420" lon="13.23487830" />
      <trkpt lat="52.86027770" lon="13.23394320" />
      <trkpt lat="52.86021580" lon="13.23375950" />
      <trkpt lat="52.86038590" lon="13.23330290" />
      <trkpt lat="52.86176650" lon="13.23104160" />
      <trkpt lat="52.86216950" lon="13.23039540" />
      <trkpt lat="52.86301980" lon="13.22922720" />
      <trkpt lat="52.86358530" lon="13.22835370" />
      <trkpt lat="52.86412250" lon="13.22749340" />
      <trkpt lat="52.86588010" lon="13.22454530" />
      <trkpt lat="52.86616630" lon="13.22408540" />
      <trkpt lat="52.86662540" lon="13.22331830" />
      <trkpt lat="52.86825170" lon="13.22066480" />
      <trkpt lat="52.86830020" lon="13.22054430" />
      <trkpt lat="52.86827650" lon="13.22029150" />
      <trkpt lat="52.86869880" lon="13.22014270" />
      <trkpt lat="52.86915470" lon="13.21997730" />
      <trkpt lat="52.86935330" lon="13.21991180" />
      <trkpt lat="52.86960000" lon="13.21983050" />
      <trkpt lat="52.86989540" lon="13.21970730" />
      <trkpt lat="52.86997860" lon="13.21966980" />
      <trkpt lat="52.87005560" lon="13.21960350" />
      <trkpt lat="52.87014420" lon="13.21946280" />
      <trkpt lat="52.87026940" lon="13.21953200" />
      <trkpt lat="52.87060960" lon="13.21963230" />
      <trkpt lat="52.87103120" lon="13.21973960" />
      <trkpt lat="52.87123390" lon="13.21981350" />
      <trkpt lat="52.87143360" lon="13.21990530" />
      <trkpt lat="52.87176870" lon="13.22018080" />
      <trkpt lat="52.87178920" lon="13.22020190" />
      <trkpt lat="52.87209140" lon="13.22051360" />
      <trkpt lat="52.87222590" lon="13.22069230" />
      <trkpt lat="52.87224220" lon="13.22071720" />
      <trkpt lat="52.87353340" lon="13.22389610" />
      <trkpt lat="52.87356230" lon="13.22384670" />
      <trkpt lat="52.87361880" lon="13.22375010" />
      <trkpt lat="52.87378420" lon="13.22346730" />
      <trkpt lat="52.87381750" lon="13.22341040" />
    </trkseg>
  </trk>
  <trk>
    <name>KP3-KP5</name>
    <trkseg>
      <trkpt lat="52.88861340" lon="13.27072840" />
      <trkpt lat="52.88812080" lon="13.26976170" />
      <trkpt lat="52.88545730" lon="13.26483790" />
      <trkpt lat="52.88149370" lon="13.25721930" />
      <trkpt lat="52.87876890" lon="13.25268330" />
      <trkpt lat="52.87861290" lon="13.25235330" />
      <trkpt lat="52.87796600" lon="13.25157050" />
      <trkpt lat="52.87709710" lon="13.25028200" />
      <trkpt lat="52.87686470" lon="13.24998630" />
      <trkpt lat="52.87663560" lon="13.24954780" />
      <trkpt lat="52.87636750" lon="13.24922290" />
      <trkpt lat="52.87619550" lon="13.24882730" />
      <trkpt lat="52.87576670" lon="13.24816370" />
      <trkpt lat="52.87569460" lon="13.24800780" />
      <trkpt lat="52.87560060" lon="13.24784260" />
      <trkpt lat="52.87548960" lon="13.24768910" />
      <trkpt lat="52.87532120" lon="13.24744720" />
      <trkpt lat="52.87479610" lon="13.24664930" />
      <trkpt lat="52.87441980" lon="13.24597700" />
      <trkpt lat="52.87401790" lon="13.24525780" />
      <trkpt lat="52.87363290" lon="13.24469470" />
      <trkpt lat="52.87275100" lon="13.24388420" />
      <trkpt lat="52.87156970" lon="13.24280030" />
      <trkpt lat="52.87085330" lon="13.24213930" />
      <trkpt lat="52.87037600" lon="13.24185030" />
      <trkpt lat="52.86987520" lon="13.24165030" />
      <trkpt lat="52.86923920" lon="13.24141950" />
      <trkpt lat="52.86849430" lon="13.24123790" />
      <trkpt lat="52.86807730" lon="13.24111480" />
      <trkpt lat="52.86651270" lon="13.24007650" />
      <trkpt lat="52.86577090" lon="13.23973240" />
      <trkpt lat="52.86480730" lon="13.23921320" />
      <trkpt lat="52.86370540" lon="13.23860870" />
      <trkpt lat="52.86297570" lon="13.23813320" />
      <trkpt lat="52.86268310" lon="13.23790080" />
      <trkpt lat="52.86246740" lon="13.23771710" />
      <trkpt lat="52.86227240" lon="13.23741950" />
      <trkpt lat="52.86153580" lon="13.23637510" />
      <trkpt lat="52.86119580" lon="13.23587600" />
      <trkpt lat="52.86069420" lon="13.23487830" />
      <trkpt lat="52.86027770" lon="13.23394320" />
      <trkpt lat="52.86021580" lon="13.23375950" />
      <trkpt lat="52.86038590" lon="13.23330290" />
      <trkpt lat="52.86176650" lon="13.23104160" />
      <trkpt lat="52.86216950" lon="13.23039540" />
      <trkpt lat="52.86301980" lon="13.22922720" />
      <trkpt lat="52.86358530" lon="13.22835370" />
      <trkpt lat="52.86412250" lon="13.22749340" />
      <trkpt lat="52.86588010" lon="13.22454530" />
      <trkpt lat="52.86616630" lon="13.22408540" />
      <trkpt lat="52.86662540" lon="13.22331830" />
      <trkpt lat="52.86825170" lon="13.22066480" />
      <trkpt lat="52.86830020" lon="13.22054430" />
      <trkpt lat="52.86827650" lon="13.22029150" />
      <trkpt lat="52.86869880" lon="13.22014270" />
      <trkpt lat="52.86915470" lon="13.21997730" />
      <trkpt lat="52.86935330" lon="13.21991180" />
      <trkpt lat="52.86960000" lon="13.21983050" />
      <trkpt lat="52.86989540" lon="13.21970730" />
      <trkpt lat="52.86998490" lon="13.21950390" />
      <trkpt lat="52.87001850" lon="13.21936810" />
      <trkpt lat="52.86986120" lon="13.21917660" />
      <trkpt lat="52.86972740" lon="13.21895920" />
      <trkpt lat="52.86953120" lon="13.21851170" />
      <trkpt lat="52.86924730" lon="13.21781680" />
      <trkpt lat="52.86909850" lon="13.21741350" />
      <trkpt lat="52.86906390" lon="13.21727490" />
      <trkpt lat="52.86903710" lon="13.21713250" />
      <trkpt lat="52.86896300" lon="13.21537830" />
      <trkpt lat="52.86882120" lon="13.21296490" />
      <trkpt lat="52.86881090" lon="13.21265850" />
      <trkpt lat="52.86880350" lon="13.21243770" />
      <trkpt lat="52.86879820" lon="13.21225390" />
      <trkpt lat="52.86879510" lon="13.21217540" />
      <trkpt lat="52.86879080" lon="13.21211580" />
      <trkpt lat="52.86877830" lon="13.21194620" />
      <trkpt lat="52.86877170" lon="13.21181410" />
      <trkpt lat="52.86872450" lon="13.21091660" />
      <trkpt lat="52.86849260" lon="13.20655800" />
      <trkpt lat="52.86845460" lon="13.20656600" />
      <trkpt lat="52.86832580" lon="13.20666620" />
      <trkpt lat="52.86733360" lon="13.20667190" />
      <trkpt lat="52.86711920" lon="13.20665050" />
      <trkpt lat="52.86638980" lon="13.20650920" />
      <trkpt lat="52.86626660" lon="13.20640790" />
      <trkpt lat="52.86618440" lon="13.20622470" />
      <trkpt lat="52.86620130" lon="13.20528030" />
      <trkpt lat="52.86621740" lon="13.20437880" />
      <trkpt lat="52.86634320" lon="13.20368760" />
      <trkpt lat="52.86633930" lon="13.20259000" />
      <trkpt lat="52.86625080" lon="13.20183040" />
      <trkpt lat="52.86619120" lon="13.20131940" />
      <trkpt lat="52.86633620" lon="13.20017470" />
      <trkpt lat="52.86633120" lon="13.19926490" />
      <trkpt lat="52.86619390" lon="13.19831510" />
      <trkpt lat="52.86623410" lon="13.19605400" />
      <trkpt lat="52.86630930" lon="13.19533510" />
      <trkpt lat="52.86642640" lon="13.19421610" />
      <trkpt lat="52.86648990" lon="13.18901370" />
      <trkpt lat="52.86617610" lon="13.18768500" />
      <trkpt lat="52.86616310" lon="13.18678910" />
      <trkpt lat="52.86615780" lon="13.18642620" />
      <trkpt lat="52.86605120" lon="13.18510130" />
      <trkpt lat="52.86591810" lon="13.18440010" />
      <trkpt lat="52.86585650" lon="13.18332290" />
      <trkpt lat="52.86583510" lon="13.18223040" />
      <trkpt lat="52.86590060" lon="13.18059020" />
      <trkpt lat="52.86595300" lon="13.17929980" />
      <trkpt lat="52.86618110" lon="13.17842890" />
      <trkpt lat="52.86642350" lon="13.17808510" />
      <trkpt lat="52.86764470" lon="13.17809770" />
      <trkpt lat="52.86770380" lon="13.17811690" />
      <trkpt lat="52.86774160" lon="13.17786740" />
      <trkpt lat="52.86781640" lon="13.17751410" />
      <trkpt lat="52.86792100" lon="13.17706940" />
      <trkpt lat="52.86800880" lon="13.17668410" />
      <trkpt lat="52.86811630" lon="13.17621230" />
      <trkpt lat="52.86816030" lon="13.17601940" />
      <trkpt lat="52.86821210" lon="13.17580550" />
      <trkpt lat="52.86823810" lon="13.17569860" />
      <trkpt lat="52.86835670" lon="13.17520910" />
      <trkpt lat="52.86847210" lon="13.17473300" />
      <trkpt lat="52.86853460" lon="13.17447010" />
      <trkpt lat="52.86859490" lon="13.17428430" />
      <trkpt lat="52.86861250" lon="13.17423010" />
      <trkpt lat="52.86878550" lon="13.17360240" />
      <trkpt lat="52.86895760" lon="13.17300250" />
      <trkpt lat="52.86903990" lon="13.17266580" />
      <trkpt lat="52.86920640" lon="13.17185430" />
      <trkpt lat="52.86924130" lon="13.17166660" />
      <trkpt lat="52.86925250" lon="13.17154130" />
      <trkpt lat="52.86927090" lon="13.17133590" />
      <trkpt lat="52.86929390" lon="13.17119820" />
      <trkpt lat="52.86931130" lon="13.17111920" />
      <trkpt lat="52.86940840" lon="13.17068750" />
      <trkpt lat="52.86947130" lon="13.17044340" />
      <trkpt lat="52.86948260" lon="13.17039830" />
      <trkpt lat="52.86951600" lon="13.17029360" />
      <trkpt lat="52.86956870" lon="13.17019270" />
      <trkpt lat="52.86960460" lon="13.17009290" />
      <trkpt lat="52.86998950" lon="13.16845860" />
      <trkpt lat="52.87002280" lon="13.16830860" />
      <trkpt lat="52.87003590" lon="13.16815240" />
      <trkpt lat="52.87002620" lon="13.16799340" />
    </trkseg>
  </trk>
  <trk>
    <name>KP3-KP97</name>
    <trkseg>
      <trkpt lat="52.88861340" lon="13.27072840" />
      <trkpt lat="52.88929490" lon="13.27204200" />
      <trkpt lat="52.88980260" lon="13.27308260" />
      <trkpt lat="52.88992500" lon="13.27333340" />
      <trkpt lat="52.89266530" lon="13.27813520" />
      <trkpt lat="52.89372380" lon="13.27991000" />
      <trkpt lat="52.89420380" lon="13.28062400" />
      <trkpt lat="52.89433700" lon="13.28054450" />
      <trkpt lat="52.89473410" lon="13.28148790" />
      <trkpt lat="52.89511550" lon="13.28242170" />
      <trkpt lat="52.89533280" lon="13.28300270" />
      <trkpt lat="52.89542480" lon="13.28292630" />
      <trkpt lat="52.89573590" lon="13.28284730" />
      <trkpt lat="52.89590280" lon="13.28289030" />
      <trkpt lat="52.89696850" lon="13.28428650" />
      <trkpt lat="52.89724370" lon="13.28473010" />
      <trkpt lat="52.89875940" lon="13.28717340" />
      <trkpt lat="52.90038040" lon="13.28978660" />
      <trkpt lat="52.90079040" lon="13.29044760" />
      <trkpt lat="52.90254410" lon="13.29324070" />
      <trkpt lat="52.90287330" lon="13.29378370" />
      <trkpt lat="52.90333060" lon="13.29445620" />
      <trkpt lat="52.90427010" lon="13.29597870" />
      <trkpt lat="52.90501250" lon="13.29719850" />
      <trkpt lat="52.90567420" lon="13.29822970" />
      <trkpt lat="52.90638240" lon="13.29934510" />
      <trkpt lat="52.90670040" lon="13.29980260" />
      <trkpt lat="52.90717030" lon="13.30047880" />
      <trkpt lat="52.90797950" lon="13.30163100" />
      <trkpt lat="52.90829700" lon="13.30208300" />
      <trkpt lat="52.90838200" lon="13.30222100" />
      <trkpt lat="52.90844560" lon="13.30232410" />
      <trkpt lat="52.90925140" lon="13.30353460" />
      <trkpt lat="52.90949710" lon="13.30390370" />
      <trkpt lat="52.91087800" lon="13.30591690" />
      <trkpt lat="52.91108700" lon="13.30616180" />
      <trkpt lat="52.91110810" lon="13.30618300" />
      <trkpt lat="52.91176240" lon="13.30683960" />
      <trkpt lat="52.91339800" lon="13.30842100" />
      <trkpt lat="52.91415970" lon="13.30919610" />
      <trkpt lat="52.91469690" lon="13.30979970" />
      <trkpt lat="52.91563980" lon="13.31107060" />
      <trkpt lat="52.91653540" lon="13.31224960" />
      <trkpt lat="52.91687450" lon="13.31270860" />
      <trkpt lat="52.91740690" lon="13.31343110" />
      <trkpt lat="52.91762160" lon="13.31373180" />
      <trkpt lat="52.91783640" lon="13.31404270" />
      <trkpt lat="52.91800570" lon="13.31429780" />
      <trkpt lat="52.91817190" lon="13.31458010" />
      <trkpt lat="52.91834540" lon="13.31487720" />
      <trkpt lat="52.91882010" lon="13.31578050" />
      <trkpt lat="52.91907740" lon="13.31628600" />
      <trkpt lat="52.91958520" lon="13.31735270" />
      <trkpt lat="52.92147480" lon="13.32129800" />
      <trkpt lat="52.92159350" lon="13.32158520" />
      <trkpt lat="52.92168850" lon="13.32183990" />
      <trkpt lat="52.92175080" lon="13.32203330" />
      <trkpt lat="52.92178350" lon="13.32213490" />
      <trkpt lat="52.92185450" lon="13.32236440" />
      <trkpt lat="52.92203630" lon="13.32295620" />
      <trkpt lat="52.92222210" lon="13.32340440" />
      <trkpt lat="52.92239920" lon="13.32377420" />
      <trkpt lat="52.92242760" lon="13.32383310" />
      <trkpt lat="52.92256580" lon="13.32408220" />
      <trkpt lat="52.92261480" lon="13.32416430" />
      <trkpt lat="52.92246980" lon="13.32441990" />
      <trkpt lat="52.92216740" lon="13.32489330" />
      <trkpt lat="52.92147460" lon="13.32572640" />
      <trkpt lat="52.92137420" lon="13.33197630" />
      <trkpt lat="52.92136300" lon="13.33330820" />
      <trkpt lat="52.92135060" lon="13.33447860" />
      <trkpt lat="52.92132910" lon="13.33489440" />
      <trkpt lat="52.92132090" lon="13.33505340" />
      <trkpt lat="52.92118070" lon="13.33541260" />
      <trkpt lat="52.92102590" lon="13.33555960" />
      <trkpt lat="52.92073600" lon="13.33580110" />
      <trkpt lat="52.92059540" lon="13.33608040" />
      <trkpt lat="52.92055320" lon="13.33662660" />
      <trkpt lat="52.92028260" lon="13.34082640" />
      <trkpt lat="52.91999740" lon="13.34657910" />
      <trkpt lat="52.91968500" lon="13.35240240" />
      <trkpt lat="52.91949280" lon="13.35598470" />
      <trkpt lat="52.92283940" lon="13.35764130" />
      <trkpt lat="52.92331570" lon="13.35829140" />
      <trkpt lat="52.92580270" lon="13.35898650" />
      <trkpt lat="52.92943520" lon="13.35939650" />
      <trkpt lat="52.93185050" lon="13.35971590" />
      <trkpt lat="52.93627760" lon="13.36018060" />
      <trkpt lat="52.93874360" lon="13.36041320" />
      <trkpt lat="52.93922330" lon="13.36045850" />
      <trkpt lat="52.94212480" lon="13.36074750" />
      <trkpt lat="52.94329780" lon="13.36082700" />
      <trkpt lat="52.94341710" lon="13.36090620" />
      <trkpt lat="52.94357910" lon="13.36112000" />
      <trkpt lat="52.94388260" lon="13.36167490" />
      <trkpt lat="52.94427010" lon="13.36253320" />
      <trkpt lat="52.94441060" lon="13.36291880" />
      <trkpt lat="52.94454020" lon="13.36334280" />
      <trkpt lat="52.94470440" lon="13.36413560" />
      <trkpt lat="52.94489440" lon="13.36554450" />
      <trkpt lat="52.94512190" lon="13.36730590" />
      <trkpt lat="52.94536100" lon="13.36964080" />
      <trkpt lat="52.94538110" lon="13.37018560" />
      <trkpt lat="52.94539450" lon="13.37102270" />
      <trkpt lat="52.94548620" lon="13.37277640" />
      <trkpt lat="52.94551730" lon="13.37312170" />
      <trkpt lat="52.94556640" lon="13.37340340" />
      <trkpt lat="52.94563000" lon="13.37370150" />
      <trkpt lat="52.94571200" lon="13.37399310" />
      <trkpt lat="52.94582440" lon="13.37449650" />
      <trkpt lat="52.94587300" lon="13.37496440" />
      <trkpt lat="52.94590250" lon="13.37527950" />
      <trkpt lat="52.94594710" lon="13.37578240" />
      <trkpt lat="52.94604340" lon="13.37694890" />
    </trkseg>
  </trk>
  <trk>
    <name>KP31-KP32</name>
    <trkseg>
      <trkpt lat="53.140781" lon="13.098103">
        <ele>97.5</ele>
      </trkpt>
      <trkpt lat="53.140757" lon="13.098111">
        <ele>95.25</ele>
      </trkpt>
      <trkpt lat="53.141407" lon="13.095794">
        <ele>90.5</ele>
      </trkpt>
      <trkpt lat="53.141241" lon="13.094387">
        <ele>88</ele>
      </trkpt>
      <trkpt lat="53.140789" lon="13.089835">
        <ele>93</ele>
      </trkpt>
      <trkpt lat="53.140562" lon="13.087579">
        <ele>93.5</ele>
      </trkpt>
      <trkpt lat="53.140534" lon="13.086931">
        <ele>93.75</ele>
      </trkpt>
      <trkpt lat="53.140781" lon="13.084122">
        <ele>95.75</ele>
      </trkpt>
      <trkpt lat="53.141351" lon="13.078444">
        <ele>98</ele>
      </trkpt>
      <trkpt lat="53.141891" lon="13.072849">
        <ele>103.75</ele>
      </trkpt>
      <trkpt lat="53.142013" lon="13.071281">
        <ele>104.5</ele>
      </trkpt>
      <trkpt lat="53.14213" lon="13.070002">
        <ele>104.5</ele>
      </trkpt>
      <trkpt lat="53.142405" lon="13.067276">
        <ele>102</ele>
      </trkpt>
      <trkpt lat="53.142613" lon="13.065243">
        <ele>102</ele>
      </trkpt>
      <trkpt lat="53.142982" lon="13.061334">
        <ele>94.5</ele>
      </trkpt>
      <trkpt lat="53.143039" lon="13.061313">
        <ele>94.75</ele>
      </trkpt>
      <trkpt lat="53.143104" lon="13.061298">
        <ele>94.75</ele>
      </trkpt>
      <trkpt lat="53.143162" lon="13.061286">
        <ele>94.75</ele>
      </trkpt>
      <trkpt lat="53.143238" lon="13.061299">
        <ele>94.75</ele>
      </trkpt>
      <trkpt lat="53.143287" lon="13.061272">
        <ele>94.75</ele>
      </trkpt>
      <trkpt lat="53.143334" lon="13.061181">
        <ele>95</ele>
      </trkpt>
      <trkpt lat="53.143322" lon="13.061138">
        <ele>95</ele>
      </trkpt>
    </trkseg>
  </trk>
  <trk>
    <name>KP32-KP48</name>
    <trkseg>
      <trkpt lat="53.143306" lon="13.061077">
        <ele>95</ele>
      </trkpt>
      <trkpt lat="53.143236" lon="13.060813">
        <ele>95</ele>
      </trkpt>
      <trkpt lat="53.143166" lon="13.06066">
        <ele>95</ele>
      </trkpt>
      <trkpt lat="53.143212" lon="13.060208">
        <ele>95</ele>
      </trkpt>
      <trkpt lat="53.14324" lon="13.059923">
        <ele>95</ele>
      </trkpt>
      <trkpt lat="53.143273" lon="13.059601">
        <ele>94.5</ele>
      </trkpt>
      <trkpt lat="53.143277" lon="13.059408">
        <ele>94.5</ele>
      </trkpt>
      <trkpt lat="53.143237" lon="13.059044">
        <ele>94.25</ele>
      </trkpt>
      <trkpt lat="53.143255" lon="13.058862">
        <ele>94</ele>
      </trkpt>
      <trkpt lat="53.143303" lon="13.058694">
        <ele>93.5</ele>
      </trkpt>
      <trkpt lat="53.143385" lon="13.058363">
        <ele>92.75</ele>
      </trkpt>
      <trkpt lat="53.14344" lon="13.057946">
        <ele>92.75</ele>
      </trkpt>
      <trkpt lat="53.143594" lon="13.056393">
        <ele>93.25</ele>
      </trkpt>
      <trkpt lat="53.143633" lon="13.056014">
        <ele>93.75</ele>
      </trkpt>
      <trkpt lat="53.143753" lon="13.054818">
        <ele>93.75</ele>
      </trkpt>
      <trkpt lat="53.143797" lon="13.054226">
        <ele>92.75</ele>
      </trkpt>
      <trkpt lat="53.143801" lon="13.054184">
        <ele>92.75</ele>
      </trkpt>
      <trkpt lat="53.143815" lon="13.053993">
        <ele>92.25</ele>
      </trkpt>
      <trkpt lat="53.143931" lon="13.052791">
        <ele>87.75</ele>
      </trkpt>
      <trkpt lat="53.14397" lon="13.05237">
        <ele>86</ele>
      </trkpt>
      <trkpt lat="53.143992" lon="13.052128">
        <ele>85</ele>
      </trkpt>
      <trkpt lat="53.144112" lon="13.050809">
        <ele>80.5</ele>
      </trkpt>
      <trkpt lat="53.144152" lon="13.050393">
        <ele>79.5</ele>
      </trkpt>
      <trkpt lat="53.144198" lon="13.049945">
        <ele>78.75</ele>
      </trkpt>
      <trkpt lat="53.144274" lon="13.049222">
        <ele>79.75</ele>
      </trkpt>
      <trkpt lat="53.144286" lon="13.049108">
        <ele>80</ele>
      </trkpt>
      <trkpt lat="53.1443" lon="13.048939">
        <ele>80</ele>
      </trkpt>
      <trkpt lat="53.144332" lon="13.048541">
        <ele>80</ele>
      </trkpt>
      <trkpt lat="53.144382" lon="13.048031">
        <ele>80.75</ele>
      </trkpt>
      <trkpt lat="53.144398" lon="13.047873">
        <ele>81</ele>
      </trkpt>
      <trkpt lat="53.144414" lon="13.047718">
        <ele>81.25</ele>
      </trkpt>
      <trkpt lat="53.144507" lon="13.046831">
        <ele>82.25</ele>
      </trkpt>
      <trkpt lat="53.144521" lon="13.046708">
        <ele>82.25</ele>
      </trkpt>
      <trkpt lat="53.145042" lon="13.046767">
        <ele>78.75</ele>
      </trkpt>
      <trkpt lat="53.14524" lon="13.046788">
        <ele>78.5</ele>
      </trkpt>
      <trkpt lat="53.145295" lon="13.046795">
        <ele>78.5</ele>
      </trkpt>
      <trkpt lat="53.145303" lon="13.046677">
        <ele>78.75</ele>
      </trkpt>
      <trkpt lat="53.145338" lon="13.046276">
        <ele>79</ele>
      </trkpt>
      <trkpt lat="53.145363" lon="13.045994">
        <ele>79</ele>
      </trkpt>
      <trkpt lat="53.145388" lon="13.045829">
        <ele>79</ele>
      </trkpt>
      <trkpt lat="53.145426" lon="13.045714">
        <ele>78.75</ele>
      </trkpt>
      <trkpt lat="53.145504" lon="13.045575">
        <ele>78.75</ele>
      </trkpt>
      <trkpt lat="53.145655" lon="13.045475">
        <ele>78.25</ele>
      </trkpt>
      <trkpt lat="53.146059" lon="13.045388">
        <ele>77.5</ele>
      </trkpt>
      <trkpt lat="53.146342" lon="13.045287">
        <ele>76.75</ele>
      </trkpt>
      <trkpt lat="53.146568" lon="13.045291">
        <ele>76.5</ele>
      </trkpt>
      <trkpt lat="53.14684" lon="13.045401">
        <ele>76.5</ele>
      </trkpt>
      <trkpt lat="53.147157" lon="13.045574">
        <ele>76.5</ele>
      </trkpt>
      <trkpt lat="53.147627" lon="13.045831">
        <ele>75</ele>
      </trkpt>
      <trkpt lat="53.147568" lon="13.046128">
        <ele>73</ele>
      </trkpt>
      <trkpt lat="53.14756" lon="13.046386">
        <ele>71.5</ele>
      </trkpt>
      <trkpt lat="53.147694" lon="13.047494">
        <ele>68.25</ele>
      </trkpt>
      <trkpt lat="53.147715" lon="13.047764">
        <ele>67.25</ele>
      </trkpt>
      <trkpt lat="53.147734" lon="13.048004">
        <ele>66.25</ele>
      </trkpt>
      <trkpt lat="53.147759" lon="13.048519">
        <ele>65</ele>
      </trkpt>
      <trkpt lat="53.147775" lon="13.04879">
        <ele>65</ele>
      </trkpt>
      <trkpt lat="53.147792" lon="13.049148">
        <ele>64.75</ele>
      </trkpt>
      <trkpt lat="53.147798" lon="13.049432">
        <ele>65</ele>
      </trkpt>
      <trkpt lat="53.147799" lon="13.049542">
        <ele>65</ele>
      </trkpt>
      <trkpt lat="53.147808" lon="13.049976">
        <ele>65.25</ele>
      </trkpt>
      <trkpt lat="53.147809" lon="13.050005">
        <ele>65.25</ele>
      </trkpt>
      <trkpt lat="53.147812" lon="13.050295">
        <ele>65.25</ele>
      </trkpt>
      <trkpt lat="53.147813" lon="13.050384">
        <ele>65.25</ele>
      </trkpt>
      <trkpt lat="53.147799" lon="13.051237">
        <ele>65</ele>
      </trkpt>
      <trkpt lat="53.147795" lon="13.051699">
        <ele>64.75</ele>
      </trkpt>
      <trkpt lat="53.147793" lon="13.051906">
        <ele>64.75</ele>
      </trkpt>
      <trkpt lat="53.147774" lon="13.052414">
        <ele>65</ele>
      </trkpt>
      <trkpt lat="53.147766" lon="13.053032">
        <ele>64.75</ele>
      </trkpt>
      <trkpt lat="53.147767" lon="13.053431">
        <ele>64.75</ele>
      </trkpt>
      <trkpt lat="53.147784" lon="13.053676">
        <ele>65.25</ele>
      </trkpt>
      <trkpt lat="53.147828" lon="13.053958">
        <ele>66</ele>
      </trkpt>
      <trkpt lat="53.147899" lon="13.054365">
        <ele>67</ele>
      </trkpt>
      <trkpt lat="53.148044" lon="13.054319">
        <ele>66.75</ele>
      </trkpt>
      <trkpt lat="53.1484" lon="13.054292">
        <ele>66.5</ele>
      </trkpt>
      <trkpt lat="53.148557" lon="13.054282">
        <ele>67.25</ele>
      </trkpt>
      <trkpt lat="53.148593" lon="13.054297">
        <ele>67.25</ele>
      </trkpt>
      <trkpt lat="53.148663" lon="13.054364">
        <ele>67.75</ele>
      </trkpt>
      <trkpt lat="53.148841" lon="13.054562">
        <ele>69.5</ele>
      </trkpt>
      <trkpt lat="53.149027" lon="13.054836">
        <ele>71.5</ele>
      </trkpt>
      <trkpt lat="53.149059" lon="13.054912">
        <ele>72</ele>
      </trkpt>
      <trkpt lat="53.149322" lon="13.055526">
        <ele>72.75</ele>
      </trkpt>
      <trkpt lat="53.149447" lon="13.055755">
        <ele>72.5</ele>
      </trkpt>
      <trkpt lat="53.149733" lon="13.056161">
        <ele>71.5</ele>
      </trkpt>
      <trkpt lat="53.149758" lon="13.056185">
        <ele>71.5</ele>
      </trkpt>
      <trkpt lat="53.15014" lon="13.056524">
        <ele>69.75</ele>
      </trkpt>
      <trkpt lat="53.150313" lon="13.056562">
        <ele>68.75</ele>
      </trkpt>
      <trkpt lat="53.150514" lon="13.056669">
        <ele>67.75</ele>
      </trkpt>
      <trkpt lat="53.150717" lon="13.056853">
        <ele>66.5</ele>
      </trkpt>
      <trkpt lat="53.150801" lon="13.057011">
        <ele>66</ele>
      </trkpt>
      <trkpt lat="53.150954" lon="13.057737">
        <ele>64.75</ele>
      </trkpt>
      <trkpt lat="53.150959" lon="13.057851">
        <ele>64.75</ele>
      </trkpt>
      <trkpt lat="53.150962" lon="13.057913">
        <ele>64.75</ele>
      </trkpt>
      <trkpt lat="53.150982" lon="13.058339">
        <ele>64.75</ele>
      </trkpt>
      <trkpt lat="53.15099" lon="13.058509">
        <ele>64.5</ele>
      </trkpt>
      <trkpt lat="53.151019" lon="13.059478">
        <ele>64.5</ele>
      </trkpt>
      <trkpt lat="53.15103" lon="13.05981">
        <ele>64.25</ele>
      </trkpt>
      <trkpt lat="53.151072" lon="13.060195">
        <ele>64</ele>
      </trkpt>
      <trkpt lat="53.151068" lon="13.060344">
        <ele>64.25</ele>
      </trkpt>
      <trkpt lat="53.15106" lon="13.060418">
        <ele>64.25</ele>
      </trkpt>
      <trkpt lat="53.15106" lon="13.060422">
        <ele>64.25</ele>
      </trkpt>
      <trkpt lat="53.151019" lon="13.060687">
        <ele>64.5</ele>
      </trkpt>
      <trkpt lat="53.150968" lon="13.060977">
        <ele>64.75</ele>
      </trkpt>
      <trkpt lat="53.150924" lon="13.061233">
        <ele>65.25</ele>
      </trkpt>
      <trkpt lat="53.150867" lon="13.061556">
        <ele>65.75</ele>
      </trkpt>
      <trkpt lat="53.151411" lon="13.0617">
        <ele>64.5</ele>
      </trkpt>
      <trkpt lat="53.151439" lon="13.061707">
        <ele>64.5</ele>
      </trkpt>
      <trkpt lat="53.151676" lon="13.06177">
        <ele>64</ele>
      </trkpt>
      <trkpt lat="53.15171" lon="13.061778">
        <ele>64</ele>
      </trkpt>
      <trkpt lat="53.151887" lon="13.061819">
        <ele>65</ele>
      </trkpt>
      <trkpt lat="53.152183" lon="13.061876">
        <ele>66.25</ele>
      </trkpt>
      <trkpt lat="53.152324" lon="13.061903">
        <ele>67</ele>
      </trkpt>
      <trkpt lat="53.152462" lon="13.061913">
        <ele>67.75</ele>
      </trkpt>
      <trkpt lat="53.152598" lon="13.061916">
        <ele>68</ele>
      </trkpt>
      <trkpt lat="53.152622" lon="13.061915">
        <ele>68</ele>
      </trkpt>
      <trkpt lat="53.152714" lon="13.061907">
        <ele>68.25</ele>
      </trkpt>
      <trkpt lat="53.153045" lon="13.061855">
        <ele>68.5</ele>
      </trkpt>
      <trkpt lat="53.153191" lon="13.061841">
        <ele>68.75</ele>
      </trkpt>
      <trkpt lat="53.153485" lon="13.061796">
        <ele>69.25</ele>
      </trkpt>
      <trkpt lat="53.153646" lon="13.061826">
        <ele>69.75</ele>
      </trkpt>
      <trkpt lat="53.153833" lon="13.06188">
        <ele>70.5</ele>
      </trkpt>
      <trkpt lat="53.154026" lon="13.06196">
        <ele>71</ele>
      </trkpt>
      <trkpt lat="53.154269" lon="13.062054">
        <ele>72.5</ele>
      </trkpt>
      <trkpt lat="53.154629" lon="13.062012">
        <ele>74.5</ele>
      </trkpt>
      <trkpt lat="53.154741" lon="13.062027">
        <ele>75.25</ele>
      </trkpt>
      <trkpt lat="53.155202" lon="13.062191">
        <ele>76.75</ele>
      </trkpt>
      <trkpt lat="53.15637" lon="13.062557">
        <ele>77</ele>
      </trkpt>
      <trkpt lat="53.156565" lon="13.062596">
        <ele>77</ele>
      </trkpt>
      <trkpt lat="53.157011" lon="13.062446">
        <ele>77.5</ele>
      </trkpt>
      <trkpt lat="53.157327" lon="13.062332">
        <ele>78.25</ele>
      </trkpt>
      <trkpt lat="53.157831" lon="13.061725">
        <ele>79.75</ele>
      </trkpt>
      <trkpt lat="53.158043" lon="13.06167">
        <ele>80.25</ele>
      </trkpt>
      <trkpt lat="53.158316" lon="13.061655">
        <ele>80.75</ele>
      </trkpt>
      <trkpt lat="53.158496" lon="13.061671">
        <ele>83.25</ele>
      </trkpt>
      <trkpt lat="53.158657" lon="13.061622">
        <ele>85.5</ele>
      </trkpt>
      <trkpt lat="53.158751" lon="13.061534">
        <ele>86.75</ele>
      </trkpt>
      <trkpt lat="53.158933" lon="13.061225">
        <ele>88.25</ele>
      </trkpt>
      <trkpt lat="53.159573" lon="13.060476">
        <ele>91</ele>
      </trkpt>
      <trkpt lat="53.159707" lon="13.060316">
        <ele>91.25</ele>
      </trkpt>
      <trkpt lat="53.160053" lon="13.059784">
        <ele>93</ele>
      </trkpt>
      <trkpt lat="53.160611" lon="13.058935">
        <ele>97</ele>
      </trkpt>
      <trkpt lat="53.161222" lon="13.057417">
        <ele>97.5</ele>
      </trkpt>
      <trkpt lat="53.162062" lon="13.056187">
        <ele>94.25</ele>
      </trkpt>
      <trkpt lat="53.162322" lon="13.055795">
        <ele>93</ele>
      </trkpt>
      <trkpt lat="53.162706" lon="13.05529">
        <ele>91</ele>
      </trkpt>
      <trkpt lat="53.163258" lon="13.054905">
        <ele>87.5</ele>
      </trkpt>
      <trkpt lat="53.163405" lon="13.054742">
        <ele>87.5</ele>
      </trkpt>
      <trkpt lat="53.163659" lon="13.054119">
        <ele>88.75</ele>
      </trkpt>
      <trkpt lat="53.164024" lon="13.053553">
        <ele>89.75</ele>
      </trkpt>
      <trkpt lat="53.164151" lon="13.053357">
        <ele>89.75</ele>
      </trkpt>
      <trkpt lat="53.16479" lon="13.052364">
        <ele>90.25</ele>
      </trkpt>
      <trkpt lat="53.164953" lon="13.052241">
        <ele>90.75</ele>
      </trkpt>
      <trkpt lat="53.165103" lon="13.05217">
        <ele>89.75</ele>
      </trkpt>
      <trkpt lat="53.165707" lon="13.05192">
        <ele>83.5</ele>
      </trkpt>
      <trkpt lat="53.166536" lon="13.051527">
        <ele>80</ele>
      </trkpt>
      <trkpt lat="53.166771" lon="13.05148">
        <ele>80.25</ele>
      </trkpt>
      <trkpt lat="53.166998" lon="13.051469">
        <ele>81.75</ele>
      </trkpt>
      <trkpt lat="53.1672" lon="13.05152">
        <ele>83</ele>
      </trkpt>
      <trkpt lat="53.167943" lon="13.051768">
        <ele>90.25</ele>
      </trkpt>
      <trkpt lat="53.168424" lon="13.051901">
        <ele>94.75</ele>
      </trkpt>
      <trkpt lat="53.168718" lon="13.051982">
        <ele>96.5</ele>
      </trkpt>
      <trkpt lat="53.168991" lon="13.052024">
        <ele>98</ele>
      </trkpt>
      <trkpt lat="53.169607" lon="13.052224">
        <ele>97</ele>
      </trkpt>
      <trkpt lat="53.169976" lon="13.052314">
        <ele>95.5</ele>
      </trkpt>
      <trkpt lat="53.170383" lon="13.052451">
        <ele>94.25</ele>
      </trkpt>
      <trkpt lat="53.170955" lon="13.052442">
        <ele>92.5</ele>
      </trkpt>
      <trkpt lat="53.171171" lon="13.052412">
        <ele>92</ele>
      </trkpt>
      <trkpt lat="53.17158" lon="13.052284">
        <ele>90.75</ele>
      </trkpt>
      <trkpt lat="53.172061" lon="13.052067">
        <ele>89.75</ele>
      </trkpt>
      <trkpt lat="53.173056" lon="13.051726">
        <ele>90</ele>
      </trkpt>
      <trkpt lat="53.173859" lon="13.051632">
        <ele>90.75</ele>
      </trkpt>
      <trkpt lat="53.174244" lon="13.051645">
        <ele>90.25</ele>
      </trkpt>
      <trkpt lat="53.174715" lon="13.051797">
        <ele>86.5</ele>
      </trkpt>
      <trkpt lat="53.175526" lon="13.051649">
        <ele>84.25</ele>
      </trkpt>
      <trkpt lat="53.175991" lon="13.051842">
        <ele>82.25</ele>
      </trkpt>
      <trkpt lat="53.176353" lon="13.052147">
        <ele>79.25</ele>
      </trkpt>
      <trkpt lat="53.17672" lon="13.052605">
        <ele>77.75</ele>
      </trkpt>
      <trkpt lat="53.176999" lon="13.053158">
        <ele>77</ele>
      </trkpt>
      <trkpt lat="53.177035" lon="13.053255">
        <ele>77</ele>
      </trkpt>
      <trkpt lat="53.177103" lon="13.053469">
        <ele>77</ele>
      </trkpt>
      <trkpt lat="53.177263" lon="13.053682">
        <ele>76</ele>
      </trkpt>
      <trkpt lat="53.177611" lon="13.053983">
        <ele>75</ele>
      </trkpt>
      <trkpt lat="53.177834" lon="13.054122">
        <ele>75</ele>
      </trkpt>
      <trkpt lat="53.178473" lon="13.054447">
        <ele>76.25</ele>
      </trkpt>
      <trkpt lat="53.178598" lon="13.054559">
        <ele>77.25</ele>
      </trkpt>
      <trkpt lat="53.178717" lon="13.054697">
        <ele>78.5</ele>
      </trkpt>
      <trkpt lat="53.178832" lon="13.054934">
        <ele>80</ele>
      </trkpt>
      <trkpt lat="53.1789" lon="13.055039">
        <ele>80.25</ele>
      </trkpt>
      <trkpt lat="53.179063" lon="13.055195">
        <ele>79.25</ele>
      </trkpt>
      <trkpt lat="53.179161" lon="13.055209">
        <ele>79</ele>
      </trkpt>
      <trkpt lat="53.17923" lon="13.055219">
        <ele>79.25</ele>
      </trkpt>
      <trkpt lat="53.179372" lon="13.055233">
        <ele>80.5</ele>
      </trkpt>
      <trkpt lat="53.180072" lon="13.055426">
        <ele>86</ele>
      </trkpt>
      <trkpt lat="53.180662" lon="13.055613">
        <ele>86.75</ele>
      </trkpt>
      <trkpt lat="53.181427" lon="13.055737">
        <ele>87.75</ele>
      </trkpt>
      <trkpt lat="53.181849" lon="13.055737">
        <ele>88.75</ele>
      </trkpt>
      <trkpt lat="53.18198" lon="13.055749">
        <ele>89</ele>
      </trkpt>
      <trkpt lat="53.183641" lon="13.055775">
        <ele>92.5</ele>
      </trkpt>
      <trkpt lat="53.18416" lon="13.055754">
        <ele>92</ele>
      </trkpt>
      <trkpt lat="53.185893" lon="13.055703">
        <ele>88.75</ele>
      </trkpt>
      <trkpt lat="53.186555" lon="13.055683">
        <ele>89</ele>
      </trkpt>
      <trkpt lat="53.187244" lon="13.055663">
        <ele>92.25</ele>
      </trkpt>
      <trkpt lat="53.18752" lon="13.055654">
        <ele>94</ele>
      </trkpt>
      <trkpt lat="53.18782" lon="13.055752">
        <ele>95.75</ele>
      </trkpt>
      <trkpt lat="53.189236" lon="13.056363">
        <ele>99.25</ele>
      </trkpt>
      <trkpt lat="53.189641" lon="13.056555">
        <ele>96</ele>
      </trkpt>
      <trkpt lat="53.190417" lon="13.056847">
        <ele>91.25</ele>
      </trkpt>
      <trkpt lat="53.190841" lon="13.056911">
        <ele>90.25</ele>
      </trkpt>
      <trkpt lat="53.191124" lon="13.056952">
        <ele>91.5</ele>
      </trkpt>
      <trkpt lat="53.192085" lon="13.057029">
        <ele>93.5</ele>
      </trkpt>
      <trkpt lat="53.19292" lon="13.057083">
        <ele>92</ele>
      </trkpt>
      <trkpt lat="53.193197" lon="13.057092">
        <ele>91.75</ele>
      </trkpt>
      <trkpt lat="53.193193" lon="13.057149">
        <ele>91.75</ele>
      </trkpt>
      <trkpt lat="53.192965" lon="13.060289">
        <ele>94.5</ele>
      </trkpt>
      <trkpt lat="53.192876" lon="13.061064">
        <ele>92</ele>
      </trkpt>
      <trkpt lat="53.1928" lon="13.061404">
        <ele>90.75</ele>
      </trkpt>
      <trkpt lat="53.192433" lon="13.063139">
        <ele>84.25</ele>
      </trkpt>
      <trkpt lat="53.192334" lon="13.063677">
        <ele>83.75</ele>
      </trkpt>
      <trkpt lat="53.19228" lon="13.064197">
        <ele>84.5</ele>
      </trkpt>
      <trkpt lat="53.192299" lon="13.065093">
        <ele>84.75</ele>
      </trkpt>
      <trkpt lat="53.192254" lon="13.065432">
        <ele>85.25</ele>
      </trkpt>
      <trkpt lat="53.191748" lon="13.066548">
        <ele>86.25</ele>
      </trkpt>
      <trkpt lat="53.191557" lon="13.066963">
        <ele>85.75</ele>
      </trkpt>
      <trkpt lat="53.190735" lon="13.068736">
        <ele>78</ele>
      </trkpt>
      <trkpt lat="53.190459" lon="13.069714">
        <ele>72.75</ele>
      </trkpt>
      <trkpt lat="53.190216" lon="13.070714">
        <ele>70.75</ele>
      </trkpt>
      <trkpt lat="53.190017" lon="13.071451">
        <ele>71.5</ele>
      </trkpt>
      <trkpt lat="53.189596" lon="13.072869">
        <ele>72.75</ele>
      </trkpt>
      <trkpt lat="53.189252" lon="13.074029">
        <ele>74.5</ele>
      </trkpt>
      <trkpt lat="53.188953" lon="13.074754">
        <ele>75</ele>
      </trkpt>
      <trkpt lat="53.188679" lon="13.075255">
        <ele>76.5</ele>
      </trkpt>
      <trkpt lat="53.188236" lon="13.076273">
        <ele>73</ele>
      </trkpt>
      <trkpt lat="53.188061" lon="13.076862">
        <ele>70</ele>
      </trkpt>
      <trkpt lat="53.187996" lon="13.077326">
        <ele>68.5</ele>
      </trkpt>
      <trkpt lat="53.187873" lon="13.077915">
        <ele>68.25</ele>
      </trkpt>
      <trkpt lat="53.187833" lon="13.07829">
        <ele>68.25</ele>
      </trkpt>
      <trkpt lat="53.187826" lon="13.078675">
        <ele>68</ele>
      </trkpt>
      <trkpt lat="53.187843" lon="13.079288">
        <ele>67</ele>
      </trkpt>
      <trkpt lat="53.187854" lon="13.080239">
        <ele>66</ele>
      </trkpt>
      <trkpt lat="53.187884" lon="13.081322">
        <ele>66.25</ele>
      </trkpt>
      <trkpt lat="53.187882" lon="13.081712">
        <ele>66.25</ele>
      </trkpt>
      <trkpt lat="53.187851" lon="13.082477">
        <ele>67.75</ele>
      </trkpt>
      <trkpt lat="53.18762" lon="13.085094">
        <ele>75.75</ele>
      </trkpt>
      <trkpt lat="53.187576" lon="13.08568">
        <ele>75.5</ele>
      </trkpt>
      <trkpt lat="53.18755" lon="13.085937">
        <ele>75.25</ele>
      </trkpt>
      <trkpt lat="53.187416" lon="13.087229">
        <ele>71.25</ele>
      </trkpt>
      <trkpt lat="53.187329" lon="13.08773">
        <ele>69</ele>
      </trkpt>
      <trkpt lat="53.187183" lon="13.088218">
        <ele>67.25</ele>
      </trkpt>
      <trkpt lat="53.187032" lon="13.08799">
        <ele>69.75</ele>
      </trkpt>
    </trkseg>
  </trk>
  <trk>
    <name>KP32-KP77</name>
    <trkseg>
      <trkpt lat="52.99935240" lon="12.64733500" />
      <trkpt lat="52.99971080" lon="12.64729620" />
      <trkpt lat="52.99989400" lon="12.64727660" />
      <trkpt lat="53.00000140" lon="12.64726510" />
      <trkpt lat="53.00066780" lon="12.64719380" />
      <trkpt lat="53.00113960" lon="12.64722530" />
      <trkpt lat="53.00141990" lon="12.64728180" />
      <trkpt lat="53.00197720" lon="12.64739420" />
      <trkpt lat="53.00439570" lon="12.64788200" />
      <trkpt lat="53.00503000" lon="12.64790500" />
      <trkpt lat="53.00549600" lon="12.64778460" />
      <trkpt lat="53.00765450" lon="12.64701020" />
      <trkpt lat="53.00824080" lon="12.64693630" />
      <trkpt lat="53.00845400" lon="12.64695330" />
      <trkpt lat="53.00903630" lon="12.64699960" />
      <trkpt lat="53.00959930" lon="12.64704680" />
      <trkpt lat="53.00980340" lon="12.64706390" />
      <trkpt lat="53.01076570" lon="12.64714460" />
      <trkpt lat="53.01147920" lon="12.64719880" />
      <trkpt lat="53.01181970" lon="12.64759240" />
      <trkpt lat="53.01197710" lon="12.64777520" />
      <trkpt lat="53.01265510" lon="12.64857040" />
      <trkpt lat="53.01289620" lon="12.64884480" />
      <trkpt lat="53.01303720" lon="12.64905320" />
      <trkpt lat="53.01310450" lon="12.64924640" />
      <trkpt lat="53.01312640" lon="12.64936670" />
      <trkpt lat="53.01308830" lon="12.64978280" />
      <trkpt lat="53.01297700" lon="12.65069400" />
      <trkpt lat="53.01298840" lon="12.65110980" />
      <trkpt lat="53.01366760" lon="12.65273650" />
      <trkpt lat="53.01409150" lon="12.65369210" />
      <trkpt lat="53.01412540" lon="12.65394370" />
      <trkpt lat="53.01408700" lon="12.65417700" />
      <trkpt lat="53.01374240" lon="12.65531660" />
      <trkpt lat="53.01337170" lon="12.65643810" />
      <trkpt lat="53.01300660" lon="12.65730680" />
      <trkpt lat="53.01293400" lon="12.65749450" />
      <trkpt lat="53.01286800" lon="12.65769680" />
      <trkpt lat="53.01281540" lon="12.65797600" />
      <trkpt lat="53.01279200" lon="12.65826430" />
      <trkpt lat="53.01278410" lon="12.65932290" />
      <trkpt lat="53.01286290" lon="12.66394390" />
      <trkpt lat="53.01286510" lon="12.66448730" />
      <trkpt lat="53.01292020" lon="12.66548730" />
      <trkpt lat="53.01299240" lon="12.66679510" />
      <trkpt lat="53.01315070" lon="12.66966600" />
      <trkpt lat="53.01321630" lon="12.67085590" />
      <trkpt lat="53.01329220" lon="12.67245480" />
      <trkpt lat="53.01330920" lon="12.67281290" />
      <trkpt lat="53.01319350" lon="12.67552850" />
      <trkpt lat="53.01317170" lon="12.67604000" />
      <trkpt lat="53.01339610" lon="12.67848190" />
      <trkpt lat="53.01349450" lon="12.68124940" />
      <trkpt lat="53.01351180" lon="12.68173630" />
      <trkpt lat="53.01343270" lon="12.68285520" />
      <trkpt lat="53.01327550" lon="12.68449500" />
      <trkpt lat="53.01317310" lon="12.68556350" />
      <trkpt lat="53.01288810" lon="12.68726100" />
      <trkpt lat="53.01273500" lon="12.68954190" />
      <trkpt lat="53.01261650" lon="12.69138560" />
      <trkpt lat="53.01256560" lon="12.69248530" />
      <trkpt lat="53.01260690" lon="12.69334360" />
      <trkpt lat="53.01287050" lon="12.69452650" />
      <trkpt lat="53.01248680" lon="12.69899990" />
      <trkpt lat="53.01242260" lon="12.69977990" />
      <trkpt lat="53.01246660" lon="12.70022050" />
      <trkpt lat="53.01252260" lon="12.70033270" />
      <trkpt lat="53.01259390" lon="12.70047570" />
      <trkpt lat="53.01267130" lon="12.70070070" />
      <trkpt lat="53.01268300" lon="12.70093940" />
      <trkpt lat="53.01266360" lon="12.70175470" />
      <trkpt lat="53.01265100" lon="12.70228670" />
      <trkpt lat="53.01262220" lon="12.70349620" />
      <trkpt lat="53.01251300" lon="12.70721510" />
      <trkpt lat="53.01250020" lon="12.70765040" />
      <trkpt lat="53.01232080" lon="12.71445850" />
      <trkpt lat="53.01235070" lon="12.71475370" />
      <trkpt lat="53.01244730" lon="12.71519680" />
      <trkpt lat="53.01265170" lon="12.71608320" />
      <trkpt lat="53.01332980" lon="12.71908100" />
      <trkpt lat="53.01364360" lon="12.72048750" />
      <trkpt lat="53.01385270" lon="12.72142470" />
      <trkpt lat="53.01397460" lon="12.72197120" />
      <trkpt lat="53.01463590" lon="12.72499510" />
      <trkpt lat="53.01584960" lon="12.73058980" />
      <trkpt lat="53.01632280" lon="12.73277100" />
      <trkpt lat="53.01646120" lon="12.73337030" />
      <trkpt lat="53.01656450" lon="12.73372610" />
      <trkpt lat="53.01670300" lon="12.73404290" />
      <trkpt lat="53.01680590" lon="12.73420970" />
      <trkpt lat="53.01691510" lon="12.73432210" />
      <trkpt lat="53.01704420" lon="12.73441040" />
      <trkpt lat="53.01717610" lon="12.73447540" />
      <trkpt lat="53.01734860" lon="12.73452870" />
      <trkpt lat="53.01769290" lon="12.73461280" />
      <trkpt lat="53.01800690" lon="12.73470460" />
      <trkpt lat="53.01815780" lon="12.73481290" />
      <trkpt lat="53.01832660" lon="12.73499860" />
      <trkpt lat="53.01848710" lon="12.73531770" />
      <trkpt lat="53.02001020" lon="12.73780680" />
    </trkseg>
  </trk>
  <trk>
    <name>KP33-KP36 (2)</name>
    <trkseg>
      <trkpt lat="52.86995910" lon="12.74336470" />
      <trkpt lat="52.87023060" lon="12.74313140" />
      <trkpt lat="52.87058440" lon="12.74294700" />
      <trkpt lat="52.87102580" lon="12.74271700" />
      <trkpt lat="52.87119710" lon="12.74262580" />
      <trkpt lat="52.87121570" lon="12.74261590" />
      <trkpt lat="52.87154800" lon="12.74243910" />
      <trkpt lat="52.87162970" lon="12.74239560" />
      <trkpt lat="52.87357710" lon="12.74137180" />
      <trkpt lat="52.87333390" lon="12.74042590" />
      <trkpt lat="52.87296410" lon="12.73907450" />
      <trkpt lat="52.87275700" lon="12.73847550" />
      <trkpt lat="52.87014070" lon="12.73178070" />
      <trkpt lat="52.86848280" lon="12.72778960" />
      <trkpt lat="52.86794400" lon="12.72613200" />
      <trkpt lat="52.86793880" lon="12.72611590" />
      <trkpt lat="52.86774380" lon="12.72459240" />
      <trkpt lat="52.86749770" lon="12.72195420" />
      <trkpt lat="52.86679451" lon="12.71497408" />
      <trkpt lat="52.86529140" lon="12.70345460" />
      <trkpt lat="52.86560790" lon="12.70255310" />
      <trkpt lat="52.86819810" lon="12.69541730" />
      <trkpt lat="52.86902320" lon="12.69314430" />
      <trkpt lat="52.86923370" lon="12.69237700" />
      <trkpt lat="52.87063240" lon="12.68706330" />
      <trkpt lat="52.87057460" lon="12.68683030" />
      <trkpt lat="52.87067000" lon="12.68678620" />
      <trkpt lat="52.87092230" lon="12.68622050" />
      <trkpt lat="52.87122330" lon="12.68533930" />
      <trkpt lat="52.87129170" lon="12.68511250" />
      <trkpt lat="52.87240140" lon="12.68258200" />
      <trkpt lat="52.87309080" lon="12.68107870" />
      <trkpt lat="52.87349090" lon="12.68015030" />
      <trkpt lat="52.87372290" lon="12.67965630" />
      <trkpt lat="52.87417220" lon="12.67880400" />
      <trkpt lat="52.87507630" lon="12.67611620" />
      <trkpt lat="52.87541500" lon="12.67514830" />
      <trkpt lat="52.87544230" lon="12.67506380" />
      <trkpt lat="52.87570140" lon="12.67425970" />
      <trkpt lat="52.87575180" lon="12.67410350" />
      <trkpt lat="52.87598750" lon="12.67337240" />
      <trkpt lat="52.87611870" lon="12.67296530" />
      <trkpt lat="52.87742390" lon="12.66907750" />
      <trkpt lat="52.87977610" lon="12.66196800" />
      <trkpt lat="52.87980800" lon="12.66187150" />
      <trkpt lat="52.88171800" lon="12.65708640" />
      <trkpt lat="52.88370610" lon="12.65367900" />
      <trkpt lat="52.88381010" lon="12.65350680" />
      <trkpt lat="52.88403240" lon="12.65318420" />
      <trkpt lat="52.88485460" lon="12.65183510" />
      <trkpt lat="52.88564450" lon="12.65056640" />
      <trkpt lat="52.88585810" lon="12.65022040" />
      <trkpt lat="52.88595840" lon="12.65003530" />
      <trkpt lat="52.88608470" lon="12.64978050" />
      <trkpt lat="52.88615270" lon="12.64960620" />
      <trkpt lat="52.88622710" lon="12.64950160" />
      <trkpt lat="52.88628860" lon="12.64938890" />
      <trkpt lat="52.88632420" lon="12.64927890" />
      <trkpt lat="52.88636310" lon="12.64909120" />
      <trkpt lat="52.88642290" lon="12.64866740" />
      <trkpt lat="52.88660910" lon="12.64766690" />
      <trkpt lat="52.88677740" lon="12.64660210" />
      <trkpt lat="52.88687100" lon="12.64608050" />
      <trkpt lat="52.88695450" lon="12.64567140" />
      <trkpt lat="52.88708330" lon="12.64535220" />
      <trkpt lat="52.88725640" lon="12.64490290" />
      <trkpt lat="52.88739480" lon="12.64454080" />
      <trkpt lat="52.88752830" lon="12.64414920" />
      <trkpt lat="52.88761570" lon="12.64385280" />
      <trkpt lat="52.88771720" lon="12.64346760" />
      <trkpt lat="52.88773040" lon="12.64341770" />
    </trkseg>
  </trk>
  <trk>
    <name>KP33-KP36</name>
    <trkseg>
      <trkpt lat="52.72799920" lon="13.01780070" />
      <trkpt lat="52.72811960" lon="13.01783610" />
      <trkpt lat="52.72830460" lon="13.01785330" />
      <trkpt lat="52.72916250" lon="13.01793300" />
      <trkpt lat="52.72927550" lon="13.01795650" />
      <trkpt lat="52.73001940" lon="13.01841750" />
      <trkpt lat="52.73059580" lon="13.01876630" />
      <trkpt lat="52.73086910" lon="13.01891780" />
      <trkpt lat="52.73122460" lon="13.01912860" />
      <trkpt lat="52.73136790" lon="13.01922110" />
      <trkpt lat="52.73264330" lon="13.02002070" />
      <trkpt lat="52.73265000" lon="13.01996270" />
      <trkpt lat="52.73388630" lon="13.02078950" />
      <trkpt lat="52.73427050" lon="13.02104650" />
      <trkpt lat="52.73442240" lon="13.02107600" />
      <trkpt lat="52.74035730" lon="13.02172720" />
      <trkpt lat="52.74295460" lon="13.02321640" />
      <trkpt lat="52.74357430" lon="13.02383030" />
      <trkpt lat="52.74522840" lon="13.02557470" />
      <trkpt lat="52.74537440" lon="13.02572490" />
      <trkpt lat="52.74575910" lon="13.02613660" />
      <trkpt lat="52.74606520" lon="13.02646720" />
      <trkpt lat="52.74637040" lon="13.02676050" />
      <trkpt lat="52.74666950" lon="13.02704230" />
      <trkpt lat="52.74686960" lon="13.02719150" />
      <trkpt lat="52.74720290" lon="13.02745390" />
      <trkpt lat="52.74748950" lon="13.02765330" />
      <trkpt lat="52.74755440" lon="13.02774160" />
      <trkpt lat="52.74805330" lon="13.02807760" />
      <trkpt lat="52.75447270" lon="13.03274380" />
      <trkpt lat="52.75463630" lon="13.03285590" />
      <trkpt lat="52.75495190" lon="13.03307890" />
      <trkpt lat="52.75587310" lon="13.03314530" />
      <trkpt lat="52.75613090" lon="13.03315810" />
      <trkpt lat="52.75619620" lon="13.03316230" />
      <trkpt lat="52.75662630" lon="13.03321930" />
    </trkseg>
  </trk>
  <trk>
    <name>KP37-KP38 (2)</name>
    <trkseg>
      <trkpt lat="52.78373030" lon="13.10203170" />
      <trkpt lat="52.78334130" lon="13.10133500" />
      <trkpt lat="52.78301090" lon="13.10071700" />
      <trkpt lat="52.78268900" lon="13.10012390" />
      <trkpt lat="52.78261730" lon="13.09992500" />
      <trkpt lat="52.78250860" lon="13.09951750" />
      <trkpt lat="52.78159850" lon="13.09532370" />
      <trkpt lat="52.78115080" lon="13.09338150" />
      <trkpt lat="52.78030840" lon="13.08972680" />
      <trkpt lat="52.77984230" lon="13.08768090" />
      <trkpt lat="52.77977840" lon="13.08746030" />
      <trkpt lat="52.77935280" lon="13.08662270" />
      <trkpt lat="52.77915500" lon="13.08623360" />
      <trkpt lat="52.77898290" lon="13.08623220" />
      <trkpt lat="52.77888610" lon="13.08602460" />
      <trkpt lat="52.77670070" lon="13.08616850" />
      <trkpt lat="52.77608660" lon="13.08682910" />
      <trkpt lat="52.77553840" lon="13.08718980" />
      <trkpt lat="52.77519660" lon="13.08731460" />
      <trkpt lat="52.77494130" lon="13.08718100" />
      <trkpt lat="52.77468910" lon="13.08665150" />
      <trkpt lat="52.77467830" lon="13.08613350" />
      <trkpt lat="52.77467710" lon="13.08294030" />
      <trkpt lat="52.77468480" lon="13.08195680" />
      <trkpt lat="52.77466530" lon="13.08100730" />
      <trkpt lat="52.77458100" lon="13.07898080" />
      <trkpt lat="52.77462180" lon="13.07826750" />
      <trkpt lat="52.77470970" lon="13.07673310" />
      <trkpt lat="52.77472520" lon="13.07571790" />
      <trkpt lat="52.77518500" lon="13.07271410" />
      <trkpt lat="52.77519480" lon="13.07218820" />
      <trkpt lat="52.77462890" lon="13.06774110" />
      <trkpt lat="52.77432250" lon="13.06531650" />
      <trkpt lat="52.77415690" lon="13.06380330" />
      <trkpt lat="52.77404110" lon="13.06309060" />
      <trkpt lat="52.77394020" lon="13.06265280" />
      <trkpt lat="52.77273690" lon="13.06032800" />
      <trkpt lat="52.77250400" lon="13.05991720" />
      <trkpt lat="52.77225270" lon="13.05954120" />
      <trkpt lat="52.77177090" lon="13.05899400" />
      <trkpt lat="52.77142940" lon="13.05842230" />
      <trkpt lat="52.77120800" lon="13.05788100" />
      <trkpt lat="52.77112780" lon="13.05759260" />
      <trkpt lat="52.77111820" lon="13.05753140" />
      <trkpt lat="52.77110450" lon="13.05724940" />
      <trkpt lat="52.77114030" lon="13.05598220" />
      <trkpt lat="52.77118770" lon="13.05321720" />
      <trkpt lat="52.77119140" lon="13.05261700" />
      <trkpt lat="52.77120500" lon="13.05197470" />
      <trkpt lat="52.77121710" lon="13.05170110" />
      <trkpt lat="52.77123280" lon="13.05087450" />
      <trkpt lat="52.77122920" lon="13.05015440" />
      <trkpt lat="52.77122480" lon="13.04979090" />
      <trkpt lat="52.77115330" lon="13.04757380" />
      <trkpt lat="52.77115220" lon="13.04739760" />
      <trkpt lat="52.77113600" lon="13.04667770" />
      <trkpt lat="52.77116980" lon="13.04647990" />
    </trkseg>
  </trk>
  <trk>
    <name>KP37-KP77</name>
    <trkseg>
      <trkpt lat="52.90577680" lon="13.52924160" />
      <trkpt lat="52.90574470" lon="13.52919110" />
      <trkpt lat="52.90554680" lon="13.52887310" />
      <trkpt lat="52.90536320" lon="13.52855460" />
      <trkpt lat="52.90526550" lon="13.52838450" />
      <trkpt lat="52.90515980" lon="13.52819420" />
      <trkpt lat="52.90507330" lon="13.52803850" />
      <trkpt lat="52.90493760" lon="13.52782070" />
      <trkpt lat="52.90458000" lon="13.52729140" />
      <trkpt lat="52.90434220" lon="13.52693950" />
      <trkpt lat="52.90427550" lon="13.52684170" />
      <trkpt lat="52.90397650" lon="13.52640370" />
      <trkpt lat="52.90396100" lon="13.52638100" />
      <trkpt lat="52.90368120" lon="13.52598230" />
      <trkpt lat="52.90352300" lon="13.52577190" />
      <trkpt lat="52.90347740" lon="13.52571360" />
      <trkpt lat="52.90335520" lon="13.52555750" />
      <trkpt lat="52.90334380" lon="13.52554470" />
      <trkpt lat="52.90319320" lon="13.52537520" />
      <trkpt lat="52.90299080" lon="13.52518270" />
      <trkpt lat="52.90296630" lon="13.52515900" />
      <trkpt lat="52.90294660" lon="13.52514010" />
      <trkpt lat="52.90287540" lon="13.52502580" />
      <trkpt lat="52.90280560" lon="13.52488370" />
      <trkpt lat="52.90276350" lon="13.52477100" />
      <trkpt lat="52.90272630" lon="13.52463690" />
      <trkpt lat="52.90270850" lon="13.52455150" />
      <trkpt lat="52.90265350" lon="13.52418100" />
      <trkpt lat="52.90262150" lon="13.52392790" />
      <trkpt lat="52.90268320" lon="13.52384540" />
      <trkpt lat="52.90279750" lon="13.52365790" />
      <trkpt lat="52.90285590" lon="13.52355680" />
      <trkpt lat="52.90332050" lon="13.52279530" />
      <trkpt lat="52.90364790" lon="13.52225210" />
      <trkpt lat="52.90381050" lon="13.52193180" />
      <trkpt lat="52.90388300" lon="13.52174940" />
      <trkpt lat="52.90394130" lon="13.52153700" />
      <trkpt lat="52.90398610" lon="13.52127930" />
      <trkpt lat="52.90403200" lon="13.52096580" />
      <trkpt lat="52.90403970" lon="13.52080950" />
      <trkpt lat="52.90401600" lon="13.52031840" />
      <trkpt lat="52.90426800" lon="13.51636910" />
      <trkpt lat="52.90429830" lon="13.51596640" />
      <trkpt lat="52.90434330" lon="13.51560590" />
      <trkpt lat="52.90447610" lon="13.51512330" />
      <trkpt lat="52.90468240" lon="13.51418860" />
      <trkpt lat="52.90486510" lon="13.51339840" />
      <trkpt lat="52.90490450" lon="13.51318440" />
      <trkpt lat="52.90493620" lon="13.51233330" />
      <trkpt lat="52.90494260" lon="13.51106610" />
      <trkpt lat="52.90494780" lon="13.51027090" />
      <trkpt lat="52.90495880" lon="13.50959110" />
      <trkpt lat="52.90494070" lon="13.50918410" />
      <trkpt lat="52.90497880" lon="13.50866990" />
      <trkpt lat="52.90500300" lon="13.50845790" />
      <trkpt lat="52.90508730" lon="13.50809310" />
      <trkpt lat="52.90518290" lon="13.50735880" />
      <trkpt lat="52.90523530" lon="13.50685140" />
      <trkpt lat="52.90570080" lon="13.50330370" />
      <trkpt lat="52.90579120" lon="13.50250180" />
      <trkpt lat="52.90583790" lon="13.50199550" />
      <trkpt lat="52.90598290" lon="13.50113970" />
      <trkpt lat="52.90609020" lon="13.50041090" />
      <trkpt lat="52.90613920" lon="13.49992090" />
      <trkpt lat="52.90610680" lon="13.49904790" />
      <trkpt lat="52.90605270" lon="13.49832500" />
      <trkpt lat="52.90551830" lon="13.49495030" />
      <trkpt lat="52.90552200" lon="13.49449300" />
      <trkpt lat="52.90556360" lon="13.49406520" />
      <trkpt lat="52.90582250" lon="13.49183370" />
      <trkpt lat="52.90583020" lon="13.49153030" />
      <trkpt lat="52.90584950" lon="13.49092230" />
      <trkpt lat="52.90583330" lon="13.48944230" />
      <trkpt lat="52.90582300" lon="13.48782030" />
      <trkpt lat="52.90581570" lon="13.48727520" />
      <trkpt lat="52.90578170" lon="13.48679050" />
      <trkpt lat="52.90576200" lon="13.48655560" />
      <trkpt lat="52.90574480" lon="13.48466490" />
      <trkpt lat="52.90577440" lon="13.48431040" />
      <trkpt lat="52.90610990" lon="13.48213340" />
      <trkpt lat="52.90633920" lon="13.48116660" />
      <trkpt lat="52.90653650" lon="13.48026180" />
      <trkpt lat="52.90657940" lon="13.47995720" />
      <trkpt lat="52.90680070" lon="13.47892090" />
      <trkpt lat="52.90686140" lon="13.47842960" />
      <trkpt lat="52.90716850" lon="13.47676040" />
      <trkpt lat="52.90727070" lon="13.47632200" />
      <trkpt lat="52.90735470" lon="13.47574850" />
      <trkpt lat="52.90772450" lon="13.47375990" />
      <trkpt lat="52.90786150" lon="13.47265700" />
      <trkpt lat="52.90800150" lon="13.47194450" />
      <trkpt lat="52.90816890" lon="13.47112860" />
      <trkpt lat="52.90833910" lon="13.47038530" />
      <trkpt lat="52.90855600" lon="13.46951640" />
      <trkpt lat="52.90869550" lon="13.46877510" />
      <trkpt lat="52.90911770" lon="13.46692090" />
      <trkpt lat="52.90924860" lon="13.46600120" />
      <trkpt lat="52.90934760" lon="13.46552540" />
      <trkpt lat="52.90940310" lon="13.46503650" />
      <trkpt lat="52.90954220" lon="13.46425710" />
      <trkpt lat="52.90960340" lon="13.46382810" />
      <trkpt lat="52.90965100" lon="13.46321510" />
      <trkpt lat="52.90974970" lon="13.46078870" />
    </trkseg>
  </trk>
  <trk>
    <name>KP37-KP98</name>
    <trkseg>
      <trkpt lat="52.90577680" lon="13.52924160" />
      <trkpt lat="52.90596010" lon="13.52953700" />
      <trkpt lat="52.90609730" lon="13.52975730" />
      <trkpt lat="52.90621420" lon="13.52994500" />
      <trkpt lat="52.90631636" lon="13.53011868" />
      <trkpt lat="52.90644220" lon="13.53033260" />
      <trkpt lat="52.90655550" lon="13.53053390" />
      <trkpt lat="52.90659080" lon="13.53059900" />
      <trkpt lat="52.90683100" lon="13.53108670" />
      <trkpt lat="52.90688260" lon="13.53121010" />
      <trkpt lat="52.90697290" lon="13.53106630" />
      <trkpt lat="52.90719780" lon="13.53064880" />
      <trkpt lat="52.90730350" lon="13.53046860" />
      <trkpt lat="52.90775400" lon="13.52970060" />
      <trkpt lat="52.90778280" lon="13.52964560" />
      <trkpt lat="52.90784560" lon="13.52957730" />
      <trkpt lat="52.90792780" lon="13.52950620" />
      <trkpt lat="52.90800450" lon="13.52946350" />
      <trkpt lat="52.90828680" lon="13.52934060" />
      <trkpt lat="52.90834250" lon="13.52931640" />
      <trkpt lat="52.90880170" lon="13.52910570" />
      <trkpt lat="52.90915280" lon="13.52896310" />
      <trkpt lat="52.90919070" lon="13.52894610" />
      <trkpt lat="52.90927250" lon="13.52890720" />
      <trkpt lat="52.90956040" lon="13.52877020" />
      <trkpt lat="52.90966040" lon="13.52872570" />
      <trkpt lat="52.90998770" lon="13.52858010" />
      <trkpt lat="52.91015130" lon="13.52850740" />
      <trkpt lat="52.91168970" lon="13.52782310" />
      <trkpt lat="52.91223800" lon="13.52756140" />
      <trkpt lat="52.91248940" lon="13.52744500" />
      <trkpt lat="52.91276670" lon="13.52731570" />
      <trkpt lat="52.91287600" lon="13.52726480" />
      <trkpt lat="52.91306190" lon="13.52717810" />
      <trkpt lat="52.91336950" lon="13.52703470" />
      <trkpt lat="52.91354570" lon="13.52695260" />
      <trkpt lat="52.91370820" lon="13.52687690" />
      <trkpt lat="52.91410360" lon="13.52669260" />
      <trkpt lat="52.91427340" lon="13.52661340" />
      <trkpt lat="52.91442750" lon="13.52640500" />
      <trkpt lat="52.91470110" lon="13.52603520" />
      <trkpt lat="52.91496670" lon="13.52556410" />
      <trkpt lat="52.91502360" lon="13.52546300" />
      <trkpt lat="52.91506450" lon="13.52539040" />
      <trkpt lat="52.91527330" lon="13.52500430" />
      <trkpt lat="52.91546890" lon="13.52464350" />
      <trkpt lat="52.91547341" lon="13.52463549" />
      <trkpt lat="52.91557240" lon="13.52445980" />
      <trkpt lat="52.91561400" lon="13.52438610" />
      <trkpt lat="52.91567100" lon="13.52428490" />
      <trkpt lat="52.91580290" lon="13.52405070" />
      <trkpt lat="52.91587100" lon="13.52392990" />
      <trkpt lat="52.91595560" lon="13.52377660" />
      <trkpt lat="52.91610890" lon="13.52349450" />
      <trkpt lat="52.91618680" lon="13.52335320" />
      <trkpt lat="52.91630560" lon="13.52314700" />
      <trkpt lat="52.91644360" lon="13.52290210" />
      <trkpt lat="52.91674280" lon="13.52238440" />
      <trkpt lat="52.91692730" lon="13.52206550" />
      <trkpt lat="52.91696530" lon="13.52199720" />
      <trkpt lat="52.91841350" lon="13.51944840" />
      <trkpt lat="52.91875446" lon="13.51848934" />
      <trkpt lat="52.91956730" lon="13.51620300" />
      <trkpt lat="52.91990710" lon="13.51533040" />
      <trkpt lat="52.92033470" lon="13.51440280" />
      <trkpt lat="52.92138110" lon="13.51199030" />
      <trkpt lat="52.92149060" lon="13.51175550" />
      <trkpt lat="52.92182570" lon="13.51114610" />
      <trkpt lat="52.92244580" lon="13.51027160" />
      <trkpt lat="52.92376560" lon="13.50827070" />
      <trkpt lat="52.92420480" lon="13.50701390" />
      <trkpt lat="52.92578690" lon="13.50246920" />
      <trkpt lat="52.92730790" lon="13.49810110" />
      <trkpt lat="52.92796970" lon="13.49620560" />
      <trkpt lat="52.92857340" lon="13.49471960" />
      <trkpt lat="52.93140320" lon="13.48798070" />
      <trkpt lat="52.93276070" lon="13.48475642" />
      <trkpt lat="52.93281350" lon="13.48463100" />
      <trkpt lat="52.93348000" lon="13.48341940" />
      <trkpt lat="52.93636530" lon="13.47817320" />
      <trkpt lat="52.93679340" lon="13.47739490" />
      <trkpt lat="52.93698780" lon="13.47715380" />
      <trkpt lat="52.94042310" lon="13.47495670" />
      <trkpt lat="52.94163850" lon="13.47421330" />
      <trkpt lat="52.94169100" lon="13.47414660" />
      <trkpt lat="52.94186940" lon="13.47394820" />
      <trkpt lat="52.94194980" lon="13.47381770" />
      <trkpt lat="52.94211180" lon="13.47342590" />
      <trkpt lat="52.94290380" lon="13.47132270" />
      <trkpt lat="52.94302220" lon="13.47099170" />
      <trkpt lat="52.94346640" lon="13.46985430" />
      <trkpt lat="52.94360410" lon="13.46959540" />
      <trkpt lat="52.94376010" lon="13.46939300" />
      <trkpt lat="52.94393340" lon="13.46902020" />
      <trkpt lat="52.94414890" lon="13.46873190" />
      <trkpt lat="52.94429040" lon="13.46813360" />
      <trkpt lat="52.94430970" lon="13.46805180" />
      <trkpt lat="52.94442030" lon="13.46758460" />
      <trkpt lat="52.94474760" lon="13.46620100" />
      <trkpt lat="52.94551170" lon="13.46297130" />
      <trkpt lat="52.94600570" lon="13.46052830" />
      <trkpt lat="52.94614710" lon="13.45977000" />
      <trkpt lat="52.94646080" lon="13.45830470" />
      <trkpt lat="52.94677160" lon="13.45684620" />
      <trkpt lat="52.94708250" lon="13.45531950" />
      <trkpt lat="52.94730990" lon="13.45421570" />
      <trkpt lat="52.94747630" lon="13.45331390" />
      <trkpt lat="52.94755650" lon="13.45279300" />
      <trkpt lat="52.94759830" lon="13.45224300" />
      <trkpt lat="52.94764390" lon="13.44988230" />
      <trkpt lat="52.94776880" lon="13.44837930" />
      <trkpt lat="52.94798920" lon="13.44616870" />
      <trkpt lat="52.94808540" lon="13.44556050" />
      <trkpt lat="52.94853270" lon="13.44348140" />
      <trkpt lat="52.94887200" lon="13.44121440" />
      <trkpt lat="52.94893410" lon="13.44091410" />
      <trkpt lat="52.95036110" lon="13.43724660" />
      <trkpt lat="52.95043160" lon="13.43697900" />
      <trkpt lat="52.95048710" lon="13.43675830" />
      <trkpt lat="52.95052720" lon="13.43664200" />
      <trkpt lat="52.95054960" lon="13.43659100" />
      <trkpt lat="52.95085610" lon="13.43583790" />
      <trkpt lat="52.95084530" lon="13.43541590" />
      <trkpt lat="52.95066130" lon="13.43484240" />
      <trkpt lat="52.95054890" lon="13.43448990" />
      <trkpt lat="52.95019610" lon="13.43380370" />
      <trkpt lat="52.94948190" lon="13.43270000" />
      <trkpt lat="52.94910330" lon="13.43213690" />
      <trkpt lat="52.94904560" lon="13.43185970" />
      <trkpt lat="52.94904960" lon="13.43176310" />
      <trkpt lat="52.94910370" lon="13.43161440" />
      <trkpt lat="52.94918310" lon="13.43144840" />
      <trkpt lat="52.94928710" lon="13.43116230" />
      <trkpt lat="52.94935640" lon="13.43097940" />
      <trkpt lat="52.94943440" lon="13.43077380" />
      <trkpt lat="52.94949840" lon="13.43055620" />
      <trkpt lat="52.94955180" lon="13.43035510" />
      <trkpt lat="52.94962500" lon="13.43016900" />
      <trkpt lat="52.94977290" lon="13.42983430" />
      <trkpt lat="52.95030330" lon="13.42805610" />
      <trkpt lat="52.95064370" lon="13.42700610" />
      <trkpt lat="52.95079860" lon="13.42664340" />
      <trkpt lat="52.95094010" lon="13.42607500" />
      <trkpt lat="52.95084220" lon="13.42399020" />
      <trkpt lat="52.95082500" lon="13.42363230" />
      <trkpt lat="52.95083150" lon="13.42315040" />
    </trkseg>
  </trk>
  <trk>
    <name>KP4-KP11</name>
    <trkseg>
      <trkpt lat="52.87342110" lon="12.83291580" />
      <trkpt lat="52.87662220" lon="12.82922130" />
      <trkpt lat="52.88157930" lon="12.82350910" />
      <trkpt lat="52.88476440" lon="12.81770240" />
      <trkpt lat="52.88584350" lon="12.81582990" />
      <trkpt lat="52.88665810" lon="12.81430870" />
      <trkpt lat="52.88720630" lon="12.81333360" />
      <trkpt lat="52.88758980" lon="12.81266030" />
      <trkpt lat="52.88773820" lon="12.81251260" />
      <trkpt lat="52.88781640" lon="12.81247790" />
      <trkpt lat="52.88789730" lon="12.81248100" />
      <trkpt lat="52.88800970" lon="12.81256030" />
      <trkpt lat="52.88816460" lon="12.81269150" />
      <trkpt lat="52.88846690" lon="12.81292020" />
      <trkpt lat="52.88875690" lon="12.81308010" />
      <trkpt lat="52.88884080" lon="12.81309620" />
      <trkpt lat="52.88891690" lon="12.81307210" />
      <trkpt lat="52.88899700" lon="12.81301570" />
      <trkpt lat="52.88903500" lon="12.81295270" />
      <trkpt lat="52.88906900" lon="12.81287760" />
      <trkpt lat="52.88912200" lon="12.81266120" />
      <trkpt lat="52.88929740" lon="12.81199930" />
      <trkpt lat="52.88965730" lon="12.81064170" />
      <trkpt lat="52.88993910" lon="12.80957840" />
      <trkpt lat="52.89010170" lon="12.80897550" />
      <trkpt lat="52.89049170" lon="12.80752890" />
      <trkpt lat="52.89058000" lon="12.80714020" />
      <trkpt lat="52.89062560" lon="12.80691490" />
      <trkpt lat="52.89088410" lon="12.80598710" />
      <trkpt lat="52.89094630" lon="12.80576400" />
      <trkpt lat="52.89104420" lon="12.80537940" />
      <trkpt lat="52.89115370" lon="12.80500910" />
      <trkpt lat="52.89165320" lon="12.80318210" />
      <trkpt lat="52.89188240" lon="12.80236290" />
      <trkpt lat="52.89196330" lon="12.80207360" />
      <trkpt lat="52.89205310" lon="12.80174910" />
      <trkpt lat="52.89210550" lon="12.80155980" />
      <trkpt lat="52.89216830" lon="12.80134160" />
      <trkpt lat="52.89232200" lon="12.80077000" />
      <trkpt lat="52.89247050" lon="12.80028450" />
      <trkpt lat="52.89248370" lon="12.80022770" />
      <trkpt lat="52.89261500" lon="12.79966240" />
      <trkpt lat="52.89264310" lon="12.79953710" />
    </trkseg>
  </trk>
  <trk>
    <name>KP4-KP5 (2)</name>
    <trkseg>
      <trkpt lat="52.86600100" lon="12.81372810" />
      <trkpt lat="52.86600150" lon="12.81401330" />
      <trkpt lat="52.86605040" lon="12.81420880" />
      <trkpt lat="52.86614350" lon="12.81438600" />
      <trkpt lat="52.86692080" lon="12.81591250" />
      <trkpt lat="52.86728230" lon="12.81651480" />
      <trkpt lat="52.86752750" lon="12.81694620" />
      <trkpt lat="52.86766680" lon="12.81719130" />
      <trkpt lat="52.86784800" lon="12.81758410" />
      <trkpt lat="52.86800770" lon="12.81796070" />
      <trkpt lat="52.86801840" lon="12.81799010" />
      <trkpt lat="52.86876250" lon="12.82003380" />
      <trkpt lat="52.87029170" lon="12.82423370" />
      <trkpt lat="52.87342110" lon="12.83291580" />
    </trkseg>
  </trk>
  <trk>
    <name>KP4-KP5</name>
    <trkseg>
      <trkpt lat="52.87381750" lon="13.22341040" />
      <trkpt lat="52.87378420" lon="13.22346730" />
      <trkpt lat="52.87361880" lon="13.22375010" />
      <trkpt lat="52.87356230" lon="13.22384670" />
      <trkpt lat="52.87353340" lon="13.22389610" />
      <trkpt lat="52.87224220" lon="13.22071720" />
      <trkpt lat="52.87222590" lon="13.22069230" />
      <trkpt lat="52.87209140" lon="13.22051360" />
      <trkpt lat="52.87178920" lon="13.22020190" />
      <trkpt lat="52.87176870" lon="13.22018080" />
      <trkpt lat="52.87143360" lon="13.21990530" />
      <trkpt lat="52.87123390" lon="13.21981350" />
      <trkpt lat="52.87103120" lon="13.21973960" />
      <trkpt lat="52.87060960" lon="13.21963230" />
      <trkpt lat="52.87026940" lon="13.21953200" />
      <trkpt lat="52.87014420" lon="13.21946280" />
      <trkpt lat="52.87001850" lon="13.21936810" />
      <trkpt lat="52.86986120" lon="13.21917660" />
      <trkpt lat="52.86972740" lon="13.21895920" />
      <trkpt lat="52.86953120" lon="13.21851170" />
      <trkpt lat="52.86924730" lon="13.21781680" />
      <trkpt lat="52.86909850" lon="13.21741350" />
      <trkpt lat="52.86906390" lon="13.21727490" />
      <trkpt lat="52.86903710" lon="13.21713250" />
      <trkpt lat="52.86896300" lon="13.21537830" />
      <trkpt lat="52.86882120" lon="13.21296490" />
      <trkpt lat="52.86881090" lon="13.21265850" />
      <trkpt lat="52.86880350" lon="13.21243770" />
      <trkpt lat="52.86879820" lon="13.21225390" />
      <trkpt lat="52.86879510" lon="13.21217540" />
      <trkpt lat="52.86879080" lon="13.21211580" />
      <trkpt lat="52.86877830" lon="13.21194620" />
      <trkpt lat="52.86877170" lon="13.21181410" />
      <trkpt lat="52.86872450" lon="13.21091660" />
      <trkpt lat="52.86849260" lon="13.20655800" />
      <trkpt lat="52.86845460" lon="13.20656600" />
      <trkpt lat="52.86832580" lon="13.20666620" />
      <trkpt lat="52.86733360" lon="13.20667190" />
      <trkpt lat="52.86711920" lon="13.20665050" />
      <trkpt lat="52.86638980" lon="13.20650920" />
      <trkpt lat="52.86626660" lon="13.20640790" />
      <trkpt lat="52.86618440" lon="13.20622470" />
      <trkpt lat="52.86620130" lon="13.20528030" />
      <trkpt lat="52.86621740" lon="13.20437880" />
      <trkpt lat="52.86634320" lon="13.20368760" />
      <trkpt lat="52.86633930" lon="13.20259000" />
      <trkpt lat="52.86625080" lon="13.20183040" />
      <trkpt lat="52.86619120" lon="13.20131940" />
      <trkpt lat="52.86633620" lon="13.20017470" />
      <trkpt lat="52.86633120" lon="13.19926490" />
      <trkpt lat="52.86619390" lon="13.19831510" />
      <trkpt lat="52.86623410" lon="13.19605400" />
      <trkpt lat="52.86630930" lon="13.19533510" />
      <trkpt lat="52.86642640" lon="13.19421610" />
      <trkpt lat="52.86648990" lon="13.18901370" />
      <trkpt lat="52.86617610" lon="13.18768500" />
      <trkpt lat="52.86616310" lon="13.18678910" />
      <trkpt lat="52.86615780" lon="13.18642620" />
      <trkpt lat="52.86605120" lon="13.18510130" />
      <trkpt lat="52.86591810" lon="13.18440010" />
      <trkpt lat="52.86585650" lon="13.18332290" />
      <trkpt lat="52.86583510" lon="13.18223040" />
      <trkpt lat="52.86590060" lon="13.18059020" />
      <trkpt lat="52.86595300" lon="13.17929980" />
      <trkpt lat="52.86618110" lon="13.17842890" />
      <trkpt lat="52.86642350" lon="13.17808510" />
      <trkpt lat="52.86764470" lon="13.17809770" />
      <trkpt lat="52.86770380" lon="13.17811690" />
      <trkpt lat="52.86774160" lon="13.17786740" />
      <trkpt lat="52.86781640" lon="13.17751410" />
      <trkpt lat="52.86792100" lon="13.17706940" />
      <trkpt lat="52.86800880" lon="13.17668410" />
      <trkpt lat="52.86811630" lon="13.17621230" />
      <trkpt lat="52.86816030" lon="13.17601940" />
      <trkpt lat="52.86821210" lon="13.17580550" />
      <trkpt lat="52.86823810" lon="13.17569860" />
      <trkpt lat="52.86835670" lon="13.17520910" />
      <trkpt lat="52.86847210" lon="13.17473300" />
      <trkpt lat="52.86853460" lon="13.17447010" />
      <trkpt lat="52.86859490" lon="13.17428430" />
      <trkpt lat="52.86861250" lon="13.17423010" />
      <trkpt lat="52.86878550" lon="13.17360240" />
      <trkpt lat="52.86895760" lon="13.17300250" />
      <trkpt lat="52.86903990" lon="13.17266580" />
      <trkpt lat="52.86920640" lon="13.17185430" />
      <trkpt lat="52.86924130" lon="13.17166660" />
      <trkpt lat="52.86925250" lon="13.17154130" />
      <trkpt lat="52.86927090" lon="13.17133590" />
      <trkpt lat="52.86929390" lon="13.17119820" />
      <trkpt lat="52.86931130" lon="13.17111920" />
      <trkpt lat="52.86940840" lon="13.17068750" />
      <trkpt lat="52.86947130" lon="13.17044340" />
      <trkpt lat="52.86948260" lon="13.17039830" />
      <trkpt lat="52.86951600" lon="13.17029360" />
      <trkpt lat="52.86956870" lon="13.17019270" />
      <trkpt lat="52.86960460" lon="13.17009290" />
      <trkpt lat="52.86998950" lon="13.16845860" />
      <trkpt lat="52.87002280" lon="13.16830860" />
      <trkpt lat="52.87003590" lon="13.16815240" />
      <trkpt lat="52.87002620" lon="13.16799340" />
    </trkseg>
  </trk>
  <trk>
    <name>KP43-KP44 (2)</name>
    <trkseg>
      <trkpt lat="52.68240880" lon="13.37388150" />
      <trkpt lat="52.68242450" lon="13.37395470" />
      <trkpt lat="52.68242960" lon="13.37397760" />
      <trkpt lat="52.68243410" lon="13.37399790" />
      <trkpt lat="52.68246830" lon="13.37413340" />
      <trkpt lat="52.68250760" lon="13.37424320" />
      <trkpt lat="52.68262650" lon="13.37440270" />
      <trkpt lat="52.68274730" lon="13.37446750" />
      <trkpt lat="52.68298270" lon="13.37455670" />
      <trkpt lat="52.68317650" lon="13.37459150" />
      <trkpt lat="52.68342230" lon="13.37462500" />
      <trkpt lat="52.68367470" lon="13.37466420" />
      <trkpt lat="52.68395100" lon="13.37474560" />
      <trkpt lat="52.68419320" lon="13.37489980" />
      <trkpt lat="52.68439450" lon="13.37505150" />
      <trkpt lat="52.68458300" lon="13.37518930" />
      <trkpt lat="52.68469550" lon="13.37528610" />
      <trkpt lat="52.68507740" lon="13.37572020" />
      <trkpt lat="52.68510080" lon="13.37574640" />
      <trkpt lat="52.68517070" lon="13.37582700" />
      <trkpt lat="52.68541610" lon="13.37610230" />
      <trkpt lat="52.68552000" lon="13.37618900" />
      <trkpt lat="52.68571670" lon="13.37627050" />
      <trkpt lat="52.68633660" lon="13.37635330" />
      <trkpt lat="52.68676100" lon="13.37634280" />
      <trkpt lat="52.68739640" lon="13.37645080" />
      <trkpt lat="52.68759140" lon="13.37643920" />
      <trkpt lat="52.68845620" lon="13.37646900" />
      <trkpt lat="52.68879360" lon="13.37662190" />
      <trkpt lat="52.68897480" lon="13.37676490" />
      <trkpt lat="52.68928190" lon="13.37719320" />
      <trkpt lat="52.68938150" lon="13.37732260" />
      <trkpt lat="52.68943830" lon="13.37737370" />
      <trkpt lat="52.68951340" lon="13.37735940" />
      <trkpt lat="52.68952880" lon="13.37756930" />
      <trkpt lat="52.68954020" lon="13.37773980" />
      <trkpt lat="52.69020660" lon="13.37979400" />
      <trkpt lat="52.69023150" lon="13.37987800" />
      <trkpt lat="52.69027500" lon="13.38002480" />
      <trkpt lat="52.69035650" lon="13.37999460" />
      <trkpt lat="52.69052170" lon="13.37993340" />
      <trkpt lat="52.69068580" lon="13.37987270" />
      <trkpt lat="52.69072230" lon="13.37985920" />
      <trkpt lat="52.69177690" lon="13.37994250" />
      <trkpt lat="52.69235800" lon="13.38015910" />
      <trkpt lat="52.69314250" lon="13.38045160" />
      <trkpt lat="52.69332750" lon="13.38052060" />
      <trkpt lat="52.69354220" lon="13.38060060" />
      <trkpt lat="52.69433540" lon="13.38068380" />
      <trkpt lat="52.69485770" lon="13.38081530" />
      <trkpt lat="52.69558400" lon="13.38115270" />
      <trkpt lat="52.69580450" lon="13.38125860" />
      <trkpt lat="52.69633070" lon="13.38151120" />
      <trkpt lat="52.69671120" lon="13.38169390" />
      <trkpt lat="52.69854470" lon="13.38257430" />
      <trkpt lat="52.69987830" lon="13.38198510" />
      <trkpt lat="52.70100860" lon="13.38211980" />
      <trkpt lat="52.70272060" lon="13.38249190" />
      <trkpt lat="52.70389300" lon="13.38239990" />
      <trkpt lat="52.70412580" lon="13.38251840" />
      <trkpt lat="52.70457180" lon="13.38284660" />
      <trkpt lat="52.70696600" lon="13.38329650" />
      <trkpt lat="52.70825410" lon="13.38353850" />
      <trkpt lat="52.70850960" lon="13.38358650" />
      <trkpt lat="52.70916720" lon="13.38347960" />
      <trkpt lat="52.70945500" lon="13.38343280" />
      <trkpt lat="52.71087290" lon="13.38353920" />
      <trkpt lat="52.71107450" lon="13.38365910" />
      <trkpt lat="52.71148880" lon="13.38390570" />
      <trkpt lat="52.71226780" lon="13.38413340" />
      <trkpt lat="52.71287810" lon="13.38430760" />
      <trkpt lat="52.71438190" lon="13.38400020" />
      <trkpt lat="52.71571970" lon="13.38435830" />
      <trkpt lat="52.71787300" lon="13.38500670" />
      <trkpt lat="52.71822990" lon="13.38512740" />
      <trkpt lat="52.71896670" lon="13.38518640" />
      <trkpt lat="52.72067750" lon="13.38580880" />
      <trkpt lat="52.72091300" lon="13.38593000" />
      <trkpt lat="52.72117760" lon="13.38615250" />
      <trkpt lat="52.72188710" lon="13.38642790" />
      <trkpt lat="52.72231610" lon="13.38645550" />
      <trkpt lat="52.72246870" lon="13.38645750" />
      <trkpt lat="52.72263990" lon="13.38650990" />
      <trkpt lat="52.72401770" lon="13.38702990" />
      <trkpt lat="52.72453400" lon="13.38721490" />
      <trkpt lat="52.72623810" lon="13.38770050" />
      <trkpt lat="52.72642800" lon="13.38780520" />
    </trkseg>
  </trk>
  <trk>
    <name>KP48-KP83</name>
    <trkseg>
      <trkpt lat="52.65612540" lon="13.33883520" />
      <trkpt lat="52.65619120" lon="13.33880630" />
      <trkpt lat="52.65670700" lon="13.33863370" />
      <trkpt lat="52.65675700" lon="13.33860000" />
      <trkpt lat="52.65701130" lon="13.33842870" />
      <trkpt lat="52.65776710" lon="13.33792530" />
      <trkpt lat="52.65820760" lon="13.33763600" />
      <trkpt lat="52.65824960" lon="13.33760840" />
      <trkpt lat="52.65941900" lon="13.33683970" />
      <trkpt lat="52.65947290" lon="13.33680130" />
      <trkpt lat="52.66007790" lon="13.33637100" />
      <trkpt lat="52.66038220" lon="13.33615460" />
      <trkpt lat="52.66053490" lon="13.33604600" />
      <trkpt lat="52.66121280" lon="13.33561670" />
      <trkpt lat="52.66143780" lon="13.33547910" />
      <trkpt lat="52.66153220" lon="13.33541740" />
      <trkpt lat="52.66287590" lon="13.33453860" />
      <trkpt lat="52.66294340" lon="13.33449890" />
      <trkpt lat="52.66299690" lon="13.33447270" />
      <trkpt lat="52.66305210" lon="13.33445210" />
      <trkpt lat="52.66309820" lon="13.33443980" />
      <trkpt lat="52.66314370" lon="13.33443190" />
      <trkpt lat="52.66319190" lon="13.33442690" />
      <trkpt lat="52.66324010" lon="13.33442550" />
      <trkpt lat="52.66328820" lon="13.33442980" />
      <trkpt lat="52.66335890" lon="13.33443980" />
      <trkpt lat="52.66344550" lon="13.33445700" />
      <trkpt lat="52.66405430" lon="13.33460660" />
      <trkpt lat="52.66543340" lon="13.33494440" />
      <trkpt lat="52.66549300" lon="13.33495780" />
      <trkpt lat="52.66582880" lon="13.33502740" />
      <trkpt lat="52.66586550" lon="13.33503470" />
      <trkpt lat="52.66592640" lon="13.33504820" />
      <trkpt lat="52.66601300" lon="13.33506750" />
      <trkpt lat="52.66605580" lon="13.33507700" />
      <trkpt lat="52.66609650" lon="13.33508600" />
      <trkpt lat="52.66622910" lon="13.33511550" />
      <trkpt lat="52.66628780" lon="13.33512860" />
      <trkpt lat="52.66640370" lon="13.33517120" />
      <trkpt lat="52.66667990" lon="13.33527280" />
      <trkpt lat="52.66792140" lon="13.33559260" />
      <trkpt lat="52.66826880" lon="13.33568210" />
      <trkpt lat="52.66889940" lon="13.33584350" />
      <trkpt lat="52.66906290" lon="13.33588540" />
      <trkpt lat="52.66946330" lon="13.33598980" />
      <trkpt lat="52.66960910" lon="13.33602740" />
      <trkpt lat="52.67074610" lon="13.33632020" />
      <trkpt lat="52.67118220" lon="13.33648140" />
      <trkpt lat="52.67130630" lon="13.33652040" />
      <trkpt lat="52.67143250" lon="13.33655140" />
      <trkpt lat="52.67161170" lon="13.33658720" />
      <trkpt lat="52.67202740" lon="13.33668900" />
      <trkpt lat="52.67208170" lon="13.33670230" />
      <trkpt lat="52.67275340" lon="13.33686050" />
      <trkpt lat="52.67329270" lon="13.33699410" />
      <trkpt lat="52.67350390" lon="13.33705330" />
      <trkpt lat="52.67355550" lon="13.33706090" />
      <trkpt lat="52.67360780" lon="13.33706320" />
      <trkpt lat="52.67362300" lon="13.33706250" />
      <trkpt lat="52.67384190" lon="13.33703840" />
      <trkpt lat="52.67464540" lon="13.33688980" />
      <trkpt lat="52.67532010" lon="13.33677200" />
      <trkpt lat="52.67599310" lon="13.33664060" />
      <trkpt lat="52.67627560" lon="13.33660710" />
      <trkpt lat="52.67641540" lon="13.33660840" />
      <trkpt lat="52.67655410" lon="13.33662710" />
      <trkpt lat="52.67668010" lon="13.33667410" />
      <trkpt lat="52.67729760" lon="13.33700060" />
      <trkpt lat="52.67771230" lon="13.33722000" />
      <trkpt lat="52.67783130" lon="13.33729700" />
      <trkpt lat="52.67857830" lon="13.33790120" />
      <trkpt lat="52.67907290" lon="13.33825860" />
      <trkpt lat="52.67951820" lon="13.33853420" />
      <trkpt lat="52.67962840" lon="13.33858670" />
      <trkpt lat="52.67974190" lon="13.33862980" />
      <trkpt lat="52.67985860" lon="13.33866340" />
      <trkpt lat="52.68024320" lon="13.33873160" />
    </trkseg>
  </trk>
  <trk>
    <name>KP5-KP9</name>
    <trkseg>
      <trkpt lat="52.87002620" lon="13.16799340" />
      <trkpt lat="52.87004090" lon="13.16800040" />
      <trkpt lat="52.87009700" lon="13.16807780" />
      <trkpt lat="52.87024680" lon="13.16832450" />
      <trkpt lat="52.87161060" lon="13.17008520" />
      <trkpt lat="52.87272620" lon="13.17152050" />
      <trkpt lat="52.87358840" lon="13.17264410" />
      <trkpt lat="52.87432600" lon="13.17363340" />
      <trkpt lat="52.87501710" lon="13.17454620" />
      <trkpt lat="52.87525500" lon="13.17469690" />
      <trkpt lat="52.87654750" lon="13.17432530" />
      <trkpt lat="52.87834500" lon="13.17814520" />
      <trkpt lat="52.87942300" lon="13.18030850" />
      <trkpt lat="52.88028110" lon="13.18168380" />
      <trkpt lat="52.88035650" lon="13.18197660" />
      <trkpt lat="52.88048950" lon="13.18242740" />
      <trkpt lat="52.88055640" lon="13.18265180" />
      <trkpt lat="52.88062470" lon="13.18279610" />
      <trkpt lat="52.88077930" lon="13.18306750" />
      <trkpt lat="52.88084670" lon="13.18311580" />
      <trkpt lat="52.88096340" lon="13.18319940" />
      <trkpt lat="52.88123360" lon="13.18343710" />
      <trkpt lat="52.88149800" lon="13.18375260" />
      <trkpt lat="52.88175420" lon="13.18409460" />
      <trkpt lat="52.88185680" lon="13.18423030" />
      <trkpt lat="52.88196040" lon="13.18437040" />
      <trkpt lat="52.88213950" lon="13.18466170" />
      <trkpt lat="52.88264640" lon="13.18520170" />
      <trkpt lat="52.88302400" lon="13.18566110" />
      <trkpt lat="52.88350090" lon="13.18621790" />
      <trkpt lat="52.88385130" lon="13.18663340" />
      <trkpt lat="52.88398440" lon="13.18684860" />
      <trkpt lat="52.88415210" lon="13.18699520" />
      <trkpt lat="52.88464200" lon="13.18757340" />
      <trkpt lat="52.88486150" lon="13.18789970" />
      <trkpt lat="52.88509980" lon="13.18818240" />
      <trkpt lat="52.88831170" lon="13.19208020" />
      <trkpt lat="52.88843140" lon="13.19294390" />
      <trkpt lat="52.88859060" lon="13.19378540" />
      <trkpt lat="52.88863020" lon="13.19407070" />
      <trkpt lat="52.88866860" lon="13.19418870" />
      <trkpt lat="52.88870660" lon="13.19424050" />
      <trkpt lat="52.88876020" lon="13.19425900" />
      <trkpt lat="52.88884060" lon="13.19422940" />
      <trkpt lat="52.88982060" lon="13.19365180" />
      <trkpt lat="52.89012890" lon="13.19351520" />
      <trkpt lat="52.89031650" lon="13.19338380" />
      <trkpt lat="52.89046720" lon="13.19326170" />
      <trkpt lat="52.89068380" lon="13.19302480" />
      <trkpt lat="52.89077870" lon="13.19293970" />
      <trkpt lat="52.89142060" lon="13.19260660" />
      <trkpt lat="52.89164720" lon="13.19246600" />
      <trkpt lat="52.89172760" lon="13.19239940" />
      <trkpt lat="52.89189510" lon="13.19233460" />
      <trkpt lat="52.89213170" lon="13.19223100" />
      <trkpt lat="52.89223440" lon="13.19219400" />
      <trkpt lat="52.89233270" lon="13.19216810" />
      <trkpt lat="52.89257830" lon="13.19204600" />
      <trkpt lat="52.89275910" lon="13.19192760" />
      <trkpt lat="52.89289310" lon="13.19180910" />
      <trkpt lat="52.89297340" lon="13.19172030" />
      <trkpt lat="52.89309620" lon="13.19159080" />
      <trkpt lat="52.89322570" lon="13.19147980" />
      <trkpt lat="52.89329830" lon="13.19144100" />
      <trkpt lat="52.89337870" lon="13.19142150" />
      <trkpt lat="52.89353400" lon="13.19140020" />
      <trkpt lat="52.89366910" lon="13.19131730" />
      <trkpt lat="52.89379900" lon="13.19117860" />
      <trkpt lat="52.89406490" lon="13.19098430" />
      <trkpt lat="52.89472840" lon="13.19062100" />
      <trkpt lat="52.89534690" lon="13.19031070" />
      <trkpt lat="52.89586600" lon="13.19000350" />
      <trkpt lat="52.89618550" lon="13.18983650" />
      <trkpt lat="52.89628090" lon="13.18985020" />
      <trkpt lat="52.89619460" lon="13.18943230" />
      <trkpt lat="52.89635240" lon="13.18934280" />
      <trkpt lat="52.89637820" lon="13.18930760" />
      <trkpt lat="52.89641800" lon="13.18928900" />
      <trkpt lat="52.89649200" lon="13.18929830" />
      <trkpt lat="52.89650830" lon="13.18926530" />
      <trkpt lat="52.89652930" lon="13.18924040" />
      <trkpt lat="52.89654750" lon="13.18922710" />
      <trkpt lat="52.89657250" lon="13.18922490" />
      <trkpt lat="52.89667560" lon="13.18930270" />
      <trkpt lat="52.89678680" lon="13.18936460" />
      <trkpt lat="52.89692010" lon="13.18929600" />
      <trkpt lat="52.89704500" lon="13.18922560" />
      <trkpt lat="52.89865390" lon="13.18834400" />
      <trkpt lat="52.89873680" lon="13.18833060" />
      <trkpt lat="52.89879510" lon="13.18833250" />
    </trkseg>
  </trk>
  <trk>
    <name>KP50-KP51</name>
    <trkseg>
      <trkpt lat="53.18526780" lon="13.14409480" />
      <trkpt lat="53.18524540" lon="13.14408060" />
      <trkpt lat="53.18469500" lon="13.14373210" />
      <trkpt lat="53.18487390" lon="13.14281430" />
      <trkpt lat="53.18494150" lon="13.14251590" />
      <trkpt lat="53.18509340" lon="13.14223070" />
      <trkpt lat="53.18522680" lon="13.14198440" />
      <trkpt lat="53.18550030" lon="13.14146500" />
      <trkpt lat="53.18555420" lon="13.14137080" />
      <trkpt lat="53.18590200" lon="13.14069800" />
      <trkpt lat="53.18602660" lon="13.14045700" />
      <trkpt lat="53.18620800" lon="13.14010610" />
      <trkpt lat="53.18629720" lon="13.14002710" />
      <trkpt lat="53.18635660" lon="13.14002890" />
      <trkpt lat="53.18647970" lon="13.14013340" />
      <trkpt lat="53.18669520" lon="13.14032440" />
      <trkpt lat="53.18686100" lon="13.14042690" />
      <trkpt lat="53.18768110" lon="13.14093400" />
      <trkpt lat="53.18789440" lon="13.14105440" />
      <trkpt lat="53.18805460" lon="13.14113860" />
      <trkpt lat="53.18894050" lon="13.14162860" />
      <trkpt lat="53.18905270" lon="13.14170840" />
      <trkpt lat="53.18913310" lon="13.14180600" />
      <trkpt lat="53.18927860" lon="13.14199150" />
      <trkpt lat="53.18941130" lon="13.14208300" />
      <trkpt lat="53.18952470" lon="13.14212450" />
      <trkpt lat="53.19018010" lon="13.14214740" />
      <trkpt lat="53.19032610" lon="13.14206750" />
      <trkpt lat="53.19047800" lon="13.14188430" />
      <trkpt lat="53.19063580" lon="13.14168050" />
    </trkseg>
  </trk>
  <trk>
    <name>KP50-KP55</name>
    <trkseg>
      <trkpt lat="53.185297" lon="13.144256">
        <ele>57.25</ele>
      </trkpt>
      <trkpt lat="53.185204" lon="13.144685">
        <ele>58.75</ele>
      </trkpt>
      <trkpt lat="53.185061" lon="13.14535">
        <ele>59.75</ele>
      </trkpt>
      <trkpt lat="53.185035" lon="13.145378">
        <ele>59.75</ele>
      </trkpt>
      <trkpt lat="53.185016" lon="13.145421">
        <ele>59.75</ele>
      </trkpt>
      <trkpt lat="53.184984" lon="13.145497">
        <ele>59.75</ele>
      </trkpt>
      <trkpt lat="53.184907" lon="13.145885">
        <ele>59.5</ele>
      </trkpt>
      <trkpt lat="53.184744" lon="13.146776">
        <ele>57.75</ele>
      </trkpt>
      <trkpt lat="53.185225" lon="13.147043">
        <ele>57.75</ele>
      </trkpt>
      <trkpt lat="53.185074" lon="13.147795">
        <ele>56</ele>
      </trkpt>
      <trkpt lat="53.184999" lon="13.148774">
        <ele>54.75</ele>
      </trkpt>
      <trkpt lat="53.185002" lon="13.148922">
        <ele>54.75</ele>
      </trkpt>
      <trkpt lat="53.185014" lon="13.149015">
        <ele>54.75</ele>
      </trkpt>
      <trkpt lat="53.185058" lon="13.14922">
        <ele>54.75</ele>
      </trkpt>
      <trkpt lat="53.185063" lon="13.149346">
        <ele>54.5</ele>
      </trkpt>
      <trkpt lat="53.185057" lon="13.149663">
        <ele>54.25</ele>
      </trkpt>
      <trkpt lat="53.185004" lon="13.150202">
        <ele>53.5</ele>
      </trkpt>
      <trkpt lat="53.184848" lon="13.151515">
        <ele>50.75</ele>
      </trkpt>
      <trkpt lat="53.184858" lon="13.15162">
        <ele>50.75</ele>
      </trkpt>
      <trkpt lat="53.184643" lon="13.152227">
        <ele>52.25</ele>
      </trkpt>
      <trkpt lat="53.184601" lon="13.152293">
        <ele>52.5</ele>
      </trkpt>
      <trkpt lat="53.184052" lon="13.152536">
        <ele>56.5</ele>
      </trkpt>
      <trkpt lat="53.184025" lon="13.152721">
        <ele>57</ele>
      </trkpt>
      <trkpt lat="53.184106" lon="13.153197">
        <ele>58</ele>
      </trkpt>
      <trkpt lat="53.184272" lon="13.153983">
        <ele>59</ele>
      </trkpt>
      <trkpt lat="53.18434" lon="13.154612">
        <ele>59.75</ele>
      </trkpt>
      <trkpt lat="53.184412" lon="13.155147">
        <ele>59.75</ele>
      </trkpt>
      <trkpt lat="53.184576" lon="13.155654">
        <ele>57</ele>
      </trkpt>
      <trkpt lat="53.184603" lon="13.15595">
        <ele>56.5</ele>
      </trkpt>
      <trkpt lat="53.18446" lon="13.156098">
        <ele>58.5</ele>
      </trkpt>
      <trkpt lat="53.184421" lon="13.156667">
        <ele>58.75</ele>
      </trkpt>
      <trkpt lat="53.184348" lon="13.157206">
        <ele>58.75</ele>
      </trkpt>
      <trkpt lat="53.184327" lon="13.157539">
        <ele>58.25</ele>
      </trkpt>
      <trkpt lat="53.184198" lon="13.158313">
        <ele>56.75</ele>
      </trkpt>
      <trkpt lat="53.183966" lon="13.158275">
        <ele>58.5</ele>
      </trkpt>
      <trkpt lat="53.183364" lon="13.158132">
        <ele>63.5</ele>
      </trkpt>
      <trkpt lat="53.183181" lon="13.158373">
        <ele>62.75</ele>
      </trkpt>
      <trkpt lat="53.182908" lon="13.158639">
        <ele>61.75</ele>
      </trkpt>
      <trkpt lat="53.182972" lon="13.15895">
        <ele>60.75</ele>
      </trkpt>
      <trkpt lat="53.182913" lon="13.159082">
        <ele>60.25</ele>
      </trkpt>
      <trkpt lat="53.182771" lon="13.159173">
        <ele>59.75</ele>
      </trkpt>
      <trkpt lat="53.182556" lon="13.159523">
        <ele>58.25</ele>
      </trkpt>
      <trkpt lat="53.182307" lon="13.159906">
        <ele>56.25</ele>
      </trkpt>
      <trkpt lat="53.182049" lon="13.160152">
        <ele>55.5</ele>
      </trkpt>
      <trkpt lat="53.181937" lon="13.160271">
        <ele>55.25</ele>
      </trkpt>
      <trkpt lat="53.18183" lon="13.160355">
        <ele>55</ele>
      </trkpt>
      <trkpt lat="53.181787" lon="13.160438">
        <ele>54.75</ele>
      </trkpt>
      <trkpt lat="53.181712" lon="13.16068">
        <ele>54.25</ele>
      </trkpt>
      <trkpt lat="53.181711" lon="13.160898">
        <ele>53.75</ele>
      </trkpt>
      <trkpt lat="53.181505" lon="13.16108">
        <ele>53.75</ele>
      </trkpt>
      <trkpt lat="53.181498" lon="13.161158">
        <ele>53.5</ele>
      </trkpt>
      <trkpt lat="53.181467" lon="13.161297">
        <ele>53.25</ele>
      </trkpt>
      <trkpt lat="53.181405" lon="13.161881">
        <ele>52.75</ele>
      </trkpt>
      <trkpt lat="53.181433" lon="13.162173">
        <ele>52.75</ele>
      </trkpt>
      <trkpt lat="53.18145" lon="13.162344">
        <ele>53</ele>
      </trkpt>
      <trkpt lat="53.181385" lon="13.162559">
        <ele>53.25</ele>
      </trkpt>
      <trkpt lat="53.180944" lon="13.162486">
        <ele>53.75</ele>
      </trkpt>
      <trkpt lat="53.181171" lon="13.163374">
        <ele>54.25</ele>
      </trkpt>
      <trkpt lat="53.181149" lon="13.164032">
        <ele>54.25</ele>
      </trkpt>
      <trkpt lat="53.181144" lon="13.164161">
        <ele>54.25</ele>
      </trkpt>
      <trkpt lat="53.180169" lon="13.167752">
        <ele>53.25</ele>
      </trkpt>
      <trkpt lat="53.179927" lon="13.168187">
        <ele>55.25</ele>
      </trkpt>
      <trkpt lat="53.179768" lon="13.16844">
        <ele>56.5</ele>
      </trkpt>
      <trkpt lat="53.179541" lon="13.168754">
        <ele>58.25</ele>
      </trkpt>
      <trkpt lat="53.179448" lon="13.169284">
        <ele>59.25</ele>
      </trkpt>
      <trkpt lat="53.179356" lon="13.170519">
        <ele>60.25</ele>
      </trkpt>
      <trkpt lat="53.179329" lon="13.171078">
        <ele>59.5</ele>
      </trkpt>
      <trkpt lat="53.179249" lon="13.171461">
        <ele>59.5</ele>
      </trkpt>
      <trkpt lat="53.178484" lon="13.172341">
        <ele>61.5</ele>
      </trkpt>
      <trkpt lat="53.178182" lon="13.172769">
        <ele>60</ele>
      </trkpt>
      <trkpt lat="53.177478" lon="13.173423">
        <ele>60.5</ele>
      </trkpt>
      <trkpt lat="53.1771" lon="13.174093">
        <ele>61.5</ele>
      </trkpt>
      <trkpt lat="53.177" lon="13.174656">
        <ele>60.5</ele>
      </trkpt>
      <trkpt lat="53.176962" lon="13.176768">
        <ele>57.75</ele>
      </trkpt>
      <trkpt lat="53.176655" lon="13.178374">
        <ele>57</ele>
      </trkpt>
      <trkpt lat="53.176498" lon="13.17933">
        <ele>56</ele>
      </trkpt>
      <trkpt lat="53.176391" lon="13.181287">
        <ele>55.5</ele>
      </trkpt>
      <trkpt lat="53.176618" lon="13.183843">
        <ele>56</ele>
      </trkpt>
      <trkpt lat="53.175932" lon="13.187041">
        <ele>60</ele>
      </trkpt>
      <trkpt lat="53.175741" lon="13.18741">
        <ele>59.75</ele>
      </trkpt>
      <trkpt lat="53.175469" lon="13.187669">
        <ele>59.5</ele>
      </trkpt>
      <trkpt lat="53.174837" lon="13.187567">
        <ele>61.5</ele>
      </trkpt>
      <trkpt lat="53.173809" lon="13.187825">
        <ele>58.75</ele>
      </trkpt>
      <trkpt lat="53.172304" lon="13.18901">
        <ele>64.75</ele>
      </trkpt>
      <trkpt lat="53.172249" lon="13.189118">
        <ele>64.5</ele>
      </trkpt>
      <trkpt lat="53.17207" lon="13.189543">
        <ele>64</ele>
      </trkpt>
      <trkpt lat="53.171897" lon="13.189954">
        <ele>64.25</ele>
      </trkpt>
      <trkpt lat="53.171794" lon="13.190287">
        <ele>66</ele>
      </trkpt>
      <trkpt lat="53.171536" lon="13.191401">
        <ele>73.5</ele>
      </trkpt>
      <trkpt lat="53.171223" lon="13.192094">
        <ele>77.5</ele>
      </trkpt>
      <trkpt lat="53.170974" lon="13.192376">
        <ele>79.75</ele>
      </trkpt>
      <trkpt lat="53.170841" lon="13.192526">
        <ele>80.75</ele>
      </trkpt>
      <trkpt lat="53.170167" lon="13.193128">
        <ele>81.5</ele>
      </trkpt>
      <trkpt lat="53.168952" lon="13.192884">
        <ele>79.75</ele>
      </trkpt>
      <trkpt lat="53.168696" lon="13.192916">
        <ele>81.25</ele>
      </trkpt>
      <trkpt lat="53.168056" lon="13.193915">
        <ele>84.5</ele>
      </trkpt>
      <trkpt lat="53.168273" lon="13.194206">
        <ele>82.25</ele>
      </trkpt>
      <trkpt lat="53.168579" lon="13.194307">
        <ele>80</ele>
      </trkpt>
      <trkpt lat="53.168925" lon="13.194437">
        <ele>77.75</ele>
      </trkpt>
      <trkpt lat="53.16899" lon="13.194441">
        <ele>76.25</ele>
      </trkpt>
      <trkpt lat="53.169227" lon="13.194459">
        <ele>76.25</ele>
      </trkpt>
      <trkpt lat="53.169925" lon="13.194671">
        <ele>77</ele>
      </trkpt>
      <trkpt lat="53.170238" lon="13.194748">
        <ele>75.5</ele>
      </trkpt>
      <trkpt lat="53.170554" lon="13.195114">
        <ele>72.5</ele>
      </trkpt>
      <trkpt lat="53.170558" lon="13.196013">
        <ele>71.75</ele>
      </trkpt>
      <trkpt lat="53.170417" lon="13.197325">
        <ele>69.75</ele>
      </trkpt>
      <trkpt lat="53.170369" lon="13.198366">
        <ele>67.75</ele>
      </trkpt>
      <trkpt lat="53.170306" lon="13.199366">
        <ele>68</ele>
      </trkpt>
      <trkpt lat="53.170156" lon="13.199949">
        <ele>69.75</ele>
      </trkpt>
      <trkpt lat="53.169932" lon="13.20043">
        <ele>69.5</ele>
      </trkpt>
      <trkpt lat="53.1696" lon="13.200852">
        <ele>69</ele>
      </trkpt>
      <trkpt lat="53.169271" lon="13.201213">
        <ele>68.5</ele>
      </trkpt>
      <trkpt lat="53.168977" lon="13.20197">
        <ele>65.75</ele>
      </trkpt>
      <trkpt lat="53.168438" lon="13.202517">
        <ele>68.75</ele>
      </trkpt>
      <trkpt lat="53.168831" lon="13.203064">
        <ele>62.75</ele>
      </trkpt>
      <trkpt lat="53.16894" lon="13.20356">
        <ele>60.5</ele>
      </trkpt>
      <trkpt lat="53.168768" lon="13.203902">
        <ele>61.25</ele>
      </trkpt>
      <trkpt lat="53.168215" lon="13.204382">
        <ele>63</ele>
      </trkpt>
      <trkpt lat="53.167938" lon="13.204755">
        <ele>64.5</ele>
      </trkpt>
      <trkpt lat="53.167661" lon="13.205543">
        <ele>65.5</ele>
      </trkpt>
      <trkpt lat="53.167435" lon="13.20616">
        <ele>66.5</ele>
      </trkpt>
      <trkpt lat="53.167076" lon="13.206424">
        <ele>68.25</ele>
      </trkpt>
      <trkpt lat="53.166823" lon="13.206586">
        <ele>69.25</ele>
      </trkpt>
      <trkpt lat="53.166606" lon="13.206696">
        <ele>69.75</ele>
      </trkpt>
      <trkpt lat="53.166503" lon="13.206704">
        <ele>69.5</ele>
      </trkpt>
      <trkpt lat="53.166371" lon="13.206714">
        <ele>69</ele>
      </trkpt>
      <trkpt lat="53.165863" lon="13.206712">
        <ele>67.75</ele>
      </trkpt>
      <trkpt lat="53.165254" lon="13.20693">
        <ele>67.5</ele>
      </trkpt>
      <trkpt lat="53.16402" lon="13.207354">
        <ele>64.5</ele>
      </trkpt>
      <trkpt lat="53.163339" lon="13.207587">
        <ele>64.25</ele>
      </trkpt>
      <trkpt lat="53.162724" lon="13.207866">
        <ele>64.25</ele>
      </trkpt>
      <trkpt lat="53.162074" lon="13.207997">
        <ele>68</ele>
      </trkpt>
      <trkpt lat="53.161699" lon="13.208179">
        <ele>70.5</ele>
      </trkpt>
      <trkpt lat="53.161555" lon="13.208276">
        <ele>71.25</ele>
      </trkpt>
      <trkpt lat="53.161277" lon="13.208447">
        <ele>73</ele>
      </trkpt>
      <trkpt lat="53.160337" lon="13.209538">
        <ele>70.25</ele>
      </trkpt>
      <trkpt lat="53.159845" lon="13.210109">
        <ele>66.25</ele>
      </trkpt>
      <trkpt lat="53.159613" lon="13.21027">
        <ele>65</ele>
      </trkpt>
      <trkpt lat="53.159429" lon="13.210311">
        <ele>64.25</ele>
      </trkpt>
      <trkpt lat="53.15922" lon="13.210183">
        <ele>63.25</ele>
      </trkpt>
      <trkpt lat="53.159169" lon="13.210429">
        <ele>63</ele>
      </trkpt>
      <trkpt lat="53.158778" lon="13.212118">
        <ele>60</ele>
      </trkpt>
      <trkpt lat="53.15865" lon="13.212536">
        <ele>60</ele>
      </trkpt>
      <trkpt lat="53.1585" lon="13.212813">
        <ele>59.75</ele>
      </trkpt>
      <trkpt lat="53.158312" lon="13.213031">
        <ele>59.25</ele>
      </trkpt>
      <trkpt lat="53.157521" lon="13.213616">
        <ele>57</ele>
      </trkpt>
      <trkpt lat="53.157366" lon="13.21373">
        <ele>57.5</ele>
      </trkpt>
      <trkpt lat="53.156865" lon="13.2141">
        <ele>59.75</ele>
      </trkpt>
      <trkpt lat="53.156216" lon="13.214501">
        <ele>60.5</ele>
      </trkpt>
      <trkpt lat="53.155877" lon="13.214711">
        <ele>60.25</ele>
      </trkpt>
      <trkpt lat="53.155672" lon="13.214741">
        <ele>59.75</ele>
      </trkpt>
      <trkpt lat="53.155372" lon="13.214659">
        <ele>58</ele>
      </trkpt>
      <trkpt lat="53.15501" lon="13.214469">
        <ele>56</ele>
      </trkpt>
      <trkpt lat="53.154882" lon="13.214414">
        <ele>55.75</ele>
      </trkpt>
      <trkpt lat="53.153786" lon="13.213868">
        <ele>56.5</ele>
      </trkpt>
      <trkpt lat="53.15373" lon="13.213842">
        <ele>56.5</ele>
      </trkpt>
      <trkpt lat="53.15343" lon="13.213773">
        <ele>57.25</ele>
      </trkpt>
      <trkpt lat="53.153116" lon="13.213867">
        <ele>58.5</ele>
      </trkpt>
      <trkpt lat="53.152024" lon="13.214187">
        <ele>63</ele>
      </trkpt>
      <trkpt lat="53.151847" lon="13.214292">
        <ele>63.5</ele>
      </trkpt>
      <trkpt lat="53.151758" lon="13.214387">
        <ele>64</ele>
      </trkpt>
      <trkpt lat="53.151647" lon="13.214568">
        <ele>64.5</ele>
      </trkpt>
      <trkpt lat="53.15053" lon="13.217177">
        <ele>67</ele>
      </trkpt>
      <trkpt lat="53.149947" lon="13.218603">
        <ele>66</ele>
      </trkpt>
      <trkpt lat="53.149924" lon="13.218659">
        <ele>66</ele>
      </trkpt>
      <trkpt lat="53.14774" lon="13.223718">
        <ele>75.25</ele>
      </trkpt>
      <trkpt lat="53.146944" lon="13.225696">
        <ele>81.25</ele>
      </trkpt>
      <trkpt lat="53.146535" lon="13.226548">
        <ele>79.5</ele>
      </trkpt>
      <trkpt lat="53.145535" lon="13.227547">
        <ele>72.75</ele>
      </trkpt>
      <trkpt lat="53.144343" lon="13.228758">
        <ele>68.5</ele>
      </trkpt>
      <trkpt lat="53.142652" lon="13.23029">
        <ele>68</ele>
      </trkpt>
      <trkpt lat="53.14127" lon="13.231876">
        <ele>61.25</ele>
      </trkpt>
      <trkpt lat="53.139986" lon="13.233285">
        <ele>58.75</ele>
      </trkpt>
      <trkpt lat="53.139945" lon="13.23333">
        <ele>58.5</ele>
      </trkpt>
      <trkpt lat="53.139656" lon="13.233638">
        <ele>56.75</ele>
      </trkpt>
      <trkpt lat="53.138656" lon="13.2347">
        <ele>53</ele>
      </trkpt>
      <trkpt lat="53.138547" lon="13.234795">
        <ele>53</ele>
      </trkpt>
      <trkpt lat="53.138223" lon="13.234991">
        <ele>53</ele>
      </trkpt>
      <trkpt lat="53.1379" lon="13.235072">
        <ele>53.5</ele>
      </trkpt>
      <trkpt lat="53.137434" lon="13.235189">
        <ele>54</ele>
      </trkpt>
      <trkpt lat="53.137333" lon="13.235214">
        <ele>54</ele>
      </trkpt>
      <trkpt lat="53.137145" lon="13.235308">
        <ele>54</ele>
      </trkpt>
      <trkpt lat="53.137018" lon="13.235372">
        <ele>54.25</ele>
      </trkpt>
      <trkpt lat="53.136699" lon="13.235656">
        <ele>54.75</ele>
      </trkpt>
      <trkpt lat="53.136271" lon="13.236131">
        <ele>55</ele>
      </trkpt>
      <trkpt lat="53.13607" lon="13.236355">
        <ele>55.25</ele>
      </trkpt>
      <trkpt lat="53.135887" lon="13.236557">
        <ele>55.5</ele>
      </trkpt>
      <trkpt lat="53.135669" lon="13.236775">
        <ele>55.25</ele>
      </trkpt>
      <trkpt lat="53.135479" lon="13.236909">
        <ele>54.5</ele>
      </trkpt>
      <trkpt lat="53.135422" lon="13.236938">
        <ele>54.25</ele>
      </trkpt>
      <trkpt lat="53.134693" lon="13.237306">
        <ele>53.5</ele>
      </trkpt>
      <trkpt lat="53.134749" lon="13.237325">
        <ele>53</ele>
      </trkpt>
    </trkseg>
  </trk>
  <trk>
    <name>KP51-KP52</name>
    <trkseg>
      <trkpt lat="53.19063580" lon="13.14168050" />
      <trkpt lat="53.19075330" lon="13.14171680" />
      <trkpt lat="53.19109590" lon="13.14178220" />
      <trkpt lat="53.19122480" lon="13.14181740" />
      <trkpt lat="53.19134220" lon="13.14187100" />
      <trkpt lat="53.19140140" lon="13.14190150" />
      <trkpt lat="53.19145540" lon="13.14195400" />
      <trkpt lat="53.19149870" lon="13.14201150" />
      <trkpt lat="53.19154160" lon="13.14210250" />
      <trkpt lat="53.19178240" lon="13.14266740" />
      <trkpt lat="53.19195220" lon="13.14306090" />
      <trkpt lat="53.19197830" lon="13.14312200" />
      <trkpt lat="53.19210650" lon="13.14342280" />
      <trkpt lat="53.19217120" lon="13.14358430" />
      <trkpt lat="53.19206760" lon="13.14367060" />
      <trkpt lat="53.19210130" lon="13.14380220" />
      <trkpt lat="53.19213360" lon="13.14392850" />
      <trkpt lat="53.19215930" lon="13.14400310" />
      <trkpt lat="53.19218360" lon="13.14403930" />
      <trkpt lat="53.19225740" lon="13.14410870" />
      <trkpt lat="53.19229000" lon="13.14413940" />
      <trkpt lat="53.19230480" lon="13.14415340" />
      <trkpt lat="53.19236470" lon="13.14420980" />
      <trkpt lat="53.19261600" lon="13.14444700" />
      <trkpt lat="53.19274570" lon="13.14456930" />
      <trkpt lat="53.19276010" lon="13.14458290" />
      <trkpt lat="53.19288750" lon="13.14470310" />
      <trkpt lat="53.19291150" lon="13.14472560" />
      <trkpt lat="53.19313820" lon="13.14493960" />
      <trkpt lat="53.19319040" lon="13.14498880" />
      <trkpt lat="53.19333660" lon="13.14512380" />
      <trkpt lat="53.19353920" lon="13.14531070" />
      <trkpt lat="53.19360060" lon="13.14536740" />
      <trkpt lat="53.19363820" lon="13.14540210" />
      <trkpt lat="53.19373350" lon="13.14549120" />
      <trkpt lat="53.19384580" lon="13.14559620" />
      <trkpt lat="53.19392990" lon="13.14567660" />
      <trkpt lat="53.19427550" lon="13.14600750" />
      <trkpt lat="53.19432950" lon="13.14605910" />
      <trkpt lat="53.19440140" lon="13.14614960" />
      <trkpt lat="53.19447590" lon="13.14624330" />
      <trkpt lat="53.19451460" lon="13.14630260" />
      <trkpt lat="53.19460070" lon="13.14643470" />
      <trkpt lat="53.19462560" lon="13.14649120" />
      <trkpt lat="53.19464470" lon="13.14653460" />
      <trkpt lat="53.19466570" lon="13.14658240" />
      <trkpt lat="53.19472210" lon="13.14673870" />
      <trkpt lat="53.19475820" lon="13.14689510" />
      <trkpt lat="53.19478570" lon="13.14706230" />
      <trkpt lat="53.19480720" lon="13.14721260" />
      <trkpt lat="53.19482570" lon="13.14737650" />
      <trkpt lat="53.19483730" lon="13.14761350" />
      <trkpt lat="53.19486750" lon="13.14821060" />
      <trkpt lat="53.19487790" lon="13.14839140" />
      <trkpt lat="53.19489080" lon="13.14861500" />
      <trkpt lat="53.19485460" lon="13.14893180" />
      <trkpt lat="53.19477480" lon="13.15020870" />
      <trkpt lat="53.19473630" lon="13.15085530" />
      <trkpt lat="53.19469080" lon="13.15162030" />
      <trkpt lat="53.19455870" lon="13.15260520" />
    </trkseg>
  </trk>
  <trk>
    <name>KP54-KP55</name>
    <trkseg>
      <trkpt lat="53.17032780" lon="13.23947240" />
      <trkpt lat="53.17030770" lon="13.23955870" />
      <trkpt lat="53.17024560" lon="13.23964300" />
      <trkpt lat="53.17016690" lon="13.23969240" />
      <trkpt lat="53.17007800" lon="13.23971570" />
      <trkpt lat="53.16993850" lon="13.23972020" />
      <trkpt lat="53.16981480" lon="13.23968610" />
      <trkpt lat="53.16970130" lon="13.23963050" />
      <trkpt lat="53.16955750" lon="13.23950660" />
      <trkpt lat="53.16911760" lon="13.23894660" />
      <trkpt lat="53.16875290" lon="13.23856210" />
      <trkpt lat="53.16851080" lon="13.23837550" />
      <trkpt lat="53.16822430" lon="13.23822580" />
      <trkpt lat="53.16779440" lon="13.23811550" />
      <trkpt lat="53.16730270" lon="13.23806470" />
      <trkpt lat="53.16690760" lon="13.23802390" />
      <trkpt lat="53.16640060" lon="13.23797630" />
      <trkpt lat="53.16627590" lon="13.23794090" />
      <trkpt lat="53.16608250" lon="13.23786250" />
      <trkpt lat="53.16590070" lon="13.23775690" />
      <trkpt lat="53.16553070" lon="13.23743260" />
      <trkpt lat="53.16539030" lon="13.23734340" />
      <trkpt lat="53.16504530" lon="13.23716680" />
      <trkpt lat="53.16486050" lon="13.23708050" />
      <trkpt lat="53.16475690" lon="13.23706720" />
      <trkpt lat="53.16395870" lon="13.23701640" />
      <trkpt lat="53.16387510" lon="13.23701110" />
      <trkpt lat="53.16336880" lon="13.23692350" />
      <trkpt lat="53.16305070" lon="13.23690270" />
      <trkpt lat="53.16233770" lon="13.23673600" />
      <trkpt lat="53.16188610" lon="13.23681260" />
      <trkpt lat="53.16138050" lon="13.23689830" />
      <trkpt lat="53.16084680" lon="13.23705740" />
      <trkpt lat="53.16033540" lon="13.23720990" />
      <trkpt lat="53.16017350" lon="13.23725820" />
      <trkpt lat="53.15931720" lon="13.23725710" />
      <trkpt lat="53.15801870" lon="13.23672360" />
      <trkpt lat="53.15781910" lon="13.23679940" />
      <trkpt lat="53.15728530" lon="13.23700210" />
      <trkpt lat="53.15700000" lon="13.23710900" />
      <trkpt lat="53.15555410" lon="13.23730780" />
      <trkpt lat="53.15507630" lon="13.23744120" />
      <trkpt lat="53.15438810" lon="13.23770420" />
      <trkpt lat="53.15371910" lon="13.23783740" />
      <trkpt lat="53.15362230" lon="13.23806650" />
      <trkpt lat="53.15356380" lon="13.23812420" />
      <trkpt lat="53.15347390" lon="13.23815890" />
      <trkpt lat="53.15326820" lon="13.23815000" />
      <trkpt lat="53.15305810" lon="13.23818490" />
      <trkpt lat="53.15292800" lon="13.23820920" />
      <trkpt lat="53.15200110" lon="13.23856470" />
      <trkpt lat="53.15055400" lon="13.23892790" />
      <trkpt lat="53.14973960" lon="13.23892450" />
      <trkpt lat="53.14967750" lon="13.23890710" />
      <trkpt lat="53.14923430" lon="13.23878300" />
      <trkpt lat="53.14880670" lon="13.23877420" />
      <trkpt lat="53.14876090" lon="13.23875810" />
      <trkpt lat="53.14873650" lon="13.23875410" />
      <trkpt lat="53.14870070" lon="13.23875070" />
      <trkpt lat="53.14865960" lon="13.23875940" />
      <trkpt lat="53.14808900" lon="13.23888010" />
      <trkpt lat="53.14805580" lon="13.23889030" />
      <trkpt lat="53.14803370" lon="13.23890430" />
      <trkpt lat="53.14801750" lon="13.23892150" />
      <trkpt lat="53.14799900" lon="13.23894840" />
      <trkpt lat="53.14795460" lon="13.23901310" />
      <trkpt lat="53.14790490" lon="13.23904030" />
      <trkpt lat="53.14424140" lon="13.23984210" />
      <trkpt lat="53.14308960" lon="13.24012140" />
      <trkpt lat="53.14266550" lon="13.24023990" />
      <trkpt lat="53.14259460" lon="13.24024100" />
      <trkpt lat="53.14255630" lon="13.24021970" />
      <trkpt lat="53.14252750" lon="13.24015120" />
      <trkpt lat="53.14251020" lon="13.24009340" />
      <trkpt lat="53.14213280" lon="13.24017170" />
      <trkpt lat="53.14193050" lon="13.24021360" />
      <trkpt lat="53.14140380" lon="13.24032280" />
      <trkpt lat="53.14112850" lon="13.24039970" />
      <trkpt lat="53.14079610" lon="13.24054660" />
      <trkpt lat="53.14068010" lon="13.24062790" />
      <trkpt lat="53.14024040" lon="13.24093620" />
      <trkpt lat="53.13994520" lon="13.24114310" />
      <trkpt lat="53.13992250" lon="13.24116040" />
      <trkpt lat="53.13968950" lon="13.24133770" />
      <trkpt lat="53.13944650" lon="13.24152260" />
      <trkpt lat="53.13920930" lon="13.24170130" />
      <trkpt lat="53.13911520" lon="13.24176850" />
      <trkpt lat="53.13867440" lon="13.24208510" />
      <trkpt lat="53.13860450" lon="13.24214240" />
      <trkpt lat="53.13832160" lon="13.24240840" />
      <trkpt lat="53.13828950" lon="13.24243860" />
      <trkpt lat="53.13818130" lon="13.24255430" />
      <trkpt lat="53.13801380" lon="13.24271410" />
      <trkpt lat="53.13789880" lon="13.24268290" />
      <trkpt lat="53.13778790" lon="13.24262850" />
      <trkpt lat="53.13757820" lon="13.24233600" />
      <trkpt lat="53.13733810" lon="13.24204450" />
      <trkpt lat="53.13732300" lon="13.24202860" />
      <trkpt lat="53.13697620" lon="13.24166230" />
      <trkpt lat="53.13692400" lon="13.24160710" />
      <trkpt lat="53.13682080" lon="13.24151030" />
      <trkpt lat="53.13673720" lon="13.24142940" />
      <trkpt lat="53.13656810" lon="13.24126080" />
      <trkpt lat="53.13643910" lon="13.24111810" />
      <trkpt lat="53.13640570" lon="13.24106670" />
      <trkpt lat="53.13629430" lon="13.24080660" />
      <trkpt lat="53.13622920" lon="13.24064540" />
      <trkpt lat="53.13616120" lon="13.24043770" />
      <trkpt lat="53.13609500" lon="13.24018920" />
      <trkpt lat="53.13605720" lon="13.24001390" />
      <trkpt lat="53.13604310" lon="13.23994690" />
      <trkpt lat="53.13598010" lon="13.23962250" />
      <trkpt lat="53.13582390" lon="13.23870710" />
      <trkpt lat="53.13575190" lon="13.23813630" />
      <trkpt lat="53.13570500" lon="13.23798680" />
      <trkpt lat="53.13563130" lon="13.23779440" />
      <trkpt lat="53.13552820" lon="13.23765930" />
      <trkpt lat="53.13498320" lon="13.23740660" />
      <trkpt lat="53.13469330" lon="13.23730640" />
    </trkseg>
  </trk>
  <trk>
    <name>KP55-KP94</name>
    <trkseg>
      <trkpt lat="53.13469330" lon="13.23730640" />
      <trkpt lat="53.13445810" lon="13.23737530" />
      <trkpt lat="53.13371400" lon="13.23758850" />
      <trkpt lat="53.13154680" lon="13.23821540" />
      <trkpt lat="53.12980180" lon="13.23874870" />
      <trkpt lat="53.12919210" lon="13.23895210" />
      <trkpt lat="53.12919630" lon="13.23910970" />
      <trkpt lat="53.12927310" lon="13.23967390" />
      <trkpt lat="53.12963500" lon="13.24242000" />
      <trkpt lat="53.12943620" lon="13.24322630" />
      <trkpt lat="53.12933290" lon="13.24339550" />
      <trkpt lat="53.12923820" lon="13.24384420" />
      <trkpt lat="53.12915360" lon="13.24424520" />
      <trkpt lat="53.12907770" lon="13.24457360" />
      <trkpt lat="53.12887690" lon="13.24499500" />
      <trkpt lat="53.12860880" lon="13.24572150" />
      <trkpt lat="53.12693290" lon="13.25003640" />
      <trkpt lat="53.12635690" lon="13.25153450" />
      <trkpt lat="53.12586430" lon="13.25273360" />
      <trkpt lat="53.12555980" lon="13.25402160" />
      <trkpt lat="53.12545910" lon="13.25437160" />
      <trkpt lat="53.12527320" lon="13.25573750" />
      <trkpt lat="53.12518310" lon="13.25656360" />
      <trkpt lat="53.12504720" lon="13.25687280" />
      <trkpt lat="53.12493650" lon="13.25719980" />
      <trkpt lat="53.12483560" lon="13.25736520" />
      <trkpt lat="53.12432350" lon="13.25788380" />
      <trkpt lat="53.12275070" lon="13.25858930" />
      <trkpt lat="53.11825140" lon="13.25413890" />
      <trkpt lat="53.11807900" lon="13.25392500" />
      <trkpt lat="53.11756890" lon="13.25343750" />
      <trkpt lat="53.11742590" lon="13.25334320" />
      <trkpt lat="53.11730420" lon="13.25335840" />
      <trkpt lat="53.11708240" lon="13.25350620" />
      <trkpt lat="53.11681280" lon="13.25433980" />
      <trkpt lat="53.11676550" lon="13.25453080" />
      <trkpt lat="53.11675150" lon="13.25472120" />
      <trkpt lat="53.11680510" lon="13.25546380" />
      <trkpt lat="53.11670320" lon="13.25597350" />
      <trkpt lat="53.11635350" lon="13.25760980" />
      <trkpt lat="53.11631410" lon="13.25780610" />
      <trkpt lat="53.11590690" lon="13.25921200" />
      <trkpt lat="53.11579290" lon="13.25960560" />
      <trkpt lat="53.11577830" lon="13.25976810" />
      <trkpt lat="53.11583010" lon="13.25995850" />
      <trkpt lat="53.11871080" lon="13.26423820" />
      <trkpt lat="53.11877570" lon="13.26441700" />
      <trkpt lat="53.11875880" lon="13.26454560" />
      <trkpt lat="53.11776520" lon="13.26605710" />
      <trkpt lat="53.11766840" lon="13.26637730" />
      <trkpt lat="53.11759830" lon="13.26684390" />
      <trkpt lat="53.11735910" lon="13.27149350" />
      <trkpt lat="53.11727340" lon="13.27229110" />
      <trkpt lat="53.11718330" lon="13.27296160" />
      <trkpt lat="53.11715430" lon="13.27317710" />
      <trkpt lat="53.11683650" lon="13.27309690" />
      <trkpt lat="53.11624990" lon="13.27294630" />
      <trkpt lat="53.11535060" lon="13.27256430" />
      <trkpt lat="53.11494780" lon="13.27239320" />
      <trkpt lat="53.11455810" lon="13.27221410" />
      <trkpt lat="53.11423610" lon="13.27210680" />
      <trkpt lat="53.11378530" lon="13.27199950" />
      <trkpt lat="53.11350200" lon="13.27197800" />
      <trkpt lat="53.11318000" lon="13.27236430" />
      <trkpt lat="53.11293530" lon="13.27264320" />
      <trkpt lat="53.11269060" lon="13.27285780" />
      <trkpt lat="53.11240720" lon="13.27313670" />
      <trkpt lat="53.11196930" lon="13.27326550" />
      <trkpt lat="53.11036940" lon="13.27512440" />
      <trkpt lat="53.10848940" lon="13.27729580" />
      <trkpt lat="53.10757270" lon="13.27852890" />
      <trkpt lat="53.10707600" lon="13.27922620" />
      <trkpt lat="53.10659730" lon="13.28064510" />
      <trkpt lat="53.10645400" lon="13.28121020" />
      <trkpt lat="53.10638030" lon="13.28159960" />
      <trkpt lat="53.10619750" lon="13.28240990" />
      <trkpt lat="53.10614110" lon="13.28262090" />
      <trkpt lat="53.10614110" lon="13.28300710" />
      <trkpt lat="53.10629570" lon="13.28408000" />
      <trkpt lat="53.10620940" lon="13.28463490" />
      <trkpt lat="53.10607020" lon="13.28512070" />
      <trkpt lat="53.10603840" lon="13.28537840" />
      <trkpt lat="53.10603800" lon="13.28546400" />
      <trkpt lat="53.10616920" lon="13.28598740" />
      <trkpt lat="53.10619120" lon="13.28639320" />
      <trkpt lat="53.10596270" lon="13.28786520" />
      <trkpt lat="53.10595290" lon="13.28813240" />
      <trkpt lat="53.10578850" lon="13.28866190" />
      <trkpt lat="53.10569880" lon="13.28880150" />
      <trkpt lat="53.10540200" lon="13.28856770" />
      <trkpt lat="53.10530270" lon="13.28855790" />
      <trkpt lat="53.10520120" lon="13.28855210" />
      <trkpt lat="53.10517990" lon="13.28855090" />
      <trkpt lat="53.10502650" lon="13.28857510" />
      <trkpt lat="53.10491520" lon="13.28864880" />
      <trkpt lat="53.10485890" lon="13.28872040" />
      <trkpt lat="53.10477490" lon="13.28885410" />
      <trkpt lat="53.10472670" lon="13.28898160" />
      <trkpt lat="53.10466120" lon="13.28913460" />
      <trkpt lat="53.10443960" lon="13.28934230" />
      <trkpt lat="53.10351200" lon="13.28915370" />
      <trkpt lat="53.10232850" lon="13.28887250" />
      <trkpt lat="53.10211630" lon="13.28881200" />
      <trkpt lat="53.10178510" lon="13.28874360" />
      <trkpt lat="53.10162520" lon="13.28870910" />
      <trkpt lat="53.10136710" lon="13.28864000" />
      <trkpt lat="53.10116040" lon="13.28859550" />
      <trkpt lat="53.10052910" lon="13.28845070" />
      <trkpt lat="53.09979740" lon="13.28828040" />
      <trkpt lat="53.09959340" lon="13.28823610" />
      <trkpt lat="53.09938750" lon="13.28820650" />
      <trkpt lat="53.09925040" lon="13.28818110" />
      <trkpt lat="53.09915200" lon="13.28814840" />
      <trkpt lat="53.09903540" lon="13.28807250" />
      <trkpt lat="53.09894610" lon="13.28797750" />
      <trkpt lat="53.09886710" lon="13.28786460" />
      <trkpt lat="53.09880070" lon="13.28774240" />
      <trkpt lat="53.09871250" lon="13.28767690" />
      <trkpt lat="53.09844900" lon="13.28754460" />
      <trkpt lat="53.09789760" lon="13.28723650" />
      <trkpt lat="53.09681910" lon="13.28664150" />
      <trkpt lat="53.09609870" lon="13.28618760" />
      <trkpt lat="53.09496600" lon="13.28541680" />
      <trkpt lat="53.09473530" lon="13.28528800" />
      <trkpt lat="53.09450080" lon="13.28521170" />
      <trkpt lat="53.09359100" lon="13.28527340" />
      <trkpt lat="53.08929890" lon="13.28621180" />
      <trkpt lat="53.08879170" lon="13.28618670" />
      <trkpt lat="53.08694290" lon="13.28609540" />
      <trkpt lat="53.08517250" lon="13.28606000" />
      <trkpt lat="53.07729240" lon="13.28564590" />
      <trkpt lat="53.07435290" lon="13.28543790" />
      <trkpt lat="53.07371040" lon="13.28543320" />
      <trkpt lat="53.07285540" lon="13.28551180" />
      <trkpt lat="53.07180620" lon="13.28602020" />
      <trkpt lat="53.06986970" lon="13.28697230" />
      <trkpt lat="53.06881120" lon="13.28747610" />
      <trkpt lat="53.06724950" lon="13.28780330" />
      <trkpt lat="53.06709160" lon="13.28783880" />
      <trkpt lat="53.06681760" lon="13.28786270" />
      <trkpt lat="53.06663550" lon="13.28790000" />
      <trkpt lat="53.06648100" lon="13.28793160" />
      <trkpt lat="53.06585980" lon="13.28810590" />
      <trkpt lat="53.06494140" lon="13.28827710" />
      <trkpt lat="53.06452160" lon="13.28830010" />
      <trkpt lat="53.06446720" lon="13.28830310" />
      <trkpt lat="53.06430700" lon="13.28828250" />
      <trkpt lat="53.06393820" lon="13.28823730" />
      <trkpt lat="53.06324030" lon="13.28816500" />
      <trkpt lat="53.06302980" lon="13.28812130" />
      <trkpt lat="53.06294230" lon="13.28805150" />
      <trkpt lat="53.06287340" lon="13.28794430" />
      <trkpt lat="53.06281990" lon="13.28777920" />
      <trkpt lat="53.06280160" lon="13.28751390" />
      <trkpt lat="53.06279540" lon="13.28584190" />
      <trkpt lat="53.06273560" lon="13.28551820" />
      <trkpt lat="53.06263930" lon="13.28526000" />
      <trkpt lat="53.06262120" lon="13.28521490" />
      <trkpt lat="53.06245770" lon="13.28495370" />
      <trkpt lat="53.06240410" lon="13.28489100" />
      <trkpt lat="53.06230670" lon="13.28479520" />
      <trkpt lat="53.06218100" lon="13.28467520" />
      <trkpt lat="53.06203720" lon="13.28453480" />
      <trkpt lat="53.06170230" lon="13.28422600" />
      <trkpt lat="53.06114290" lon="13.28369700" />
      <trkpt lat="53.06048850" lon="13.28309810" />
      <trkpt lat="53.06028240" lon="13.28290960" />
      <trkpt lat="53.06017230" lon="13.28280870" />
      <trkpt lat="53.06004470" lon="13.28269200" />
      <trkpt lat="53.05980670" lon="13.28247410" />
      <trkpt lat="53.05956810" lon="13.28225580" />
      <trkpt lat="53.05928690" lon="13.28199850" />
      <trkpt lat="53.05879700" lon="13.28155020" />
      <trkpt lat="53.05860260" lon="13.28137230" />
      <trkpt lat="53.05841450" lon="13.28120020" />
      <trkpt lat="53.05823120" lon="13.28103240" />
      <trkpt lat="53.05786060" lon="13.28069330" />
      <trkpt lat="53.05763040" lon="13.28048060" />
      <trkpt lat="53.05760800" lon="13.28045990" />
      <trkpt lat="53.05721800" lon="13.28009950" />
      <trkpt lat="53.05718240" lon="13.28006770" />
      <trkpt lat="53.05680900" lon="13.27973270" />
      <trkpt lat="53.05644020" lon="13.27949040" />
      <trkpt lat="53.05513910" lon="13.27881610" />
      <trkpt lat="53.05487960" lon="13.27867400" />
      <trkpt lat="53.05467840" lon="13.27856390" />
      <trkpt lat="53.05448790" lon="13.27852760" />
      <trkpt lat="53.05442270" lon="13.27851520" />
      <trkpt lat="53.05405740" lon="13.27856390" />
      <trkpt lat="53.05318280" lon="13.27869350" />
      <trkpt lat="53.05299470" lon="13.27872140" />
      <trkpt lat="53.05297900" lon="13.27872370" />
      <trkpt lat="53.05219310" lon="13.27885110" />
      <trkpt lat="53.05192230" lon="13.27889430" />
      <trkpt lat="53.05117210" lon="13.27899660" />
      <trkpt lat="53.05092410" lon="13.27895370" />
      <trkpt lat="53.05087260" lon="13.27894480" />
      <trkpt lat="53.05083810" lon="13.27892800" />
      <trkpt lat="53.05058650" lon="13.27880570" />
    </trkseg>
  </trk>
  <trk>
    <name>KP57-KP58</name>
    <trkseg>
      <trkpt lat="52.754417" lon="13.24796">
        <ele>36.25</ele>
      </trkpt>
      <trkpt lat="52.754444" lon="13.247933">
        <ele>36.25</ele>
      </trkpt>
      <trkpt lat="52.754437" lon="13.247899">
        <ele>36.25</ele>
      </trkpt>
      <trkpt lat="52.754472" lon="13.247873">
        <ele>36.25</ele>
      </trkpt>
      <trkpt lat="52.754436" lon="13.247709">
        <ele>36</ele>
      </trkpt>
      <trkpt lat="52.754378" lon="13.247442">
        <ele>36</ele>
      </trkpt>
      <trkpt lat="52.75431" lon="13.247129">
        <ele>36</ele>
      </trkpt>
      <trkpt lat="52.754198" lon="13.246618">
        <ele>36</ele>
      </trkpt>
      <trkpt lat="52.754151" lon="13.246404">
        <ele>35.75</ele>
      </trkpt>
      <trkpt lat="52.754024" lon="13.245821">
        <ele>35.5</ele>
      </trkpt>
      <trkpt lat="52.753895" lon="13.245234">
        <ele>35.25</ele>
      </trkpt>
      <trkpt lat="52.753827" lon="13.244925">
        <ele>35.25</ele>
      </trkpt>
      <trkpt lat="52.753675" lon="13.244238">
        <ele>35.5</ele>
      </trkpt>
      <trkpt lat="52.753626" lon="13.24413">
        <ele>35.5</ele>
      </trkpt>
      <trkpt lat="52.753655" lon="13.244082">
        <ele>35.75</ele>
      </trkpt>
      <trkpt lat="52.753701" lon="13.244014">
        <ele>35.75</ele>
      </trkpt>
      <trkpt lat="52.753987" lon="13.24358">
        <ele>36.5</ele>
      </trkpt>
      <trkpt lat="52.753969" lon="13.243507">
        <ele>36.5</ele>
      </trkpt>
      <trkpt lat="52.753905" lon="13.243239">
        <ele>36.25</ele>
      </trkpt>
      <trkpt lat="52.75369" lon="13.242348">
        <ele>36.5</ele>
      </trkpt>
      <trkpt lat="52.753474" lon="13.24138">
        <ele>36.25</ele>
      </trkpt>
      <trkpt lat="52.753141" lon="13.240938">
        <ele>35</ele>
      </trkpt>
      <trkpt lat="52.752914" lon="13.240639">
        <ele>34.75</ele>
      </trkpt>
      <trkpt lat="52.752882" lon="13.240597">
        <ele>34.5</ele>
      </trkpt>
      <trkpt lat="52.752835" lon="13.240493">
        <ele>34.5</ele>
      </trkpt>
      <trkpt lat="52.752548" lon="13.240103">
        <ele>34.75</ele>
      </trkpt>
      <trkpt lat="52.752342" lon="13.239704">
        <ele>34.5</ele>
      </trkpt>
      <trkpt lat="52.752281" lon="13.2396">
        <ele>34.5</ele>
      </trkpt>
      <trkpt lat="52.752041" lon="13.23918">
        <ele>34.5</ele>
      </trkpt>
      <trkpt lat="52.752026" lon="13.239065">
        <ele>34.5</ele>
      </trkpt>
      <trkpt lat="52.751927" lon="13.239112">
        <ele>34.5</ele>
      </trkpt>
      <trkpt lat="52.751893" lon="13.239057">
        <ele>34.75</ele>
      </trkpt>
    </trkseg>
  </trk>
  <trk>
    <name>KP58-KP68</name>
    <trkseg>
      <trkpt lat="52.75192740" lon="13.23911170" />
      <trkpt lat="52.75202630" lon="13.23906500" />
      <trkpt lat="52.75209560" lon="13.23910860" />
      <trkpt lat="52.75250120" lon="13.23942120" />
      <trkpt lat="52.75285620" lon="13.23912000" />
      <trkpt lat="52.75312420" lon="13.23889080" />
      <trkpt lat="52.75323710" lon="13.23874820" />
      <trkpt lat="52.75363830" lon="13.23826590" />
      <trkpt lat="52.75381180" lon="13.23806580" />
      <trkpt lat="52.75386900" lon="13.23805600" />
      <trkpt lat="52.75401770" lon="13.23782290" />
      <trkpt lat="52.75404210" lon="13.23778210" />
      <trkpt lat="52.75414180" lon="13.23763220" />
      <trkpt lat="52.75437670" lon="13.23727830" />
      <trkpt lat="52.75445190" lon="13.23719880" />
      <trkpt lat="52.75486880" lon="13.23716540" />
      <trkpt lat="52.75530050" lon="13.23712110" />
      <trkpt lat="52.75589820" lon="13.23729070" />
      <trkpt lat="52.75598670" lon="13.23728490" />
      <trkpt lat="52.75688320" lon="13.23722380" />
      <trkpt lat="52.75773880" lon="13.23691820" />
      <trkpt lat="52.75808480" lon="13.23637240" />
      <trkpt lat="52.75809490" lon="13.23635670" />
      <trkpt lat="52.75812610" lon="13.23682460" />
      <trkpt lat="52.75816840" lon="13.23760820" />
      <trkpt lat="52.75820310" lon="13.23818800" />
      <trkpt lat="52.75826900" lon="13.23816850" />
      <trkpt lat="52.75827440" lon="13.23820610" />
      <trkpt lat="52.75830560" lon="13.23842260" />
      <trkpt lat="52.75832610" lon="13.23856410" />
      <trkpt lat="52.75816240" lon="13.23862340" />
      <trkpt lat="52.75771080" lon="13.23878720" />
      <trkpt lat="52.75758550" lon="13.23880550" />
      <trkpt lat="52.75753620" lon="13.23843730" />
      <trkpt lat="52.75747880" lon="13.23800950" />
      <trkpt lat="52.75743470" lon="13.23781650" />
      <trkpt lat="52.75737200" lon="13.23775850" />
      <trkpt lat="52.75696590" lon="13.23784530" />
      <trkpt lat="52.75602020" lon="13.23798830" />
      <trkpt lat="52.75580290" lon="13.23796500" />
      <trkpt lat="52.75523840" lon="13.23785510" />
      <trkpt lat="52.75518650" lon="13.23849500" />
      <trkpt lat="52.75506500" lon="13.23862100" />
      <trkpt lat="52.75514200" lon="13.23867570" />
      <trkpt lat="52.75512170" lon="13.23876760" />
      <trkpt lat="52.75517410" lon="13.23880930" />
      <trkpt lat="52.75521450" lon="13.23885620" />
      <trkpt lat="52.75524680" lon="13.23891370" />
      <trkpt lat="52.75526890" lon="13.23897110" />
      <trkpt lat="52.75533090" lon="13.23925650" />
      <trkpt lat="52.75534040" lon="13.23930000" />
      <trkpt lat="52.75535820" lon="13.23938190" />
      <trkpt lat="52.75540870" lon="13.23961410" />
      <trkpt lat="52.75556640" lon="13.24033960" />
      <trkpt lat="52.75563340" lon="13.24064760" />
      <trkpt lat="52.75565120" lon="13.24073090" />
      <trkpt lat="52.75568480" lon="13.24088290" />
      <trkpt lat="52.75576540" lon="13.24102610" />
      <trkpt lat="52.75579580" lon="13.24116290" />
      <trkpt lat="52.75579930" lon="13.24117930" />
      <trkpt lat="52.75593210" lon="13.24179320" />
      <trkpt lat="52.75603850" lon="13.24230150" />
      <trkpt lat="52.75618250" lon="13.24300610" />
      <trkpt lat="52.75640370" lon="13.24408110" />
      <trkpt lat="52.75643940" lon="13.24425150" />
      <trkpt lat="52.75648190" lon="13.24448390" />
      <trkpt lat="52.75647110" lon="13.24456400" />
      <trkpt lat="52.75667220" lon="13.24555440" />
      <trkpt lat="52.75670480" lon="13.24571480" />
      <trkpt lat="52.75686730" lon="13.24651480" />
      <trkpt lat="52.75690700" lon="13.24671350" />
      <trkpt lat="52.75695250" lon="13.24693660" />
      <trkpt lat="52.75705280" lon="13.24738200" />
      <trkpt lat="52.75715860" lon="13.24785530" />
      <trkpt lat="52.75719190" lon="13.24801090" />
      <trkpt lat="52.75728100" lon="13.24845270" />
      <trkpt lat="52.75732590" lon="13.24867310" />
      <trkpt lat="52.75738020" lon="13.24894130" />
      <trkpt lat="52.75748940" lon="13.24948100" />
      <trkpt lat="52.75754310" lon="13.24974640" />
      <trkpt lat="52.75754780" lon="13.24976970" />
      <trkpt lat="52.75765980" lon="13.25032320" />
      <trkpt lat="52.75775320" lon="13.25078490" />
      <trkpt lat="52.75785330" lon="13.25127950" />
      <trkpt lat="52.75795910" lon="13.25179360" />
      <trkpt lat="52.75812220" lon="13.25257800" />
      <trkpt lat="52.75823870" lon="13.25313870" />
      <trkpt lat="52.75831620" lon="13.25350900" />
      <trkpt lat="52.75836390" lon="13.25376460" />
      <trkpt lat="52.75838910" lon="13.25388890" />
      <trkpt lat="52.75857680" lon="13.25479050" />
      <trkpt lat="52.75862450" lon="13.25501990" />
    </trkseg>
  </trk>
  <trk>
    <name>KP6-KP11</name>
    <trkseg>
      <trkpt lat="52.92112040" lon="12.80050440" />
      <trkpt lat="52.92108610" lon="12.80045540" />
      <trkpt lat="52.92082110" lon="12.80057390" />
      <trkpt lat="52.92078940" lon="12.80058400" />
      <trkpt lat="52.92077470" lon="12.80058330" />
      <trkpt lat="52.92076330" lon="12.80057620" />
      <trkpt lat="52.92073400" lon="12.80055610" />
      <trkpt lat="52.92066530" lon="12.80050860" />
      <trkpt lat="52.92061020" lon="12.80051650" />
      <trkpt lat="52.91964410" lon="12.80065470" />
      <trkpt lat="52.91881780" lon="12.80077070" />
      <trkpt lat="52.91878780" lon="12.80077470" />
      <trkpt lat="52.91875160" lon="12.80077960" />
      <trkpt lat="52.91858650" lon="12.80080220" />
      <trkpt lat="52.91827560" lon="12.80086300" />
      <trkpt lat="52.91807760" lon="12.80089010" />
      <trkpt lat="52.91787900" lon="12.80091730" />
      <trkpt lat="52.91698640" lon="12.80103950" />
      <trkpt lat="52.91693160" lon="12.80104840" />
      <trkpt lat="52.91672820" lon="12.80108150" />
      <trkpt lat="52.91669460" lon="12.80108700" />
      <trkpt lat="52.91653860" lon="12.80112080" />
      <trkpt lat="52.91643820" lon="12.80113450" />
      <trkpt lat="52.91635200" lon="12.80113220" />
      <trkpt lat="52.91607970" lon="12.80116450" />
      <trkpt lat="52.91566140" lon="12.80122810" />
      <trkpt lat="52.91555040" lon="12.80124100" />
      <trkpt lat="52.91512850" lon="12.80130280" />
      <trkpt lat="52.91511820" lon="12.80130280" />
      <trkpt lat="52.91475480" lon="12.80135370" />
      <trkpt lat="52.91450070" lon="12.80139280" />
      <trkpt lat="52.91439250" lon="12.80141120" />
      <trkpt lat="52.91387600" lon="12.80148550" />
      <trkpt lat="52.91375140" lon="12.80150350" />
      <trkpt lat="52.91322430" lon="12.80159980" />
      <trkpt lat="52.91305670" lon="12.80160650" />
      <trkpt lat="52.91269460" lon="12.80165990" />
      <trkpt lat="52.91240880" lon="12.80170610" />
      <trkpt lat="52.91213330" lon="12.80169810" />
      <trkpt lat="52.91212940" lon="12.80173440" />
      <trkpt lat="52.91210290" lon="12.80186760" />
      <trkpt lat="52.91176620" lon="12.80282580" />
      <trkpt lat="52.91166430" lon="12.80313940" />
      <trkpt lat="52.91139970" lon="12.80390940" />
      <trkpt lat="52.91129860" lon="12.80420320" />
      <trkpt lat="52.91122040" lon="12.80442760" />
      <trkpt lat="52.91115280" lon="12.80437400" />
      <trkpt lat="52.91090640" lon="12.80459030" />
      <trkpt lat="52.91068540" lon="12.80472060" />
      <trkpt lat="52.91044900" lon="12.80471510" />
      <trkpt lat="52.91002000" lon="12.80460560" />
      <trkpt lat="52.90957940" lon="12.80449310" />
      <trkpt lat="52.90954610" lon="12.80447370" />
      <trkpt lat="52.90924420" lon="12.80443040" />
      <trkpt lat="52.90904990" lon="12.80436420" />
      <trkpt lat="52.90887780" lon="12.80428800" />
      <trkpt lat="52.90874610" lon="12.80420820" />
      <trkpt lat="52.90874600" lon="12.80405980" />
      <trkpt lat="52.90791840" lon="12.80365760" />
      <trkpt lat="52.90708350" lon="12.80327500" />
      <trkpt lat="52.90646270" lon="12.80298060" />
      <trkpt lat="52.90642850" lon="12.80296130" />
      <trkpt lat="52.90633490" lon="12.80290840" />
      <trkpt lat="52.90527730" lon="12.80231060" />
      <trkpt lat="52.90405600" lon="12.80170350" />
      <trkpt lat="52.90300100" lon="12.80117910" />
      <trkpt lat="52.90197670" lon="12.80067000" />
      <trkpt lat="52.90190020" lon="12.80062910" />
      <trkpt lat="52.90160750" lon="12.80049960" />
      <trkpt lat="52.90107770" lon="12.80023280" />
      <trkpt lat="52.90106050" lon="12.80022680" />
      <trkpt lat="52.90069540" lon="12.80010060" />
      <trkpt lat="52.90051180" lon="12.80005480" />
      <trkpt lat="52.90032540" lon="12.80003600" />
      <trkpt lat="52.90010520" lon="12.79999780" />
      <trkpt lat="52.90003210" lon="12.79998930" />
      <trkpt lat="52.89942400" lon="12.80002400" />
      <trkpt lat="52.89916330" lon="12.80004730" />
      <trkpt lat="52.89882400" lon="12.80014310" />
      <trkpt lat="52.89791990" lon="12.80042700" />
      <trkpt lat="52.89772430" lon="12.80048840" />
      <trkpt lat="52.89745210" lon="12.80056100" />
      <trkpt lat="52.89696170" lon="12.80060880" />
      <trkpt lat="52.89627280" lon="12.80058150" />
      <trkpt lat="52.89606620" lon="12.80058230" />
      <trkpt lat="52.89555390" lon="12.80042430" />
      <trkpt lat="52.89453080" lon="12.80004280" />
      <trkpt lat="52.89425810" lon="12.80000250" />
      <trkpt lat="52.89399110" lon="12.79995650" />
      <trkpt lat="52.89378840" lon="12.79994520" />
      <trkpt lat="52.89374310" lon="12.79993330" />
      <trkpt lat="52.89352070" lon="12.79986480" />
      <trkpt lat="52.89342760" lon="12.79983260" />
      <trkpt lat="52.89323930" lon="12.79976410" />
      <trkpt lat="52.89315590" lon="12.79973280" />
      <trkpt lat="52.89268670" lon="12.79955220" />
      <trkpt lat="52.89264310" lon="12.79953710" />
    </trkseg>
  </trk>
  <trk>
    <name>KP6-KP17</name>
    <trkseg>
      <trkpt lat="52.86995110" lon="13.14569610" />
      <trkpt lat="52.86970980" lon="13.14578130" />
      <trkpt lat="52.86959390" lon="13.14579670" />
      <trkpt lat="52.86944330" lon="13.14575480" />
      <trkpt lat="52.86904860" lon="13.14570420" />
      <trkpt lat="52.86874210" lon="13.14530390" />
      <trkpt lat="52.86864330" lon="13.14516730" />
      <trkpt lat="52.86855640" lon="13.14504700" />
      <trkpt lat="52.86842820" lon="13.14500140" />
      <trkpt lat="52.86832510" lon="13.14495540" />
      <trkpt lat="52.86787710" lon="13.14502760" />
      <trkpt lat="52.86696560" lon="13.14487730" />
      <trkpt lat="52.86678610" lon="13.14502030" />
      <trkpt lat="52.86569450" lon="13.14742870" />
      <trkpt lat="52.86477740" lon="13.14863380" />
      <trkpt lat="52.86389140" lon="13.15004660" />
      <trkpt lat="52.86358950" lon="13.15042320" />
      <trkpt lat="52.86344630" lon="13.15059010" />
      <trkpt lat="52.86349820" lon="13.15178810" />
      <trkpt lat="52.86267790" lon="13.15477280" />
      <trkpt lat="52.86254070" lon="13.15529620" />
      <trkpt lat="52.86195010" lon="13.15754950" />
      <trkpt lat="52.86149020" lon="13.15915350" />
      <trkpt lat="52.86118630" lon="13.16031930" />
      <trkpt lat="52.86116580" lon="13.16039800" />
      <trkpt lat="52.86110360" lon="13.16063270" />
      <trkpt lat="52.86093760" lon="13.16125900" />
      <trkpt lat="52.86019920" lon="13.16405220" />
      <trkpt lat="52.86015480" lon="13.16421210" />
      <trkpt lat="52.85963780" lon="13.16612320" />
      <trkpt lat="52.85951070" lon="13.16658370" />
      <trkpt lat="52.85950130" lon="13.16669620" />
      <trkpt lat="52.85950140" lon="13.16672990" />
      <trkpt lat="52.85950160" lon="13.16679820" />
      <trkpt lat="52.85927020" lon="13.16697130" />
      <trkpt lat="52.85915780" lon="13.16707350" />
      <trkpt lat="52.85901730" lon="13.16720720" />
      <trkpt lat="52.85890010" lon="13.16735440" />
      <trkpt lat="52.85878920" lon="13.16752270" />
      <trkpt lat="52.85869240" lon="13.16774760" />
      <trkpt lat="52.85859730" lon="13.16807800" />
      <trkpt lat="52.85849680" lon="13.16852680" />
      <trkpt lat="52.85845180" lon="13.16872790" />
      <trkpt lat="52.85839750" lon="13.16897050" />
      <trkpt lat="52.85833980" lon="13.16922840" />
      <trkpt lat="52.85825360" lon="13.16961370" />
      <trkpt lat="52.85819860" lon="13.16985940" />
      <trkpt lat="52.85818580" lon="13.16991680" />
      <trkpt lat="52.85810650" lon="13.17027110" />
      <trkpt lat="52.85807610" lon="13.17040710" />
      <trkpt lat="52.85804670" lon="13.17053300" />
      <trkpt lat="52.85798530" lon="13.17079550" />
      <trkpt lat="52.85796190" lon="13.17089530" />
      <trkpt lat="52.85789240" lon="13.17119260" />
      <trkpt lat="52.85785570" lon="13.17134980" />
      <trkpt lat="52.85774350" lon="13.17182960" />
      <trkpt lat="52.85771270" lon="13.17196370" />
      <trkpt lat="52.85765030" lon="13.17223620" />
      <trkpt lat="52.85762520" lon="13.17234550" />
      <trkpt lat="52.85756710" lon="13.17259890" />
      <trkpt lat="52.85750520" lon="13.17286860" />
      <trkpt lat="52.85747220" lon="13.17301260" />
      <trkpt lat="52.85739870" lon="13.17333310" />
      <trkpt lat="52.85732870" lon="13.17360170" />
      <trkpt lat="52.85726020" lon="13.17372550" />
      <trkpt lat="52.85720060" lon="13.17378410" />
      <trkpt lat="52.85707780" lon="13.17380620" />
      <trkpt lat="52.85686580" lon="13.17376800" />
      <trkpt lat="52.85684740" lon="13.17376470" />
      <trkpt lat="52.85674900" lon="13.17374700" />
      <trkpt lat="52.85650970" lon="13.17370400" />
      <trkpt lat="52.85638280" lon="13.17368110" />
      <trkpt lat="52.85635990" lon="13.17367700" />
      <trkpt lat="52.85619350" lon="13.17364820" />
      <trkpt lat="52.85601490" lon="13.17361730" />
      <trkpt lat="52.85597550" lon="13.17360780" />
      <trkpt lat="52.85575090" lon="13.17357100" />
      <trkpt lat="52.85561780" lon="13.17355260" />
      <trkpt lat="52.85545110" lon="13.17352900" />
      <trkpt lat="52.85528120" lon="13.17350500" />
      <trkpt lat="52.85522680" lon="13.17349720" />
      <trkpt lat="52.85518560" lon="13.17349140" />
      <trkpt lat="52.85496620" lon="13.17346040" />
      <trkpt lat="52.85484140" lon="13.17344270" />
      <trkpt lat="52.85476740" lon="13.17343100" />
      <trkpt lat="52.85467130" lon="13.17341580" />
      <trkpt lat="52.85462890" lon="13.17341260" />
      <trkpt lat="52.85457060" lon="13.17340200" />
      <trkpt lat="52.85450540" lon="13.17339510" />
      <trkpt lat="52.85439280" lon="13.17337920" />
      <trkpt lat="52.85422940" lon="13.17335370" />
      <trkpt lat="52.85402120" lon="13.17332730" />
      <trkpt lat="52.85389230" lon="13.17330950" />
      <trkpt lat="52.85373830" lon="13.17329600" />
      <trkpt lat="52.85345780" lon="13.17327140" />
      <trkpt lat="52.85344450" lon="13.17327020" />
      <trkpt lat="52.85340790" lon="13.17326700" />
      <trkpt lat="52.85324630" lon="13.17325290" />
      <trkpt lat="52.85316000" lon="13.17324530" />
      <trkpt lat="52.85316590" lon="13.17312880" />
      <trkpt lat="52.85317140" lon="13.17301870" />
      <trkpt lat="52.85317220" lon="13.17296880" />
      <trkpt lat="52.85312100" lon="13.17133590" />
      <trkpt lat="52.85309920" lon="13.17115860" />
      <trkpt lat="52.85306140" lon="13.17099600" />
      <trkpt lat="52.85294190" lon="13.17058010" />
      <trkpt lat="52.85288140" lon="13.17037810" />
      <trkpt lat="52.85285000" lon="13.17028440" />
      <trkpt lat="52.85107340" lon="13.16449600" />
      <trkpt lat="52.85027790" lon="13.16193100" />
      <trkpt lat="52.84952920" lon="13.15939010" />
      <trkpt lat="52.84889170" lon="13.15733070" />
      <trkpt lat="52.84813210" lon="13.15507530" />
      <trkpt lat="52.84781880" lon="13.15424520" />
      <trkpt lat="52.84756800" lon="13.15378930" />
      <trkpt lat="52.84540580" lon="13.15084250" />
      <trkpt lat="52.84487230" lon="13.15039430" />
      <trkpt lat="52.84417870" lon="13.14997390" />
      <trkpt lat="52.84334100" lon="13.14945470" />
      <trkpt lat="52.84314580" lon="13.14933370" />
      <trkpt lat="52.84300920" lon="13.14914590" />
      <trkpt lat="52.84285130" lon="13.14882150" />
      <trkpt lat="52.84271890" lon="13.14820690" />
      <trkpt lat="52.84259090" lon="13.14746840" />
      <trkpt lat="52.84245140" lon="13.14698670" />
      <trkpt lat="52.84235670" lon="13.14675320" />
      <trkpt lat="52.84229130" lon="13.14661410" />
      <trkpt lat="52.84224260" lon="13.14654110" />
      <trkpt lat="52.84205690" lon="13.14637080" />
      <trkpt lat="52.84200170" lon="13.14631410" />
    </trkseg>
  </trk>
  <trk>
    <name>KP61-KP62</name>
    <trkseg>
      <trkpt lat="52.75157480" lon="13.21976150" />
      <trkpt lat="52.75162570" lon="13.21977570" />
      <trkpt lat="52.75161340" lon="13.21991010" />
      <trkpt lat="52.75165820" lon="13.21991980" />
      <trkpt lat="52.75178330" lon="13.21994010" />
      <trkpt lat="52.75180800" lon="13.22047240" />
      <trkpt lat="52.75173480" lon="13.22072840" />
      <trkpt lat="52.75175530" lon="13.22121350" />
      <trkpt lat="52.75182710" lon="13.22132270" />
      <trkpt lat="52.75239900" lon="13.22135530" />
      <trkpt lat="52.75310220" lon="13.22176210" />
      <trkpt lat="52.75325130" lon="13.22178430" />
      <trkpt lat="52.75436770" lon="13.22252010" />
      <trkpt lat="52.75459560" lon="13.22266740" />
      <trkpt lat="52.75480380" lon="13.22275420" />
      <trkpt lat="52.75493080" lon="13.22284690" />
      <trkpt lat="52.75494310" lon="13.22282610" />
      <trkpt lat="52.75504550" lon="13.22285170" />
      <trkpt lat="52.75509980" lon="13.22292060" />
      <trkpt lat="52.75515270" lon="13.22297780" />
      <trkpt lat="52.75538480" lon="13.22309680" />
      <trkpt lat="52.75547090" lon="13.22316730" />
      <trkpt lat="52.75593290" lon="13.22350670" />
      <trkpt lat="52.75605030" lon="13.22354110" />
      <trkpt lat="52.75616420" lon="13.22361460" />
      <trkpt lat="52.75631920" lon="13.22377350" />
      <trkpt lat="52.75661830" lon="13.22396930" />
      <trkpt lat="52.75840560" lon="13.22508280" />
      <trkpt lat="52.75918580" lon="13.22556300" />
      <trkpt lat="52.76410770" lon="13.22859270" />
      <trkpt lat="52.76426760" lon="13.22862340" />
      <trkpt lat="52.76460770" lon="13.22887820" />
      <trkpt lat="52.76545560" lon="13.22941570" />
      <trkpt lat="52.76703100" lon="13.23043750" />
      <trkpt lat="52.76710260" lon="13.23043500" />
      <trkpt lat="52.76717320" lon="13.23045990" />
      <trkpt lat="52.76728180" lon="13.23056410" />
      <trkpt lat="52.76760020" lon="13.23079610" />
      <trkpt lat="52.76782560" lon="13.23088860" />
      <trkpt lat="52.76857000" lon="13.23133880" />
      <trkpt lat="52.76945450" lon="13.23198370" />
      <trkpt lat="52.76963420" lon="13.23204530" />
      <trkpt lat="52.76980480" lon="13.23202340" />
      <trkpt lat="52.76987860" lon="13.23198060" />
      <trkpt lat="52.76994790" lon="13.23187570" />
      <trkpt lat="52.77023770" lon="13.23097650" />
      <trkpt lat="52.77046140" lon="13.23022550" />
      <trkpt lat="52.77049030" lon="13.23012160" />
      <trkpt lat="52.77068670" lon="13.22945170" />
      <trkpt lat="52.77093570" lon="13.22964510" />
      <trkpt lat="52.77187320" lon="13.23023350" />
      <trkpt lat="52.77203880" lon="13.23034030" />
      <trkpt lat="52.77267830" lon="13.23079420" />
      <trkpt lat="52.77317600" lon="13.23115740" />
      <trkpt lat="52.77358810" lon="13.23146650" />
      <trkpt lat="52.77408360" lon="13.23181930" />
      <trkpt lat="52.77478130" lon="13.23232780" />
      <trkpt lat="52.77571030" lon="13.23298440" />
      <trkpt lat="52.77566310" lon="13.23306830" />
      <trkpt lat="52.77562010" lon="13.23308580" />
      <trkpt lat="52.77557360" lon="13.23307650" />
      <trkpt lat="52.77554750" lon="13.23311840" />
      <trkpt lat="52.77549870" lon="13.23332230" />
      <trkpt lat="52.77530840" lon="13.23424690" />
      <trkpt lat="52.77527390" lon="13.23440980" />
      <trkpt lat="52.77525060" lon="13.23453100" />
      <trkpt lat="52.77522640" lon="13.23465240" />
      <trkpt lat="52.77520800" lon="13.23475330" />
      <trkpt lat="52.77520310" lon="13.23488760" />
      <trkpt lat="52.77505060" lon="13.23565460" />
      <trkpt lat="52.77499350" lon="13.23581980" />
      <trkpt lat="52.77497520" lon="13.23591130" />
      <trkpt lat="52.77483030" lon="13.23671820" />
      <trkpt lat="52.77462830" lon="13.23768550" />
      <trkpt lat="52.77457650" lon="13.23792690" />
      <trkpt lat="52.77456670" lon="13.23805290" />
      <trkpt lat="52.77458290" lon="13.23886330" />
      <trkpt lat="52.77461130" lon="13.23928190" />
      <trkpt lat="52.77506020" lon="13.24054510" />
      <trkpt lat="52.77540350" lon="13.24121530" />
      <trkpt lat="52.77549120" lon="13.24137430" />
      <trkpt lat="52.77553900" lon="13.24144090" />
      <trkpt lat="52.77574220" lon="13.24158720" />
      <trkpt lat="52.77599070" lon="13.24193700" />
      <trkpt lat="52.77609720" lon="13.24201980" />
      <trkpt lat="52.77613210" lon="13.24203990" />
    </trkseg>
  </trk>
  <trk>
    <name>KP65-KP66</name>
    <trkseg>
      <trkpt lat="52.79273480" lon="13.28691400" />
      <trkpt lat="52.79271710" lon="13.28694560" />
      <trkpt lat="52.79245930" lon="13.28740710" />
      <trkpt lat="52.79195180" lon="13.28835910" />
      <trkpt lat="52.79189360" lon="13.28846740" />
      <trkpt lat="52.79147120" lon="13.28923910" />
      <trkpt lat="52.79117220" lon="13.28982040" />
      <trkpt lat="52.79105230" lon="13.29002430" />
      <trkpt lat="52.79089160" lon="13.29030150" />
      <trkpt lat="52.79062810" lon="13.29074730" />
      <trkpt lat="52.79055100" lon="13.29084570" />
      <trkpt lat="52.79043160" lon="13.29092500" />
      <trkpt lat="52.79015290" lon="13.29106570" />
      <trkpt lat="52.79012760" lon="13.29107060" />
      <trkpt lat="52.78944370" lon="13.29120220" />
      <trkpt lat="52.78922380" lon="13.29127660" />
      <trkpt lat="52.78898260" lon="13.29159820" />
      <trkpt lat="52.78821340" lon="13.29255680" />
      <trkpt lat="52.78809400" lon="13.29271120" />
      <trkpt lat="52.78810720" lon="13.29277050" />
    </trkseg>
  </trk>
  <trk>
    <name>KP66-KP67</name>
    <trkseg>
      <trkpt lat="52.78810720" lon="13.29277050" />
      <trkpt lat="52.78790860" lon="13.29311160" />
      <trkpt lat="52.78706030" lon="13.29456850" />
      <trkpt lat="52.78685700" lon="13.29491760" />
      <trkpt lat="52.78675490" lon="13.29519780" />
      <trkpt lat="52.78668790" lon="13.29544720" />
      <trkpt lat="52.78655780" lon="13.29651170" />
      <trkpt lat="52.78653920" lon="13.29664910" />
      <trkpt lat="52.78650820" lon="13.29687780" />
      <trkpt lat="52.78649170" lon="13.29700000" />
      <trkpt lat="52.78622650" lon="13.29847510" />
      <trkpt lat="52.78582160" lon="13.29976100" />
      <trkpt lat="52.78515030" lon="13.30094930" />
      <trkpt lat="52.78513800" lon="13.30098690" />
      <trkpt lat="52.78436180" lon="13.30335670" />
      <trkpt lat="52.78389840" lon="13.30451640" />
      <trkpt lat="52.78167700" lon="13.30829840" />
      <trkpt lat="52.78138720" lon="13.30888210" />
      <trkpt lat="52.78113840" lon="13.30948020" />
      <trkpt lat="52.78055850" lon="13.31112980" />
      <trkpt lat="52.78035970" lon="13.31206700" />
      <trkpt lat="52.78011570" lon="13.31370280" />
      <trkpt lat="52.78029280" lon="13.31529920" />
      <trkpt lat="52.78032570" lon="13.31565110" />
      <trkpt lat="52.78027870" lon="13.31639070" />
      <trkpt lat="52.78029170" lon="13.31746360" />
      <trkpt lat="52.78009560" lon="13.31807370" />
      <trkpt lat="52.77999070" lon="13.31839970" />
      <trkpt lat="52.77918870" lon="13.32083820" />
      <trkpt lat="52.77892240" lon="13.32164780" />
      <trkpt lat="52.77848060" lon="13.32293660" />
      <trkpt lat="52.77810250" lon="13.32423440" />
      <trkpt lat="52.77762750" lon="13.32591450" />
      <trkpt lat="52.77759530" lon="13.32607560" />
      <trkpt lat="52.77745470" lon="13.32623180" />
      <trkpt lat="52.77632870" lon="13.32730340" />
      <trkpt lat="52.77617510" lon="13.32745010" />
      <trkpt lat="52.77543870" lon="13.32813520" />
      <trkpt lat="52.77473230" lon="13.32882980" />
      <trkpt lat="52.77463190" lon="13.32898370" />
    </trkseg>
  </trk>
  <trk>
    <name>KP7-KP13</name>
    <trkseg>
      <trkpt lat="52.917185" lon="13.1275">
        <ele>53</ele>
      </trkpt>
      <trkpt lat="52.917058" lon="13.127691">
        <ele>53.5</ele>
      </trkpt>
      <trkpt lat="52.916784" lon="13.1272">
        <ele>53.75</ele>
      </trkpt>
      <trkpt lat="52.916462" lon="13.12657">
        <ele>53.75</ele>
      </trkpt>
      <trkpt lat="52.91572" lon="13.125085">
        <ele>54</ele>
      </trkpt>
      <trkpt lat="52.911453" lon="13.116759">
        <ele>53.5</ele>
      </trkpt>
      <trkpt lat="52.910515" lon="13.114904">
        <ele>51.5</ele>
      </trkpt>
      <trkpt lat="52.910033" lon="13.113847">
        <ele>50</ele>
      </trkpt>
      <trkpt lat="52.909467" lon="13.112474">
        <ele>52.25</ele>
      </trkpt>
      <trkpt lat="52.909258" lon="13.111961">
        <ele>54.5</ele>
      </trkpt>
      <trkpt lat="52.909025" lon="13.111412">
        <ele>56.25</ele>
      </trkpt>
      <trkpt lat="52.908774" lon="13.110238">
        <ele>60.5</ele>
      </trkpt>
      <trkpt lat="52.90847" lon="13.109031">
        <ele>62</ele>
      </trkpt>
      <trkpt lat="52.908362" lon="13.108441">
        <ele>62.75</ele>
      </trkpt>
      <trkpt lat="52.908152" lon="13.107491">
        <ele>63.5</ele>
      </trkpt>
      <trkpt lat="52.907995" lon="13.106931">
        <ele>63</ele>
      </trkpt>
      <trkpt lat="52.907702" lon="13.106283">
        <ele>63.25</ele>
      </trkpt>
      <trkpt lat="52.907576" lon="13.105804">
        <ele>64</ele>
      </trkpt>
      <trkpt lat="52.907385" lon="13.105641">
        <ele>64</ele>
      </trkpt>
      <trkpt lat="52.907086" lon="13.105282">
        <ele>64.5</ele>
      </trkpt>
      <trkpt lat="52.906814" lon="13.104875">
        <ele>64.5</ele>
      </trkpt>
      <trkpt lat="52.906529" lon="13.104403">
        <ele>63</ele>
      </trkpt>
      <trkpt lat="52.906141" lon="13.103931">
        <ele>61.25</ele>
      </trkpt>
      <trkpt lat="52.905921" lon="13.103609">
        <ele>59.75</ele>
      </trkpt>
      <trkpt lat="52.90539" lon="13.103137">
        <ele>59.75</ele>
      </trkpt>
      <trkpt lat="52.905002" lon="13.102429">
        <ele>59.75</ele>
      </trkpt>
      <trkpt lat="52.904769" lon="13.102107">
        <ele>58.75</ele>
      </trkpt>
      <trkpt lat="52.904368" lon="13.101613">
        <ele>57.25</ele>
      </trkpt>
      <trkpt lat="52.904173" lon="13.101248">
        <ele>56.5</ele>
      </trkpt>
      <trkpt lat="52.903953" lon="13.101163">
        <ele>55</ele>
      </trkpt>
      <trkpt lat="52.903392" lon="13.100659">
        <ele>55</ele>
      </trkpt>
      <trkpt lat="52.903164" lon="13.100455">
        <ele>54.5</ele>
      </trkpt>
      <trkpt lat="52.902845" lon="13.100133">
        <ele>57.75</ele>
      </trkpt>
      <trkpt lat="52.902607" lon="13.099961">
        <ele>60.25</ele>
      </trkpt>
      <trkpt lat="52.902556" lon="13.099746">
        <ele>61</ele>
      </trkpt>
      <trkpt lat="52.9024" lon="13.099317">
        <ele>62.75</ele>
      </trkpt>
      <trkpt lat="52.902328" lon="13.099055">
        <ele>63.25</ele>
      </trkpt>
      <trkpt lat="52.902141" lon="13.098438">
        <ele>63.5</ele>
      </trkpt>
      <trkpt lat="52.901809" lon="13.097297">
        <ele>61.5</ele>
      </trkpt>
      <trkpt lat="52.901393" lon="13.09597">
        <ele>59.5</ele>
      </trkpt>
      <trkpt lat="52.90126" lon="13.095486">
        <ele>59.5</ele>
      </trkpt>
      <trkpt lat="52.901163" lon="13.095058">
        <ele>60</ele>
      </trkpt>
      <trkpt lat="52.90102" lon="13.09483">
        <ele>60</ele>
      </trkpt>
      <trkpt lat="52.900614" lon="13.09494">
        <ele>59.75</ele>
      </trkpt>
      <trkpt lat="52.900135" lon="13.095197">
        <ele>57.25</ele>
      </trkpt>
      <trkpt lat="52.899749" lon="13.095337">
        <ele>57</ele>
      </trkpt>
      <trkpt lat="52.899561" lon="13.095421">
        <ele>57.25</ele>
      </trkpt>
      <trkpt lat="52.899282" lon="13.095486">
        <ele>57.75</ele>
      </trkpt>
      <trkpt lat="52.899144" lon="13.095502">
        <ele>57.75</ele>
      </trkpt>
      <trkpt lat="52.898912" lon="13.095502">
        <ele>56.75</ele>
      </trkpt>
      <trkpt lat="52.898704" lon="13.095418">
        <ele>55.75</ele>
      </trkpt>
      <trkpt lat="52.898537" lon="13.095385">
        <ele>54.75</ele>
      </trkpt>
      <trkpt lat="52.898142" lon="13.095272">
        <ele>54</ele>
      </trkpt>
      <trkpt lat="52.898017" lon="13.095213">
        <ele>54</ele>
      </trkpt>
      <trkpt lat="52.897638" lon="13.099034">
        <ele>55.75</ele>
      </trkpt>
      <trkpt lat="52.897582" lon="13.099793">
        <ele>57.25</ele>
      </trkpt>
      <trkpt lat="52.897579" lon="13.100096">
        <ele>57.75</ele>
      </trkpt>
      <trkpt lat="52.897497" lon="13.100607">
        <ele>58</ele>
      </trkpt>
      <trkpt lat="52.897453" lon="13.100865">
        <ele>58.25</ele>
      </trkpt>
      <trkpt lat="52.897446" lon="13.101334">
        <ele>58.25</ele>
      </trkpt>
      <trkpt lat="52.897267" lon="13.103164">
        <ele>58.25</ele>
      </trkpt>
      <trkpt lat="52.897214" lon="13.103503">
        <ele>58.75</ele>
      </trkpt>
      <trkpt lat="52.897188" lon="13.103607">
        <ele>59</ele>
      </trkpt>
      <trkpt lat="52.897035" lon="13.104994">
        <ele>60.5</ele>
      </trkpt>
      <trkpt lat="52.896968" lon="13.10568">
        <ele>60.5</ele>
      </trkpt>
      <trkpt lat="52.896913" lon="13.106049">
        <ele>60.75</ele>
      </trkpt>
      <trkpt lat="52.896917" lon="13.106353">
        <ele>60.25</ele>
      </trkpt>
      <trkpt lat="52.896882" lon="13.106821">
        <ele>59.5</ele>
      </trkpt>
      <trkpt lat="52.89667" lon="13.108914">
        <ele>50.5</ele>
      </trkpt>
      <trkpt lat="52.896586" lon="13.109468">
        <ele>49.5</ele>
      </trkpt>
      <trkpt lat="52.896469" lon="13.110027">
        <ele>48.25</ele>
      </trkpt>
      <trkpt lat="52.896314" lon="13.110578">
        <ele>48.25</ele>
      </trkpt>
      <trkpt lat="52.896179" lon="13.110956">
        <ele>47.75</ele>
      </trkpt>
      <trkpt lat="52.89494" lon="13.114086">
        <ele>49</ele>
      </trkpt>
      <trkpt lat="52.893869" lon="13.116779">
        <ele>47.5</ele>
      </trkpt>
      <trkpt lat="52.893614" lon="13.117473">
        <ele>47.75</ele>
      </trkpt>
      <trkpt lat="52.893429" lon="13.118084">
        <ele>48.5</ele>
      </trkpt>
      <trkpt lat="52.893292" lon="13.118672">
        <ele>49.5</ele>
      </trkpt>
      <trkpt lat="52.893202" lon="13.119141">
        <ele>50.25</ele>
      </trkpt>
      <trkpt lat="52.89305" lon="13.120173">
        <ele>51.75</ele>
      </trkpt>
      <trkpt lat="52.89285" lon="13.121506">
        <ele>51.5</ele>
      </trkpt>
      <trkpt lat="52.892782" lon="13.122142">
        <ele>51.25</ele>
      </trkpt>
      <trkpt lat="52.892667" lon="13.122844">
        <ele>50.25</ele>
      </trkpt>
      <trkpt lat="52.892617" lon="13.123111">
        <ele>49.5</ele>
      </trkpt>
      <trkpt lat="52.892523" lon="13.1236">
        <ele>49</ele>
      </trkpt>
      <trkpt lat="52.892517" lon="13.123686">
        <ele>49</ele>
      </trkpt>
      <trkpt lat="52.89184" lon="13.124635">
        <ele>49.25</ele>
      </trkpt>
      <trkpt lat="52.891823" lon="13.124608">
        <ele>49.25</ele>
      </trkpt>
      <trkpt lat="52.891793" lon="13.124589">
        <ele>49.25</ele>
      </trkpt>
      <trkpt lat="52.891427" lon="13.124545">
        <ele>49</ele>
      </trkpt>
      <trkpt lat="52.891329" lon="13.124577">
        <ele>49</ele>
      </trkpt>
      <trkpt lat="52.8913" lon="13.124513">
        <ele>48.75</ele>
      </trkpt>
    </trkseg>
  </trk>
  <trk>
    <name>KP71-KP73</name>
    <trkseg>
      <trkpt lat="52.83300080" lon="13.30185560" />
      <trkpt lat="52.83305040" lon="13.30188060" />
      <trkpt lat="52.83321540" lon="13.30229160" />
      <trkpt lat="52.83402780" lon="13.30422090" />
      <trkpt lat="52.83431370" lon="13.30487670" />
      <trkpt lat="52.83459040" lon="13.30551950" />
      <trkpt lat="52.83467620" lon="13.30571180" />
      <trkpt lat="52.83469500" lon="13.30578160" />
      <trkpt lat="52.83469110" lon="13.30587060" />
      <trkpt lat="52.83464980" lon="13.30610130" />
      <trkpt lat="52.83467520" lon="13.30626590" />
      <trkpt lat="52.83484690" lon="13.30674890" />
      <trkpt lat="52.83505170" lon="13.30731790" />
      <trkpt lat="52.83529550" lon="13.30785910" />
      <trkpt lat="52.83586170" lon="13.30925910" />
      <trkpt lat="52.83600850" lon="13.30966030" />
      <trkpt lat="52.83619250" lon="13.31006660" />
      <trkpt lat="52.83637150" lon="13.31064100" />
      <trkpt lat="52.83643850" lon="13.31073610" />
      <trkpt lat="52.83656100" lon="13.31074070" />
      <trkpt lat="52.83667200" lon="13.31075090" />
      <trkpt lat="52.83673220" lon="13.31078560" />
      <trkpt lat="52.83679050" lon="13.31087240" />
      <trkpt lat="52.83699400" lon="13.31126650" />
      <trkpt lat="52.83709950" lon="13.31144460" />
      <trkpt lat="52.83733580" lon="13.31187820" />
      <trkpt lat="52.83749020" lon="13.31218500" />
      <trkpt lat="52.83774880" lon="13.31265960" />
      <trkpt lat="52.83826350" lon="13.31362370" />
      <trkpt lat="52.83867300" lon="13.31463120" />
      <trkpt lat="52.83872290" lon="13.31486890" />
      <trkpt lat="52.83881850" lon="13.31514910" />
      <trkpt lat="52.83893050" lon="13.31542830" />
      <trkpt lat="52.83907290" lon="13.31590400" />
      <trkpt lat="52.83981140" lon="13.31811960" />
      <trkpt lat="52.83997870" lon="13.31849270" />
      <trkpt lat="52.84003480" lon="13.31861790" />
      <trkpt lat="52.84166410" lon="13.32175810" />
      <trkpt lat="52.84292270" lon="13.32420320" />
      <trkpt lat="52.84332820" lon="13.32500250" />
      <trkpt lat="52.84358740" lon="13.32549180" />
      <trkpt lat="52.84452740" lon="13.32664400" />
      <trkpt lat="52.84541630" lon="13.32770660" />
      <trkpt lat="52.84586060" lon="13.32822770" />
      <trkpt lat="52.84613040" lon="13.32848280" />
      <trkpt lat="52.84641270" lon="13.32862040" />
      <trkpt lat="52.84646070" lon="13.32862640" />
      <trkpt lat="52.84666250" lon="13.32862830" />
      <trkpt lat="52.84751160" lon="13.32859020" />
      <trkpt lat="52.84771560" lon="13.32853380" />
      <trkpt lat="52.84941370" lon="13.32775300" />
      <trkpt lat="52.84950730" lon="13.32773190" />
      <trkpt lat="52.84964840" lon="13.32774710" />
      <trkpt lat="52.84993690" lon="13.32788650" />
      <trkpt lat="52.85026400" lon="13.32810100" />
      <trkpt lat="52.85092750" lon="13.32865030" />
      <trkpt lat="52.85120380" lon="13.32891110" />
      <trkpt lat="52.85201590" lon="13.32986050" />
      <trkpt lat="52.85209750" lon="13.33001400" />
      <trkpt lat="52.85210410" lon="13.33017810" />
      <trkpt lat="52.85204700" lon="13.33098870" />
      <trkpt lat="52.85204860" lon="13.33108980" />
      <trkpt lat="52.85210920" lon="13.33113080" />
      <trkpt lat="52.85260370" lon="13.33136870" />
      <trkpt lat="52.85263860" lon="13.33136710" />
      <trkpt lat="52.85266360" lon="13.33132530" />
      <trkpt lat="52.85291190" lon="13.33073580" />
      <trkpt lat="52.85297410" lon="13.33069320" />
      <trkpt lat="52.85304850" lon="13.33072400" />
      <trkpt lat="52.85397070" lon="13.33154280" />
      <trkpt lat="52.85423880" lon="13.33175120" />
      <trkpt lat="52.85437300" lon="13.33179510" />
      <trkpt lat="52.85462910" lon="13.33183960" />
      <trkpt lat="52.85479430" lon="13.33184450" />
      <trkpt lat="52.85553660" lon="13.33186050" />
      <trkpt lat="52.85577430" lon="13.33185350" />
      <trkpt lat="52.85601710" lon="13.33181750" />
      <trkpt lat="52.85668570" lon="13.33164580" />
      <trkpt lat="52.85743770" lon="13.33146400" />
      <trkpt lat="52.85759410" lon="13.33149740" />
      <trkpt lat="52.85758730" lon="13.33131670" />
      <trkpt lat="52.85786250" lon="13.33124990" />
      <trkpt lat="52.85818910" lon="13.33117070" />
    </trkseg>
  </trk>
  <trk>
    <name>KP72-KP97</name>
    <trkseg>
      <trkpt lat="52.86581610" lon="13.30736680" />
      <trkpt lat="52.86629390" lon="13.30766840" />
      <trkpt lat="52.86908190" lon="13.30945610" />
      <trkpt lat="52.87280870" lon="13.31182580" />
      <trkpt lat="52.87455400" lon="13.31293500" />
      <trkpt lat="52.87515130" lon="13.31334260" />
      <trkpt lat="52.87530560" lon="13.31347630" />
      <trkpt lat="52.87578080" lon="13.31385890" />
      <trkpt lat="52.87625740" lon="13.31432370" />
      <trkpt lat="52.87701720" lon="13.31517500" />
      <trkpt lat="52.87723310" lon="13.31544070" />
      <trkpt lat="52.87744650" lon="13.31573610" />
      <trkpt lat="52.87855220" lon="13.31731020" />
      <trkpt lat="52.88025280" lon="13.31971550" />
      <trkpt lat="52.88195320" lon="13.32215900" />
      <trkpt lat="52.88221000" lon="13.32253250" />
      <trkpt lat="52.88359570" lon="13.32448120" />
      <trkpt lat="52.88508090" lon="13.32665080" />
      <trkpt lat="52.88727330" lon="13.32974520" />
      <trkpt lat="52.88901220" lon="13.33218620" />
      <trkpt lat="52.88887860" lon="13.33266420" />
      <trkpt lat="52.88878390" lon="13.33295460" />
      <trkpt lat="52.88869780" lon="13.33319680" />
      <trkpt lat="52.88850910" lon="13.33364590" />
      <trkpt lat="52.88835760" lon="13.33395190" />
      <trkpt lat="52.88824570" lon="13.33415450" />
      <trkpt lat="52.88843680" lon="13.33449800" />
      <trkpt lat="52.88901100" lon="13.33566390" />
      <trkpt lat="52.88926640" lon="13.33622120" />
      <trkpt lat="52.89009500" lon="13.33798070" />
      <trkpt lat="52.89141550" lon="13.34062000" />
      <trkpt lat="52.89258060" lon="13.34291600" />
      <trkpt lat="52.89344470" lon="13.34449090" />
      <trkpt lat="52.89499880" lon="13.34695600" />
      <trkpt lat="52.89551050" lon="13.34780720" />
      <trkpt lat="52.89563320" lon="13.34794370" />
      <trkpt lat="52.89643350" lon="13.34875020" />
      <trkpt lat="52.89656490" lon="13.34890850" />
      <trkpt lat="52.89672060" lon="13.34913520" />
      <trkpt lat="52.89705340" lon="13.34969160" />
      <trkpt lat="52.89749420" lon="13.35051610" />
      <trkpt lat="52.89756310" lon="13.35068790" />
      <trkpt lat="52.89787590" lon="13.35202470" />
      <trkpt lat="52.89805220" lon="13.35273310" />
      <trkpt lat="52.89818360" lon="13.35316250" />
      <trkpt lat="52.89834770" lon="13.35361860" />
      <trkpt lat="52.89859170" lon="13.35427790" />
      <trkpt lat="52.89884340" lon="13.35490430" />
      <trkpt lat="52.89920830" lon="13.35570470" />
      <trkpt lat="52.89993710" lon="13.35702560" />
      <trkpt lat="52.90046120" lon="13.35783510" />
      <trkpt lat="52.90051570" lon="13.35790970" />
      <trkpt lat="52.90219570" lon="13.36020950" />
      <trkpt lat="52.90235350" lon="13.36033200" />
      <trkpt lat="52.90276830" lon="13.36051400" />
      <trkpt lat="52.90282560" lon="13.36056200" />
      <trkpt lat="52.90338370" lon="13.36124700" />
      <trkpt lat="52.90418560" lon="13.36217740" />
      <trkpt lat="52.90466650" lon="13.36278610" />
      <trkpt lat="52.90532030" lon="13.36371280" />
      <trkpt lat="52.90580480" lon="13.36444310" />
      <trkpt lat="52.90667340" lon="13.36637780" />
      <trkpt lat="52.90735500" lon="13.36794720" />
      <trkpt lat="52.90745120" lon="13.36807720" />
      <trkpt lat="52.90799040" lon="13.36860880" />
      <trkpt lat="52.90900320" lon="13.36949330" />
      <trkpt lat="52.90974840" lon="13.37024880" />
      <trkpt lat="52.91101860" lon="13.37148450" />
      <trkpt lat="52.91466730" lon="13.37503430" />
      <trkpt lat="52.91475410" lon="13.37511870" />
      <trkpt lat="52.91503510" lon="13.37521510" />
      <trkpt lat="52.91544360" lon="13.37535530" />
      <trkpt lat="52.91583600" lon="13.37557220" />
      <trkpt lat="52.91590080" lon="13.37555010" />
      <trkpt lat="52.91621510" lon="13.37544260" />
      <trkpt lat="52.91651200" lon="13.37508150" />
      <trkpt lat="52.91691770" lon="13.37348960" />
      <trkpt lat="52.91739270" lon="13.37225880" />
      <trkpt lat="52.91763350" lon="13.37186350" />
      <trkpt lat="52.91773230" lon="13.37172880" />
      <trkpt lat="52.91782810" lon="13.37165150" />
      <trkpt lat="52.91793450" lon="13.37158770" />
      <trkpt lat="52.91803950" lon="13.37157010" />
      <trkpt lat="52.91870280" lon="13.37161040" />
      <trkpt lat="52.91901440" lon="13.37160200" />
      <trkpt lat="52.91925120" lon="13.37163020" />
      <trkpt lat="52.91948300" lon="13.37171280" />
      <trkpt lat="52.92011830" lon="13.37205990" />
      <trkpt lat="52.92027870" lon="13.37209040" />
      <trkpt lat="52.92051800" lon="13.37206890" />
      <trkpt lat="52.92075710" lon="13.37201260" />
      <trkpt lat="52.92191520" lon="13.37155850" />
      <trkpt lat="52.92230940" lon="13.37143000" />
      <trkpt lat="52.92245810" lon="13.37132610" />
      <trkpt lat="52.92261600" lon="13.37126400" />
      <trkpt lat="52.92295440" lon="13.37113090" />
      <trkpt lat="52.92305100" lon="13.37107050" />
      <trkpt lat="52.92312010" lon="13.37102730" />
      <trkpt lat="52.92334970" lon="13.37096420" />
      <trkpt lat="52.92370760" lon="13.37084420" />
      <trkpt lat="52.92382350" lon="13.37079770" />
      <trkpt lat="52.92390720" lon="13.37078700" />
      <trkpt lat="52.92405710" lon="13.37080420" />
      <trkpt lat="52.92423760" lon="13.37074110" />
      <trkpt lat="52.92429050" lon="13.37074740" />
      <trkpt lat="52.92444210" lon="13.37076530" />
      <trkpt lat="52.92456770" lon="13.37075480" />
      <trkpt lat="52.92475570" lon="13.37073910" />
      <trkpt lat="52.92535370" lon="13.37061860" />
      <trkpt lat="52.92556670" lon="13.37050060" />
      <trkpt lat="52.92608330" lon="13.37037840" />
      <trkpt lat="52.92638050" lon="13.37031390" />
      <trkpt lat="52.92664230" lon="13.37021250" />
      <trkpt lat="52.92698120" lon="13.37005070" />
      <trkpt lat="52.92734530" lon="13.36997840" />
      <trkpt lat="52.92748630" lon="13.36992820" />
      <trkpt lat="52.92757780" lon="13.36988070" />
      <trkpt lat="52.92771650" lon="13.36981190" />
      <trkpt lat="52.92790910" lon="13.36978760" />
      <trkpt lat="52.92816970" lon="13.36972040" />
      <trkpt lat="52.92848880" lon="13.36962370" />
      <trkpt lat="52.92899830" lon="13.36939890" />
      <trkpt lat="52.92980310" lon="13.36920220" />
      <trkpt lat="52.93074230" lon="13.36892100" />
      <trkpt lat="52.93095820" lon="13.36883150" />
      <trkpt lat="52.93137520" lon="13.36867510" />
      <trkpt lat="52.93183110" lon="13.36856250" />
      <trkpt lat="52.93296540" lon="13.36818800" />
      <trkpt lat="52.93372770" lon="13.36794480" />
      <trkpt lat="52.93380470" lon="13.36791360" />
      <trkpt lat="52.93418000" lon="13.36776160" />
      <trkpt lat="52.93521780" lon="13.36693990" />
      <trkpt lat="52.93562120" lon="13.36668490" />
      <trkpt lat="52.93687030" lon="13.36572910" />
      <trkpt lat="52.93858260" lon="13.36441310" />
      <trkpt lat="52.93896540" lon="13.36411880" />
      <trkpt lat="52.94043310" lon="13.36302220" />
      <trkpt lat="52.94218500" lon="13.36176630" />
      <trkpt lat="52.94329780" lon="13.36082700" />
      <trkpt lat="52.94341710" lon="13.36090620" />
      <trkpt lat="52.94357910" lon="13.36112000" />
      <trkpt lat="52.94388260" lon="13.36167490" />
      <trkpt lat="52.94427010" lon="13.36253320" />
      <trkpt lat="52.94441060" lon="13.36291880" />
      <trkpt lat="52.94454020" lon="13.36334280" />
      <trkpt lat="52.94470440" lon="13.36413560" />
      <trkpt lat="52.94489440" lon="13.36554450" />
      <trkpt lat="52.94512190" lon="13.36730590" />
      <trkpt lat="52.94536100" lon="13.36964080" />
      <trkpt lat="52.94538110" lon="13.37018560" />
      <trkpt lat="52.94539450" lon="13.37102270" />
      <trkpt lat="52.94548620" lon="13.37277640" />
      <trkpt lat="52.94551730" lon="13.37312170" />
      <trkpt lat="52.94556640" lon="13.37340340" />
      <trkpt lat="52.94563000" lon="13.37370150" />
      <trkpt lat="52.94571200" lon="13.37399310" />
      <trkpt lat="52.94582440" lon="13.37449650" />
      <trkpt lat="52.94587300" lon="13.37496440" />
      <trkpt lat="52.94590250" lon="13.37527950" />
      <trkpt lat="52.94594710" lon="13.37578240" />
      <trkpt lat="52.94604340" lon="13.37694890" />
    </trkseg>
  </trk>
  <trk>
    <name>KP75-KP76</name>
    <trkseg>
      <trkpt lat="52.97575090" lon="12.81782140" />
      <trkpt lat="52.97796160" lon="12.81664180" />
      <trkpt lat="52.98106530" lon="12.81462260" />
      <trkpt lat="52.98130550" lon="12.81460510" />
      <trkpt lat="52.98480870" lon="12.81435020" />
      <trkpt lat="52.98674640" lon="12.81477930" />
      <trkpt lat="52.98694760" lon="12.81472530" />
      <trkpt lat="52.98912060" lon="12.81414210" />
      <trkpt lat="52.98988000" lon="12.81393830" />
      <trkpt lat="52.99253330" lon="12.81318120" />
      <trkpt lat="52.99272320" lon="12.81317260" />
      <trkpt lat="52.99717870" lon="12.81421270" />
      <trkpt lat="52.99778680" lon="12.81435020" />
      <trkpt lat="52.99805920" lon="12.81429360" />
      <trkpt lat="52.99902660" lon="12.81409270" />
      <trkpt lat="52.99930790" lon="12.81414130" />
      <trkpt lat="53.00096880" lon="12.81432440" />
      <trkpt lat="53.00210510" lon="12.81400680" />
      <trkpt lat="53.00375800" lon="12.81248760" />
      <trkpt lat="53.00416380" lon="12.81229000" />
      <trkpt lat="53.00462690" lon="12.81248020" />
      <trkpt lat="53.00506990" lon="12.81269360" />
      <trkpt lat="53.00605120" lon="12.81336310" />
      <trkpt lat="53.00704910" lon="12.81434050" />
      <trkpt lat="53.00771640" lon="12.81499410" />
      <trkpt lat="53.00779530" lon="12.81507140" />
      <trkpt lat="53.00787100" lon="12.81514840" />
      <trkpt lat="53.00790270" lon="12.81537670" />
      <trkpt lat="53.00812110" lon="12.81555040" />
      <trkpt lat="53.00826410" lon="12.81566770" />
      <trkpt lat="53.00889030" lon="12.81595920" />
      <trkpt lat="53.00924140" lon="12.81601980" />
      <trkpt lat="53.00986090" lon="12.81608730" />
      <trkpt lat="53.01024730" lon="12.81597860" />
      <trkpt lat="53.01064960" lon="12.81572480" />
      <trkpt lat="53.01081820" lon="12.81553590" />
      <trkpt lat="53.01096600" lon="12.81535470" />
      <trkpt lat="53.01099380" lon="12.81528330" />
      <trkpt lat="53.01153410" lon="12.81389550" />
      <trkpt lat="53.01202460" lon="12.81303720" />
      <trkpt lat="53.01256690" lon="12.81213600" />
      <trkpt lat="53.01262050" lon="12.81203220" />
      <trkpt lat="53.01275520" lon="12.81180230" />
      <trkpt lat="53.01343720" lon="12.81142680" />
      <trkpt lat="53.01442100" lon="12.81143050" />
      <trkpt lat="53.01493150" lon="12.81122360" />
      <trkpt lat="53.01512970" lon="12.81120020" />
      <trkpt lat="53.01660340" lon="12.81027770" />
      <trkpt lat="53.01794100" lon="12.80919480" />
      <trkpt lat="53.01827720" lon="12.80916750" />
      <trkpt lat="53.01864660" lon="12.80936910" />
      <trkpt lat="53.01892040" lon="12.80960340" />
      <trkpt lat="53.01925080" lon="12.81058720" />
      <trkpt lat="53.01924730" lon="12.81078810" />
      <trkpt lat="53.01924300" lon="12.81089870" />
      <trkpt lat="53.01922290" lon="12.81115030" />
      <trkpt lat="53.01901720" lon="12.81232920" />
      <trkpt lat="53.01892040" lon="12.81299220" />
      <trkpt lat="53.01889960" lon="12.81309880" />
      <trkpt lat="53.01881140" lon="12.81348500" />
      <trkpt lat="53.01866350" lon="12.81387980" />
      <trkpt lat="53.01839140" lon="12.81445710" />
      <trkpt lat="53.01789470" lon="12.81542870" />
      <trkpt lat="53.01778930" lon="12.81573650" />
      <trkpt lat="53.01757290" lon="12.81653550" />
      <trkpt lat="53.01743910" lon="12.81745900" />
      <trkpt lat="53.01741560" lon="12.81766270" />
      <trkpt lat="53.01750580" lon="12.81888370" />
      <trkpt lat="53.01759350" lon="12.81952840" />
      <trkpt lat="53.01773370" lon="12.82019130" />
      <trkpt lat="53.01793170" lon="12.82079450" />
      <trkpt lat="53.01810210" lon="12.82107070" />
      <trkpt lat="53.01825100" lon="12.82119290" />
      <trkpt lat="53.01850580" lon="12.82129210" />
      <trkpt lat="53.01880580" lon="12.82132700" />
      <trkpt lat="53.01908860" lon="12.82128040" />
      <trkpt lat="53.01941300" lon="12.82116380" />
      <trkpt lat="53.01968880" lon="12.82104620" />
      <trkpt lat="53.02068010" lon="12.82075220" />
      <trkpt lat="53.02112210" lon="12.82062110" />
      <trkpt lat="53.02127680" lon="12.82059940" />
      <trkpt lat="53.02131170" lon="12.82059450" />
      <trkpt lat="53.02149080" lon="12.82062650" />
      <trkpt lat="53.02181030" lon="12.82075740" />
      <trkpt lat="53.02268590" lon="12.81995020" />
      <trkpt lat="53.02310300" lon="12.81954430" />
      <trkpt lat="53.02440730" lon="12.81936490" />
      <trkpt lat="53.02726330" lon="12.81897220" />
      <trkpt lat="53.02951090" lon="12.81697990" />
      <trkpt lat="53.03025760" lon="12.81616760" />
      <trkpt lat="53.03184160" lon="12.81448740" />
      <trkpt lat="53.03215530" lon="12.81413180" />
      <trkpt lat="53.03290380" lon="12.81349070" />
      <trkpt lat="53.03490760" lon="12.81167250" />
      <trkpt lat="53.03605850" lon="12.81087760" />
      <trkpt lat="53.03675940" lon="12.81059630" />
      <trkpt lat="53.03731090" lon="12.81019230" />
      <trkpt lat="53.03774060" lon="12.80986410" />
      <trkpt lat="53.03866890" lon="12.80755060" />
    </trkseg>
  </trk>
  <trk>
    <name>KP76-KP83</name>
    <trkseg>
      <trkpt lat="53.03866890" lon="12.80755060" />
      <trkpt lat="53.03991430" lon="12.80717570" />
      <trkpt lat="53.04033270" lon="12.80698210" />
      <trkpt lat="53.04210390" lon="12.80626340" />
      <trkpt lat="53.04307010" lon="12.80593670" />
      <trkpt lat="53.04340410" lon="12.80600520" />
      <trkpt lat="53.04459040" lon="12.80644070" />
      <trkpt lat="53.04594400" lon="12.80673240" />
      <trkpt lat="53.04602490" lon="12.80666410" />
      <trkpt lat="53.04604050" lon="12.80673250" />
      <trkpt lat="53.04624690" lon="12.80685960" />
      <trkpt lat="53.04688000" lon="12.80704330" />
      <trkpt lat="53.04760120" lon="12.80723860" />
      <trkpt lat="53.04768130" lon="12.80725960" />
      <trkpt lat="53.04777650" lon="12.80735390" />
      <trkpt lat="53.04785940" lon="12.80750550" />
      <trkpt lat="53.04788160" lon="12.80778650" />
      <trkpt lat="53.04783700" lon="12.80824380" />
      <trkpt lat="53.04777630" lon="12.80867950" />
      <trkpt lat="53.04743120" lon="12.81084550" />
      <trkpt lat="53.04741070" lon="12.81131930" />
      <trkpt lat="53.04723210" lon="12.81544370" />
      <trkpt lat="53.04721660" lon="12.81594020" />
      <trkpt lat="53.04769700" lon="12.82448590" />
      <trkpt lat="53.04774440" lon="12.82635180" />
      <trkpt lat="53.04802130" lon="12.83062600" />
      <trkpt lat="53.04809620" lon="12.83199430" />
      <trkpt lat="53.04818210" lon="12.83334450" />
      <trkpt lat="53.04825830" lon="12.83409580" />
      <trkpt lat="53.04879850" lon="12.83418510" />
      <trkpt lat="53.04891280" lon="12.83423160" />
      <trkpt lat="53.04898830" lon="12.83430990" />
      <trkpt lat="53.04907180" lon="12.83448070" />
      <trkpt lat="53.04912110" lon="12.83461380" />
      <trkpt lat="53.04934500" lon="12.83521780" />
      <trkpt lat="53.04935540" lon="12.83524740" />
      <trkpt lat="53.04956940" lon="12.83585330" />
      <trkpt lat="53.04968040" lon="12.83616750" />
      <trkpt lat="53.04983860" lon="12.83661540" />
      <trkpt lat="53.04993520" lon="12.83688900" />
      <trkpt lat="53.04995530" lon="12.83694600" />
      <trkpt lat="53.05002220" lon="12.83713530" />
      <trkpt lat="53.05009320" lon="12.83751710" />
      <trkpt lat="53.05010940" lon="12.83760420" />
    </trkseg>
  </trk>
  <trk>
    <name>KP77-KP98</name>
    <trkseg>
      <trkpt lat="52.90974970" lon="13.46078870" />
      <trkpt lat="52.91052300" lon="13.46080530" />
      <trkpt lat="52.91087890" lon="13.46083580" />
      <trkpt lat="52.91115310" lon="13.46089060" />
      <trkpt lat="52.91156200" lon="13.46104320" />
      <trkpt lat="52.91276930" lon="13.46149150" />
      <trkpt lat="52.91291400" lon="13.46155480" />
      <trkpt lat="52.91293510" lon="13.46145250" />
      <trkpt lat="52.91315380" lon="13.46039140" />
      <trkpt lat="52.91321320" lon="13.46010340" />
      <trkpt lat="52.91324230" lon="13.45987650" />
      <trkpt lat="52.91327310" lon="13.45942740" />
      <trkpt lat="52.91345490" lon="13.45886430" />
      <trkpt lat="52.91353600" lon="13.45849140" />
      <trkpt lat="52.91359800" lon="13.45805550" />
      <trkpt lat="52.91363250" lon="13.45780120" />
      <trkpt lat="52.91374700" lon="13.45707260" />
      <trkpt lat="52.91389590" lon="13.45611660" />
      <trkpt lat="52.91414020" lon="13.45478280" />
      <trkpt lat="52.91426490" lon="13.45393730" />
      <trkpt lat="52.91433720" lon="13.45332740" />
      <trkpt lat="52.91439210" lon="13.45276120" />
      <trkpt lat="52.91445750" lon="13.45212910" />
      <trkpt lat="52.91453920" lon="13.45110960" />
      <trkpt lat="52.91459740" lon="13.45042960" />
      <trkpt lat="52.91463570" lon="13.44965110" />
      <trkpt lat="52.91463730" lon="13.44919450" />
      <trkpt lat="52.91462200" lon="13.44845930" />
      <trkpt lat="52.91457650" lon="13.44774350" />
      <trkpt lat="52.91450750" lon="13.44704550" />
      <trkpt lat="52.91443390" lon="13.44662530" />
      <trkpt lat="52.91436480" lon="13.44607470" />
      <trkpt lat="52.91423010" lon="13.44548720" />
      <trkpt lat="52.91406790" lon="13.44486090" />
      <trkpt lat="52.91365390" lon="13.44343720" />
      <trkpt lat="52.91363080" lon="13.44327430" />
      <trkpt lat="52.91362550" lon="13.44299600" />
      <trkpt lat="52.91377720" lon="13.44136940" />
      <trkpt lat="52.91389730" lon="13.44017370" />
      <trkpt lat="52.91405590" lon="13.43856680" />
      <trkpt lat="52.91463980" lon="13.43450120" />
      <trkpt lat="52.91470430" lon="13.43382970" />
      <trkpt lat="52.91470790" lon="13.43379840" />
      <trkpt lat="52.91475950" lon="13.43336730" />
      <trkpt lat="52.91477150" lon="13.43316290" />
      <trkpt lat="52.91489810" lon="13.43232930" />
      <trkpt lat="52.91493020" lon="13.43198950" />
      <trkpt lat="52.91497710" lon="13.43166100" />
      <trkpt lat="52.91509670" lon="13.43119050" />
      <trkpt lat="52.91523290" lon="13.43086970" />
      <trkpt lat="52.91548280" lon="13.43040560" />
      <trkpt lat="52.91562410" lon="13.43008450" />
      <trkpt lat="52.91586900" lon="13.42944390" />
      <trkpt lat="52.91592380" lon="13.42935760" />
      <trkpt lat="52.91598640" lon="13.42931630" />
      <trkpt lat="52.92108060" lon="13.43472620" />
      <trkpt lat="52.92341790" lon="13.43773270" />
      <trkpt lat="52.92392180" lon="13.43836280" />
      <trkpt lat="52.92396600" lon="13.43841620" />
      <trkpt lat="52.92415480" lon="13.43864390" />
      <trkpt lat="52.92417530" lon="13.43873780" />
      <trkpt lat="52.92426710" lon="13.44058900" />
      <trkpt lat="52.92429940" lon="13.44082880" />
      <trkpt lat="52.92434080" lon="13.44095670" />
      <trkpt lat="52.92442460" lon="13.44109100" />
      <trkpt lat="52.92452740" lon="13.44125810" />
      <trkpt lat="52.92458010" lon="13.44147190" />
      <trkpt lat="52.92457960" lon="13.44167300" />
      <trkpt lat="52.92455710" lon="13.44188550" />
      <trkpt lat="52.92452180" lon="13.44212660" />
      <trkpt lat="52.92446750" lon="13.44233700" />
      <trkpt lat="52.92407390" lon="13.44309840" />
      <trkpt lat="52.92403410" lon="13.44331710" />
      <trkpt lat="52.92407330" lon="13.44403290" />
      <trkpt lat="52.92399640" lon="13.44539690" />
      <trkpt lat="52.92400880" lon="13.44569740" />
      <trkpt lat="52.92433440" lon="13.44705070" />
      <trkpt lat="52.92517540" lon="13.45087120" />
      <trkpt lat="52.92607350" lon="13.45477530" />
      <trkpt lat="52.92707200" lon="13.45920380" />
      <trkpt lat="52.92721300" lon="13.45982930" />
      <trkpt lat="52.92829030" lon="13.46460770" />
      <trkpt lat="52.92943950" lon="13.46971830" />
      <trkpt lat="52.92986030" lon="13.47172910" />
      <trkpt lat="52.93070490" lon="13.47535520" />
      <trkpt lat="52.93187680" lon="13.48049520" />
      <trkpt lat="52.93281350" lon="13.48463100" />
      <trkpt lat="52.93348000" lon="13.48341940" />
      <trkpt lat="52.93636530" lon="13.47817320" />
      <trkpt lat="52.93679340" lon="13.47739490" />
      <trkpt lat="52.93698780" lon="13.47715380" />
      <trkpt lat="52.94042310" lon="13.47495670" />
      <trkpt lat="52.94163850" lon="13.47421330" />
      <trkpt lat="52.94169100" lon="13.47414660" />
      <trkpt lat="52.94186940" lon="13.47394820" />
      <trkpt lat="52.94194980" lon="13.47381770" />
      <trkpt lat="52.94211180" lon="13.47342590" />
      <trkpt lat="52.94290380" lon="13.47132270" />
      <trkpt lat="52.94302220" lon="13.47099170" />
      <trkpt lat="52.94346640" lon="13.46985430" />
      <trkpt lat="52.94360410" lon="13.46959540" />
      <trkpt lat="52.94376010" lon="13.46939300" />
      <trkpt lat="52.94393340" lon="13.46902020" />
      <trkpt lat="52.94414890" lon="13.46873190" />
      <trkpt lat="52.94429040" lon="13.46813360" />
      <trkpt lat="52.94430970" lon="13.46805180" />
      <trkpt lat="52.94442030" lon="13.46758460" />
      <trkpt lat="52.94474760" lon="13.46620100" />
      <trkpt lat="52.94551170" lon="13.46297130" />
      <trkpt lat="52.94600570" lon="13.46052830" />
      <trkpt lat="52.94614710" lon="13.45977000" />
      <trkpt lat="52.94646080" lon="13.45830470" />
      <trkpt lat="52.94677160" lon="13.45684620" />
      <trkpt lat="52.94708250" lon="13.45531950" />
      <trkpt lat="52.94730990" lon="13.45421570" />
      <trkpt lat="52.94747630" lon="13.45331390" />
      <trkpt lat="52.94755650" lon="13.45279300" />
      <trkpt lat="52.94759830" lon="13.45224300" />
      <trkpt lat="52.94764390" lon="13.44988230" />
      <trkpt lat="52.94776880" lon="13.44837930" />
      <trkpt lat="52.94798920" lon="13.44616870" />
      <trkpt lat="52.94808540" lon="13.44556050" />
      <trkpt lat="52.94853270" lon="13.44348140" />
      <trkpt lat="52.94887200" lon="13.44121440" />
      <trkpt lat="52.94893410" lon="13.44091410" />
      <trkpt lat="52.95036110" lon="13.43724660" />
      <trkpt lat="52.95043160" lon="13.43697900" />
      <trkpt lat="52.95048710" lon="13.43675830" />
      <trkpt lat="52.95052720" lon="13.43664200" />
      <trkpt lat="52.95054960" lon="13.43659100" />
      <trkpt lat="52.95085610" lon="13.43583790" />
      <trkpt lat="52.95084530" lon="13.43541590" />
      <trkpt lat="52.95066130" lon="13.43484240" />
      <trkpt lat="52.95054890" lon="13.43448990" />
      <trkpt lat="52.95019610" lon="13.43380370" />
      <trkpt lat="52.94948190" lon="13.43270000" />
      <trkpt lat="52.94910330" lon="13.43213690" />
      <trkpt lat="52.94904560" lon="13.43185970" />
      <trkpt lat="52.94904960" lon="13.43176310" />
      <trkpt lat="52.94910370" lon="13.43161440" />
      <trkpt lat="52.94918310" lon="13.43144840" />
      <trkpt lat="52.94928710" lon="13.43116230" />
      <trkpt lat="52.94935640" lon="13.43097940" />
      <trkpt lat="52.94943440" lon="13.43077380" />
      <trkpt lat="52.94949840" lon="13.43055620" />
      <trkpt lat="52.94955180" lon="13.43035510" />
      <trkpt lat="52.94962500" lon="13.43016900" />
      <trkpt lat="52.94977290" lon="13.42983430" />
      <trkpt lat="52.95030330" lon="13.42805610" />
      <trkpt lat="52.95064370" lon="13.42700610" />
      <trkpt lat="52.95079860" lon="13.42664340" />
      <trkpt lat="52.95094010" lon="13.42607500" />
      <trkpt lat="52.95084220" lon="13.42399020" />
      <trkpt lat="52.95082500" lon="13.42363230" />
      <trkpt lat="52.95083150" lon="13.42315040" />
    </trkseg>
  </trk>
  <trk>
    <name>KP80-KP81 (3)</name>
    <trkseg>
      <trkpt lat="53.01748890" lon="13.39488190" />
      <trkpt lat="53.01858960" lon="13.39623310" />
      <trkpt lat="53.01973330" lon="13.39755010" />
      <trkpt lat="53.01980370" lon="13.39762810" />
      <trkpt lat="53.02001550" lon="13.39787850" />
      <trkpt lat="53.02012900" lon="13.39801630" />
      <trkpt lat="53.02323240" lon="13.40178300" />
      <trkpt lat="53.02455940" lon="13.40334940" />
      <trkpt lat="53.02511120" lon="13.40399770" />
      <trkpt lat="53.02546750" lon="13.40448240" />
      <trkpt lat="53.02668800" lon="13.40246200" />
      <trkpt lat="53.02731180" lon="13.40142370" />
      <trkpt lat="53.02794180" lon="13.40011550" />
      <trkpt lat="53.02847910" lon="13.39892990" />
      <trkpt lat="53.02885370" lon="13.39813230" />
      <trkpt lat="53.02890130" lon="13.39803080" />
      <trkpt lat="53.02922690" lon="13.39733400" />
      <trkpt lat="53.02973760" lon="13.39626790" />
      <trkpt lat="53.03022960" lon="13.39533280" />
      <trkpt lat="53.03054460" lon="13.39467120" />
      <trkpt lat="53.03068750" lon="13.39434390" />
      <trkpt lat="53.03084680" lon="13.39400910" />
      <trkpt lat="53.03131330" lon="13.39304830" />
      <trkpt lat="53.03174220" lon="13.39214220" />
      <trkpt lat="53.03193080" lon="13.39171830" />
      <trkpt lat="53.03216290" lon="13.39124970" />
      <trkpt lat="53.03255320" lon="13.39038200" />
      <trkpt lat="53.03278540" lon="13.38994360" />
      <trkpt lat="53.03294490" lon="13.38957350" />
      <trkpt lat="53.03303230" lon="13.38934060" />
      <trkpt lat="53.03310610" lon="13.38910890" />
      <trkpt lat="53.03322270" lon="13.38838560" />
      <trkpt lat="53.03348700" lon="13.38668080" />
      <trkpt lat="53.03352400" lon="13.38623980" />
      <trkpt lat="53.03352390" lon="13.38587260" />
    </trkseg>
  </trk>
  <trk>
    <name>KP80-KP82</name>
    <trkseg>
      <trkpt lat="53.03352390" lon="13.38587260" />
      <trkpt lat="53.03329160" lon="13.38597620" />
      <trkpt lat="53.03311270" lon="13.38602140" />
      <trkpt lat="53.03292510" lon="13.38605060" />
      <trkpt lat="53.03276540" lon="13.38603110" />
      <trkpt lat="53.03259570" lon="13.38599530" />
      <trkpt lat="53.03106800" lon="13.38551610" />
      <trkpt lat="53.03095570" lon="13.38546440" />
      <trkpt lat="53.03085290" lon="13.38540030" />
      <trkpt lat="53.03074430" lon="13.38532220" />
      <trkpt lat="53.03065290" lon="13.38523630" />
      <trkpt lat="53.03053310" lon="13.38510290" />
      <trkpt lat="53.03039310" lon="13.38490340" />
      <trkpt lat="53.03023960" lon="13.38461670" />
      <trkpt lat="53.02999920" lon="13.38411150" />
      <trkpt lat="53.02990650" lon="13.38399950" />
      <trkpt lat="53.02983730" lon="13.38393890" />
      <trkpt lat="53.02978430" lon="13.38382720" />
      <trkpt lat="53.02960590" lon="13.38351320" />
      <trkpt lat="53.02933510" lon="13.38290940" />
      <trkpt lat="53.02917870" lon="13.38256950" />
      <trkpt lat="53.02900840" lon="13.38222550" />
      <trkpt lat="53.02882830" lon="13.38197500" />
      <trkpt lat="53.02857130" lon="13.38169580" />
      <trkpt lat="53.02818310" lon="13.38128950" />
      <trkpt lat="53.02772770" lon="13.38082520" />
      <trkpt lat="53.02578120" lon="13.37899740" />
      <trkpt lat="53.02394830" lon="13.37723380" />
      <trkpt lat="53.02219500" lon="13.37558340" />
      <trkpt lat="53.02164280" lon="13.37507030" />
      <trkpt lat="53.01936050" lon="13.37296400" />
      <trkpt lat="53.01903690" lon="13.37267800" />
      <trkpt lat="53.01842490" lon="13.37205900" />
      <trkpt lat="53.01821720" lon="13.37186890" />
      <trkpt lat="53.01782940" lon="13.37155150" />
      <trkpt lat="53.01748660" lon="13.37121090" />
      <trkpt lat="53.01702740" lon="13.37076360" />
      <trkpt lat="53.01676990" lon="13.37046270" />
      <trkpt lat="53.01655370" lon="13.37020750" />
      <trkpt lat="53.01453450" lon="13.36786710" />
      <trkpt lat="53.01311120" lon="13.36622310" />
      <trkpt lat="53.01209710" lon="13.36503880" />
      <trkpt lat="53.01157040" lon="13.36442780" />
      <trkpt lat="53.01141270" lon="13.36424550" />
      <trkpt lat="53.01130740" lon="13.36407800" />
      <trkpt lat="53.01046170" lon="13.36258020" />
      <trkpt lat="53.00985170" lon="13.36147420" />
      <trkpt lat="53.00938900" lon="13.36071090" />
      <trkpt lat="53.00902410" lon="13.36000360" />
      <trkpt lat="53.00788550" lon="13.35747750" />
      <trkpt lat="53.00768550" lon="13.35703380" />
      <trkpt lat="53.00704310" lon="13.35556480" />
      <trkpt lat="53.00650240" lon="13.35429600" />
      <trkpt lat="53.00623230" lon="13.35367600" />
      <trkpt lat="53.00613730" lon="13.35345700" />
      <trkpt lat="53.00602860" lon="13.35324610" />
      <trkpt lat="53.00589580" lon="13.35303780" />
      <trkpt lat="53.00575280" lon="13.35285120" />
      <trkpt lat="53.00527870" lon="13.35246810" />
      <trkpt lat="53.00509770" lon="13.35225980" />
      <trkpt lat="53.00488280" lon="13.35212740" />
    </trkseg>
  </trk>
  <trk>
    <name>KP80-KP95</name>
    <trkseg>
      <trkpt lat="53.03352390" lon="13.38587260" />
      <trkpt lat="53.03354660" lon="13.38563600" />
      <trkpt lat="53.03395760" lon="13.38333400" />
      <trkpt lat="53.03400010" lon="13.38309160" />
      <trkpt lat="53.03414030" lon="13.38229180" />
      <trkpt lat="53.03428530" lon="13.38153160" />
      <trkpt lat="53.03456600" lon="13.37996980" />
      <trkpt lat="53.03458580" lon="13.37985970" />
      <trkpt lat="53.03479620" lon="13.37881880" />
      <trkpt lat="53.03510590" lon="13.37774590" />
      <trkpt lat="53.03523220" lon="13.37722100" />
      <trkpt lat="53.03543230" lon="13.37579670" />
      <trkpt lat="53.03579000" lon="13.37364050" />
      <trkpt lat="53.03604230" lon="13.37159260" />
      <trkpt lat="53.03643450" lon="13.36904320" />
      <trkpt lat="53.03647680" lon="13.36879800" />
      <trkpt lat="53.03679550" lon="13.36691790" />
      <trkpt lat="53.03756970" lon="13.36322710" />
      <trkpt lat="53.03767990" lon="13.36233060" />
      <trkpt lat="53.03772240" lon="13.35612540" />
      <trkpt lat="53.03773630" lon="13.35467650" />
      <trkpt lat="53.03775710" lon="13.35001290" />
      <trkpt lat="53.03777060" lon="13.34840330" />
      <trkpt lat="53.03798540" lon="13.34730430" />
      <trkpt lat="53.03824250" lon="13.34512180" />
      <trkpt lat="53.03837020" lon="13.34403790" />
      <trkpt lat="53.03836600" lon="13.34362570" />
      <trkpt lat="53.03836450" lon="13.34347710" />
      <trkpt lat="53.03839150" lon="13.34286560" />
      <trkpt lat="53.03854020" lon="13.34221500" />
      <trkpt lat="53.03876600" lon="13.33979390" />
      <trkpt lat="53.03941720" lon="13.33652920" />
      <trkpt lat="53.03991130" lon="13.33502770" />
      <trkpt lat="53.04069280" lon="13.33214000" />
      <trkpt lat="53.04119560" lon="13.33021420" />
      <trkpt lat="53.04179770" lon="13.32922010" />
      <trkpt lat="53.04182260" lon="13.32913690" />
      <trkpt lat="53.04240670" lon="13.32718490" />
      <trkpt lat="53.04259000" lon="13.32618830" />
      <trkpt lat="53.04285870" lon="13.32485160" />
      <trkpt lat="53.04298500" lon="13.32423610" />
      <trkpt lat="53.04304690" lon="13.32388910" />
      <trkpt lat="53.04309210" lon="13.32263390" />
      <trkpt lat="53.04308660" lon="13.32223410" />
      <trkpt lat="53.04371770" lon="13.32182920" />
      <trkpt lat="53.04389310" lon="13.32146680" />
      <trkpt lat="53.04419800" lon="13.32073210" />
      <trkpt lat="53.04480410" lon="13.31894370" />
      <trkpt lat="53.04575520" lon="13.31625630" />
      <trkpt lat="53.04592460" lon="13.31566400" />
      <trkpt lat="53.04598490" lon="13.31516720" />
      <trkpt lat="53.04602020" lon="13.31418950" />
      <trkpt lat="53.04604510" lon="13.31349750" />
      <trkpt lat="53.04603750" lon="13.31288370" />
      <trkpt lat="53.04596410" lon="13.31199390" />
      <trkpt lat="53.04590210" lon="13.31124310" />
      <trkpt lat="53.04587440" lon="13.31056690" />
      <trkpt lat="53.04596410" lon="13.30993920" />
      <trkpt lat="53.04611190" lon="13.30926940" />
      <trkpt lat="53.04637670" lon="13.30822280" />
      <trkpt lat="53.04659220" lon="13.30752820" />
      <trkpt lat="53.04712900" lon="13.30596210" />
      <trkpt lat="53.04724410" lon="13.30557810" />
      <trkpt lat="53.04747540" lon="13.30467560" />
      <trkpt lat="53.04750230" lon="13.30452050" />
      <trkpt lat="53.04750360" lon="13.30437640" />
      <trkpt lat="53.04746050" lon="13.30419510" />
      <trkpt lat="53.04739450" lon="13.30405230" />
      <trkpt lat="53.04713300" lon="13.30358610" />
      <trkpt lat="53.04686870" lon="13.30310190" />
      <trkpt lat="53.04677490" lon="13.30289840" />
      <trkpt lat="53.04667340" lon="13.30260580" />
      <trkpt lat="53.04652040" lon="13.30209210" />
      <trkpt lat="53.04631520" lon="13.30130470" />
      <trkpt lat="53.04608490" lon="13.30045010" />
      <trkpt lat="53.04586580" lon="13.29970510" />
      <trkpt lat="53.04571430" lon="13.29916430" />
      <trkpt lat="53.04570350" lon="13.29899130" />
      <trkpt lat="53.04570890" lon="13.29883720" />
      <trkpt lat="53.04573140" lon="13.29870500" />
      <trkpt lat="53.04576650" lon="13.29858390" />
      <trkpt lat="53.04581900" lon="13.29847530" />
      <trkpt lat="53.04587880" lon="13.29837890" />
    </trkseg>
  </trk>
  <trk>
    <name>KP81-KP82 (3)</name>
    <trkseg>
      <trkpt lat="53.00488280" lon="13.35212740" />
      <trkpt lat="53.00471530" lon="13.35617150" />
      <trkpt lat="53.00471680" lon="13.35643600" />
      <trkpt lat="53.00471530" lon="13.35717390" />
      <trkpt lat="53.00486100" lon="13.35818210" />
      <trkpt lat="53.00509210" lon="13.35916550" />
      <trkpt lat="53.00514060" lon="13.35926490" />
      <trkpt lat="53.00551730" lon="13.36138440" />
      <trkpt lat="53.00591830" lon="13.36282130" />
      <trkpt lat="53.00613890" lon="13.36353380" />
      <trkpt lat="53.00631930" lon="13.36442530" />
      <trkpt lat="53.00634760" lon="13.36454330" />
      <trkpt lat="53.00651980" lon="13.36526080" />
      <trkpt lat="53.00690870" lon="13.36679710" />
      <trkpt lat="53.00708650" lon="13.36734910" />
      <trkpt lat="53.00722150" lon="13.36749970" />
      <trkpt lat="53.00791780" lon="13.36835410" />
      <trkpt lat="53.00860950" lon="13.36911580" />
      <trkpt lat="53.00873750" lon="13.36945250" />
      <trkpt lat="53.00919550" lon="13.37047330" />
      <trkpt lat="53.00962750" lon="13.37150970" />
      <trkpt lat="53.01003160" lon="13.37240720" />
      <trkpt lat="53.01042960" lon="13.37332910" />
      <trkpt lat="53.01069400" lon="13.37389580" />
      <trkpt lat="53.01095210" lon="13.37444910" />
      <trkpt lat="53.01136170" lon="13.37549360" />
      <trkpt lat="53.01152660" lon="13.37584050" />
      <trkpt lat="53.01181970" lon="13.37645680" />
      <trkpt lat="53.01209970" lon="13.37716780" />
      <trkpt lat="53.01239270" lon="13.37781260" />
      <trkpt lat="53.01279310" lon="13.37849120" />
      <trkpt lat="53.01318700" lon="13.37944570" />
      <trkpt lat="53.01356940" lon="13.38109230" />
      <trkpt lat="53.01383070" lon="13.38217700" />
      <trkpt lat="53.01427560" lon="13.38423560" />
      <trkpt lat="53.01450670" lon="13.38514300" />
      <trkpt lat="53.01471800" lon="13.38616750" />
      <trkpt lat="53.01485070" lon="13.38747680" />
      <trkpt lat="53.01488640" lon="13.38791330" />
      <trkpt lat="53.01488160" lon="13.38912030" />
      <trkpt lat="53.01485120" lon="13.39025180" />
      <trkpt lat="53.01476940" lon="13.39137210" />
      <trkpt lat="53.01478050" lon="13.39150200" />
      <trkpt lat="53.01483760" lon="13.39168250" />
      <trkpt lat="53.01748890" lon="13.39488190" />
    </trkseg>
  </trk>
  <trk>
    <name>KP81-KP84 (3)</name>
    <trkseg>
      <trkpt lat="52.97819560" lon="13.33760660" />
      <trkpt lat="52.97817770" lon="13.33789180" />
      <trkpt lat="52.97820200" lon="13.33804470" />
      <trkpt lat="52.97826000" lon="13.33818230" />
      <trkpt lat="52.97836070" lon="13.33837830" />
      <trkpt lat="52.97843920" lon="13.33856610" />
      <trkpt lat="52.97859400" lon="13.33912390" />
      <trkpt lat="52.97860760" lon="13.33917050" />
      <trkpt lat="52.97862100" lon="13.33921750" />
      <trkpt lat="52.97834070" lon="13.33943850" />
      <trkpt lat="52.97813580" lon="13.33960620" />
      <trkpt lat="52.97806260" lon="13.33969120" />
      <trkpt lat="52.97799910" lon="13.33980070" />
      <trkpt lat="52.97784510" lon="13.34014640" />
      <trkpt lat="52.97769320" lon="13.34063080" />
      <trkpt lat="52.97759630" lon="13.34092570" />
      <trkpt lat="52.97768440" lon="13.34108660" />
      <trkpt lat="52.97786490" lon="13.34141480" />
      <trkpt lat="52.97794160" lon="13.34155930" />
      <trkpt lat="52.97797760" lon="13.34162380" />
      <trkpt lat="52.97870950" lon="13.34292150" />
      <trkpt lat="52.97884730" lon="13.34314330" />
      <trkpt lat="52.97906170" lon="13.34348540" />
      <trkpt lat="52.97965690" lon="13.34436260" />
      <trkpt lat="52.97990910" lon="13.34468970" />
      <trkpt lat="52.98068950" lon="13.34569840" />
      <trkpt lat="52.98130130" lon="13.34649760" />
      <trkpt lat="52.98133470" lon="13.34653740" />
      <trkpt lat="52.98138810" lon="13.34660920" />
      <trkpt lat="52.98131220" lon="13.34676890" />
      <trkpt lat="52.98128610" lon="13.34682220" />
      <trkpt lat="52.98127400" lon="13.34684930" />
      <trkpt lat="52.98137920" lon="13.34700020" />
      <trkpt lat="52.98212110" lon="13.34813240" />
      <trkpt lat="52.98215200" lon="13.34814810" />
      <trkpt lat="52.98212160" lon="13.34835250" />
      <trkpt lat="52.98211520" lon="13.34854590" />
      <trkpt lat="52.98212060" lon="13.34864760" />
      <trkpt lat="52.98222290" lon="13.34927760" />
      <trkpt lat="52.98240970" lon="13.35029740" />
      <trkpt lat="52.98256990" lon="13.35117230" />
      <trkpt lat="52.98261690" lon="13.35142910" />
      <trkpt lat="52.98293440" lon="13.35326580" />
      <trkpt lat="52.98295800" lon="13.35339810" />
      <trkpt lat="52.98299600" lon="13.35361050" />
      <trkpt lat="52.98309050" lon="13.35413900" />
      <trkpt lat="52.98315300" lon="13.35448830" />
      <trkpt lat="52.98318330" lon="13.35465800" />
      <trkpt lat="52.98320190" lon="13.35476210" />
      <trkpt lat="52.98335410" lon="13.35561540" />
      <trkpt lat="52.98350740" lon="13.35647480" />
      <trkpt lat="52.98393120" lon="13.35887950" />
      <trkpt lat="52.98397770" lon="13.35885750" />
      <trkpt lat="52.98409500" lon="13.35952850" />
      <trkpt lat="52.98414710" lon="13.35982600" />
      <trkpt lat="52.98418790" lon="13.36005900" />
      <trkpt lat="52.98423920" lon="13.36035150" />
      <trkpt lat="52.98428030" lon="13.36058630" />
      <trkpt lat="52.98431340" lon="13.36077510" />
      <trkpt lat="52.98457940" lon="13.36226930" />
      <trkpt lat="52.98458360" lon="13.36229320" />
      <trkpt lat="52.98462600" lon="13.36251960" />
      <trkpt lat="52.98464200" lon="13.36267310" />
      <trkpt lat="52.98462940" lon="13.36293430" />
      <trkpt lat="52.98459960" lon="13.36318380" />
      <trkpt lat="52.98413990" lon="13.36595540" />
      <trkpt lat="52.98410620" lon="13.36629720" />
      <trkpt lat="52.98401950" lon="13.36872790" />
      <trkpt lat="52.98399830" lon="13.36915650" />
      <trkpt lat="52.98391780" lon="13.37078510" />
      <trkpt lat="52.98374180" lon="13.37251250" />
      <trkpt lat="52.98356900" lon="13.37374490" />
      <trkpt lat="52.98349320" lon="13.37423080" />
      <trkpt lat="52.98338330" lon="13.37509270" />
      <trkpt lat="52.98327670" lon="13.37676110" />
      <trkpt lat="52.98316690" lon="13.37882640" />
      <trkpt lat="52.98315490" lon="13.37915730" />
      <trkpt lat="52.98309450" lon="13.37913810" />
      <trkpt lat="52.98304840" lon="13.37954990" />
      <trkpt lat="52.98303030" lon="13.37966540" />
      <trkpt lat="52.98327910" lon="13.37986580" />
      <trkpt lat="52.98333230" lon="13.37990810" />
      <trkpt lat="52.98341340" lon="13.37997140" />
      <trkpt lat="52.98351180" lon="13.37990870" />
      <trkpt lat="52.98401250" lon="13.37980580" />
      <trkpt lat="52.98417490" lon="13.37978140" />
      <trkpt lat="52.98428190" lon="13.37978710" />
      <trkpt lat="52.98438760" lon="13.37981390" />
      <trkpt lat="52.98452590" lon="13.37990470" />
      <trkpt lat="52.98458140" lon="13.37994810" />
      <trkpt lat="52.98483560" lon="13.38014710" />
      <trkpt lat="52.98485320" lon="13.38016090" />
      <trkpt lat="52.98490570" lon="13.38020200" />
      <trkpt lat="52.98507030" lon="13.38033080" />
      <trkpt lat="52.98512980" lon="13.38037740" />
      <trkpt lat="52.98531240" lon="13.38052040" />
      <trkpt lat="52.98534190" lon="13.38054350" />
      <trkpt lat="52.98544110" lon="13.38062050" />
      <trkpt lat="52.98557830" lon="13.38072690" />
      <trkpt lat="52.98563080" lon="13.38078650" />
      <trkpt lat="52.98570660" lon="13.38070630" />
      <trkpt lat="52.98576580" lon="13.38064360" />
      <trkpt lat="52.98583330" lon="13.38057220" />
      <trkpt lat="52.98667770" lon="13.37989340" />
      <trkpt lat="52.98687000" lon="13.37963510" />
      <trkpt lat="52.98698570" lon="13.37945140" />
      <trkpt lat="52.98721130" lon="13.37908580" />
      <trkpt lat="52.98735010" lon="13.37883820" />
      <trkpt lat="52.98745330" lon="13.37873070" />
      <trkpt lat="52.98832390" lon="13.37865010" />
      <trkpt lat="52.98868030" lon="13.37866750" />
      <trkpt lat="52.98883530" lon="13.37868020" />
      <trkpt lat="52.98921550" lon="13.37873300" />
      <trkpt lat="52.98945150" lon="13.37881060" />
      <trkpt lat="52.98992600" lon="13.37904570" />
      <trkpt lat="52.99005870" lon="13.37911140" />
      <trkpt lat="52.99011970" lon="13.37913300" />
      <trkpt lat="52.99046570" lon="13.37915290" />
      <trkpt lat="52.99047640" lon="13.37915350" />
      <trkpt lat="52.99057210" lon="13.37908350" />
      <trkpt lat="52.99109520" lon="13.37891180" />
      <trkpt lat="52.99139870" lon="13.37891180" />
      <trkpt lat="52.99287900" lon="13.37929760" />
      <trkpt lat="52.99304550" lon="13.37934100" />
      <trkpt lat="52.99336190" lon="13.37949120" />
      <trkpt lat="52.99664230" lon="13.38131510" />
      <trkpt lat="52.99684430" lon="13.38144780" />
      <trkpt lat="52.99906870" lon="13.38269530" />
      <trkpt lat="52.99916250" lon="13.38274790" />
      <trkpt lat="52.99985790" lon="13.38299900" />
      <trkpt lat="53.00066500" lon="13.38329940" />
      <trkpt lat="53.00368660" lon="13.38381430" />
      <trkpt lat="53.00430270" lon="13.38391600" />
      <trkpt lat="53.00570090" lon="13.38414690" />
      <trkpt lat="53.00737300" lon="13.38444740" />
      <trkpt lat="53.01019400" lon="13.38575630" />
      <trkpt lat="53.01062650" lon="13.38598690" />
      <trkpt lat="53.01108810" lon="13.38613710" />
      <trkpt lat="53.01163680" lon="13.38605670" />
      <trkpt lat="53.01238880" lon="13.38582600" />
      <trkpt lat="53.01295680" lon="13.38580450" />
      <trkpt lat="53.01308590" lon="13.38584750" />
      <trkpt lat="53.01422430" lon="13.38689860" />
      <trkpt lat="53.01485070" lon="13.38747680" />
      <trkpt lat="53.01488640" lon="13.38791330" />
      <trkpt lat="53.01488160" lon="13.38912030" />
      <trkpt lat="53.01485120" lon="13.39025180" />
      <trkpt lat="53.01476940" lon="13.39137210" />
      <trkpt lat="53.01478050" lon="13.39150200" />
      <trkpt lat="53.01483760" lon="13.39168250" />
      <trkpt lat="53.01748890" lon="13.39488190" />
    </trkseg>
  </trk>
  <trk>
    <name>KP81-KP98</name>
    <trkseg>
      <trkpt lat="53.01748890" lon="13.39488190" />
      <trkpt lat="53.01738470" lon="13.39563270" />
      <trkpt lat="53.01643760" lon="13.40190970" />
      <trkpt lat="53.01638970" lon="13.40234630" />
      <trkpt lat="53.01636300" lon="13.40640210" />
      <trkpt lat="53.01635890" lon="13.40724040" />
      <trkpt lat="53.01634440" lon="13.41018470" />
      <trkpt lat="53.01633320" lon="13.41049340" />
      <trkpt lat="53.01629270" lon="13.41087010" />
      <trkpt lat="53.01623160" lon="13.41121520" />
      <trkpt lat="53.01591040" lon="13.41269360" />
      <trkpt lat="53.01482980" lon="13.41782680" />
      <trkpt lat="53.01443740" lon="13.41965810" />
      <trkpt lat="53.01342470" lon="13.42444250" />
      <trkpt lat="53.01276930" lon="13.42758080" />
      <trkpt lat="53.01174100" lon="13.43237870" />
      <trkpt lat="53.01144650" lon="13.43377390" />
      <trkpt lat="53.01144240" lon="13.43379440" />
      <trkpt lat="53.01050170" lon="13.43848090" />
      <trkpt lat="53.01001310" lon="13.44096070" />
      <trkpt lat="53.00906490" lon="13.44736980" />
      <trkpt lat="53.00811970" lon="13.45386730" />
      <trkpt lat="53.00727800" lon="13.45955290" />
      <trkpt lat="53.00700270" lon="13.46126050" />
      <trkpt lat="53.00694190" lon="13.46151690" />
      <trkpt lat="53.00684620" lon="13.46179840" />
      <trkpt lat="53.00641620" lon="13.46287100" />
      <trkpt lat="53.00572110" lon="13.46458360" />
      <trkpt lat="53.00570170" lon="13.46462980" />
      <trkpt lat="53.00522490" lon="13.46583080" />
      <trkpt lat="53.00449410" lon="13.46765700" />
      <trkpt lat="53.00338030" lon="13.47237500" />
      <trkpt lat="53.00328210" lon="13.47278650" />
      <trkpt lat="53.00301530" lon="13.47389960" />
      <trkpt lat="53.00284640" lon="13.47467500" />
      <trkpt lat="53.00262350" lon="13.47565050" />
      <trkpt lat="53.00214190" lon="13.47773920" />
      <trkpt lat="53.00065880" lon="13.47767210" />
      <trkpt lat="53.00039730" lon="13.47766370" />
      <trkpt lat="52.99991270" lon="13.47764170" />
      <trkpt lat="52.99975190" lon="13.47762450" />
      <trkpt lat="52.99894950" lon="13.47754880" />
      <trkpt lat="52.99845290" lon="13.47753340" />
      <trkpt lat="52.99708830" lon="13.47757880" />
      <trkpt lat="52.99623890" lon="13.47760710" />
      <trkpt lat="52.99496220" lon="13.47795910" />
      <trkpt lat="52.99456790" lon="13.47806210" />
      <trkpt lat="52.99328860" lon="13.47840220" />
      <trkpt lat="52.99309750" lon="13.47845560" />
      <trkpt lat="52.99275950" lon="13.47854170" />
      <trkpt lat="52.99141920" lon="13.47883380" />
      <trkpt lat="52.98918520" lon="13.47882940" />
      <trkpt lat="52.98882850" lon="13.47882870" />
      <trkpt lat="52.98877820" lon="13.47882590" />
      <trkpt lat="52.98870270" lon="13.47856170" />
      <trkpt lat="52.98849640" lon="13.47771960" />
      <trkpt lat="52.98839690" lon="13.47704410" />
      <trkpt lat="52.98828330" lon="13.47677540" />
      <trkpt lat="52.98546830" lon="13.47463410" />
      <trkpt lat="52.98480530" lon="13.47410860" />
      <trkpt lat="52.98371120" lon="13.47312430" />
      <trkpt lat="52.98259990" lon="13.47246680" />
      <trkpt lat="52.98185110" lon="13.47188060" />
      <trkpt lat="52.98099930" lon="13.47155440" />
      <trkpt lat="52.98051570" lon="13.47099330" />
      <trkpt lat="52.97914670" lon="13.46974170" />
      <trkpt lat="52.97728880" lon="13.46867140" />
      <trkpt lat="52.97696320" lon="13.46840850" />
      <trkpt lat="52.97678310" lon="13.46828610" />
      <trkpt lat="52.97587930" lon="13.46772950" />
      <trkpt lat="52.97507790" lon="13.46769780" />
      <trkpt lat="52.97480120" lon="13.46761070" />
      <trkpt lat="52.97434810" lon="13.46738890" />
      <trkpt lat="52.97410000" lon="13.46710370" />
      <trkpt lat="52.97375650" lon="13.46656500" />
      <trkpt lat="52.97347030" lon="13.46586000" />
      <trkpt lat="52.97323180" lon="13.46509150" />
      <trkpt lat="52.97321480" lon="13.46470400" />
      <trkpt lat="52.97316500" lon="13.46357050" />
      <trkpt lat="52.97285490" lon="13.46160590" />
      <trkpt lat="52.97265100" lon="13.45898440" />
      <trkpt lat="52.97263550" lon="13.45878570" />
      <trkpt lat="52.97254960" lon="13.45800940" />
      <trkpt lat="52.97259250" lon="13.45711420" />
      <trkpt lat="52.97239220" lon="13.45518920" />
      <trkpt lat="52.97245560" lon="13.45310010" />
      <trkpt lat="52.97248280" lon="13.45220260" />
      <trkpt lat="52.97243510" lon="13.45084010" />
      <trkpt lat="52.97242110" lon="13.45055600" />
      <trkpt lat="52.97241600" lon="13.45045190" />
      <trkpt lat="52.97230630" lon="13.45017460" />
      <trkpt lat="52.97202960" lon="13.44977060" />
      <trkpt lat="52.97177220" lon="13.44916080" />
      <trkpt lat="52.97099950" lon="13.44803750" />
      <trkpt lat="52.97081540" lon="13.44776990" />
      <trkpt lat="52.96930220" lon="13.44480720" />
      <trkpt lat="52.96906570" lon="13.44423170" />
      <trkpt lat="52.96893900" lon="13.44381680" />
      <trkpt lat="52.96886950" lon="13.44347260" />
      <trkpt lat="52.96879940" lon="13.44296740" />
      <trkpt lat="52.96874260" lon="13.44255860" />
      <trkpt lat="52.96871660" lon="13.44224050" />
      <trkpt lat="52.96870420" lon="13.44205500" />
      <trkpt lat="52.96866580" lon="13.44175140" />
      <trkpt lat="52.96859760" lon="13.44142630" />
      <trkpt lat="52.96853590" lon="13.44145660" />
      <trkpt lat="52.96851170" lon="13.44145290" />
      <trkpt lat="52.96848610" lon="13.44143120" />
      <trkpt lat="52.96846680" lon="13.44138010" />
      <trkpt lat="52.96846480" lon="13.44132800" />
      <trkpt lat="52.96847530" lon="13.44124370" />
      <trkpt lat="52.96839560" lon="13.44117690" />
      <trkpt lat="52.96829390" lon="13.44104160" />
      <trkpt lat="52.96816420" lon="13.44086920" />
      <trkpt lat="52.96802080" lon="13.44067830" />
      <trkpt lat="52.96780120" lon="13.44038620" />
      <trkpt lat="52.96775620" lon="13.44032630" />
      <trkpt lat="52.96767630" lon="13.44022000" />
      <trkpt lat="52.96762970" lon="13.44015810" />
      <trkpt lat="52.96760170" lon="13.44012080" />
      <trkpt lat="52.96724200" lon="13.43964220" />
      <trkpt lat="52.96685750" lon="13.43913070" />
      <trkpt lat="52.96672710" lon="13.43895720" />
      <trkpt lat="52.96634860" lon="13.43845390" />
      <trkpt lat="52.96606150" lon="13.43807210" />
      <trkpt lat="52.96580970" lon="13.43773730" />
      <trkpt lat="52.96525060" lon="13.43699390" />
      <trkpt lat="52.96476490" lon="13.43634810" />
      <trkpt lat="52.96474850" lon="13.43632620" />
      <trkpt lat="52.96448270" lon="13.43597100" />
      <trkpt lat="52.96442190" lon="13.43589040" />
      <trkpt lat="52.96377620" lon="13.43503330" />
      <trkpt lat="52.96317880" lon="13.43423970" />
      <trkpt lat="52.96315610" lon="13.43420520" />
      <trkpt lat="52.96083470" lon="13.43106830" />
      <trkpt lat="52.96029740" lon="13.43035470" />
      <trkpt lat="52.95961220" lon="13.42944480" />
      <trkpt lat="52.95906760" lon="13.42873750" />
      <trkpt lat="52.95886600" lon="13.42855520" />
      <trkpt lat="52.95829710" lon="13.42821480" />
      <trkpt lat="52.95171520" lon="13.42417430" />
      <trkpt lat="52.95107980" lon="13.42375920" />
      <trkpt lat="52.95101430" lon="13.42371190" />
      <trkpt lat="52.95090630" lon="13.42344400" />
      <trkpt lat="52.95083150" lon="13.42315040" />
    </trkseg>
  </trk>
  <trk>
    <name>KP83-KP85</name>
    <trkseg>
      <trkpt lat="52.98071240" lon="13.33386710" />
      <trkpt lat="52.98057270" lon="13.33369750" />
      <trkpt lat="52.98002590" lon="13.33304510" />
      <trkpt lat="52.97958090" lon="13.33249490" />
      <trkpt lat="52.97950830" lon="13.33239210" />
      <trkpt lat="52.97933930" lon="13.33243110" />
      <trkpt lat="52.97889830" lon="13.33203990" />
      <trkpt lat="52.97842240" lon="13.33166650" />
      <trkpt lat="52.97837570" lon="13.33162810" />
      <trkpt lat="52.97740680" lon="13.33085400" />
      <trkpt lat="52.97707780" lon="13.33058610" />
      <trkpt lat="52.97669780" lon="13.33028360" />
      <trkpt lat="52.97653540" lon="13.33018770" />
      <trkpt lat="52.97666770" lon="13.32997400" />
    </trkseg>
  </trk>
  <trk>
    <name>KP85-KP87</name>
    <trkseg>
      <trkpt lat="53.14128100" lon="12.78266460" />
      <trkpt lat="53.14164600" lon="12.78338110" />
      <trkpt lat="53.14179620" lon="12.78367600" />
      <trkpt lat="53.14266600" lon="12.78536070" />
      <trkpt lat="53.14311370" lon="12.78622910" />
      <trkpt lat="53.14339920" lon="12.78678270" />
      <trkpt lat="53.14348170" lon="12.78693610" />
      <trkpt lat="53.14398920" lon="12.78799450" />
      <trkpt lat="53.14568700" lon="12.79085120" />
      <trkpt lat="53.14602710" lon="12.79142340" />
      <trkpt lat="53.14792690" lon="12.79437270" />
      <trkpt lat="53.14832620" lon="12.79499270" />
      <trkpt lat="53.14865150" lon="12.79549780" />
      <trkpt lat="53.14880890" lon="12.79574210" />
      <trkpt lat="53.14884700" lon="12.79633910" />
      <trkpt lat="53.14887080" lon="12.79667680" />
      <trkpt lat="53.14893450" lon="12.79706040" />
      <trkpt lat="53.14889870" lon="12.79729980" />
      <trkpt lat="53.14866160" lon="12.79788940" />
      <trkpt lat="53.14860430" lon="12.79837840" />
      <trkpt lat="53.14864380" lon="12.79890500" />
      <trkpt lat="53.14870250" lon="12.79902860" />
      <trkpt lat="53.14888510" lon="12.79941310" />
      <trkpt lat="53.14967260" lon="12.80135650" />
      <trkpt lat="53.15028230" lon="12.80208050" />
      <trkpt lat="53.15077770" lon="12.80232190" />
      <trkpt lat="53.15103950" lon="12.80248240" />
      <trkpt lat="53.15115440" lon="12.80270280" />
      <trkpt lat="53.15120960" lon="12.80296970" />
      <trkpt lat="53.15122780" lon="12.80324040" />
      <trkpt lat="53.15122040" lon="12.80330480" />
      <trkpt lat="53.15116350" lon="12.80351760" />
      <trkpt lat="53.15108900" lon="12.80360410" />
      <trkpt lat="53.15083920" lon="12.80382730" />
      <trkpt lat="53.15018030" lon="12.80442720" />
      <trkpt lat="53.14980110" lon="12.80449920" />
      <trkpt lat="53.14922160" lon="12.80442410" />
      <trkpt lat="53.14861710" lon="12.80413500" />
      <trkpt lat="53.14858770" lon="12.80412090" />
      <trkpt lat="53.14849130" lon="12.80407480" />
      <trkpt lat="53.14747520" lon="12.80394610" />
      <trkpt lat="53.14725170" lon="12.80391780" />
      <trkpt lat="53.14705960" lon="12.80389560" />
      <trkpt lat="53.14658920" lon="12.80387910" />
      <trkpt lat="53.14604990" lon="12.80379330" />
      <trkpt lat="53.14579730" lon="12.80377070" />
      <trkpt lat="53.14559710" lon="12.80379060" />
      <trkpt lat="53.14542080" lon="12.80394650" />
      <trkpt lat="53.14530420" lon="12.80421490" />
      <trkpt lat="53.14495720" lon="12.80521520" />
      <trkpt lat="53.14446410" lon="12.80651590" />
      <trkpt lat="53.14429160" lon="12.80704200" />
      <trkpt lat="53.14373210" lon="12.80861080" />
      <trkpt lat="53.14368300" lon="12.80870810" />
      <trkpt lat="53.14357100" lon="12.80889730" />
      <trkpt lat="53.14298760" lon="12.80946080" />
      <trkpt lat="53.14036550" lon="12.81204690" />
      <trkpt lat="53.13990890" lon="12.81248910" />
      <trkpt lat="53.13975990" lon="12.81264430" />
      <trkpt lat="53.13937670" lon="12.81307260" />
      <trkpt lat="53.13853600" lon="12.81377060" />
      <trkpt lat="53.13823830" lon="12.81377060" />
      <trkpt lat="53.13790090" lon="12.81361180" />
      <trkpt lat="53.13744440" lon="12.81363160" />
      <trkpt lat="53.13704610" lon="12.81388060" />
      <trkpt lat="53.13680930" lon="12.81402860" />
      <trkpt lat="53.13609480" lon="12.81486210" />
      <trkpt lat="53.13522940" lon="12.81655230" />
      <trkpt lat="53.13514300" lon="12.81672140" />
      <trkpt lat="53.13586350" lon="12.81720740" />
      <trkpt lat="53.13604480" lon="12.81732380" />
      <trkpt lat="53.13618310" lon="12.81743720" />
      <trkpt lat="53.13673120" lon="12.81789300" />
      <trkpt lat="53.13683820" lon="12.81805660" />
      <trkpt lat="53.13781000" lon="12.81971590" />
      <trkpt lat="53.13891290" lon="12.82146940" />
      <trkpt lat="53.13910380" lon="12.82182790" />
      <trkpt lat="53.13931020" lon="12.82226930" />
      <trkpt lat="53.14017830" lon="12.82400320" />
      <trkpt lat="53.14041130" lon="12.82455870" />
      <trkpt lat="53.14126730" lon="12.82627740" />
      <trkpt lat="53.14156670" lon="12.82689840" />
      <trkpt lat="53.14190210" lon="12.82758410" />
      <trkpt lat="53.14204930" lon="12.82786710" />
      <trkpt lat="53.14212670" lon="12.82814400" />
      <trkpt lat="53.14253280" lon="12.82970310" />
      <trkpt lat="53.14297590" lon="12.83127530" />
      <trkpt lat="53.14360890" lon="12.83363130" />
      <trkpt lat="53.14434910" lon="12.83545460" />
      <trkpt lat="53.14563530" lon="12.83749530" />
      <trkpt lat="53.14700440" lon="12.83960500" />
      <trkpt lat="53.14886460" lon="12.84229730" />
      <trkpt lat="53.15198020" lon="12.84717390" />
      <trkpt lat="53.15337440" lon="12.85302850" />
      <trkpt lat="53.15420300" lon="12.85682810" />
      <trkpt lat="53.15446980" lon="12.85805150" />
      <trkpt lat="53.15474360" lon="12.85976390" />
      <trkpt lat="53.15499460" lon="12.86398780" />
      <trkpt lat="53.15516020" lon="12.86578950" />
      <trkpt lat="53.15516610" lon="12.86582020" />
      <trkpt lat="53.15528190" lon="12.86635150" />
      <trkpt lat="53.15532500" lon="12.86671140" />
      <trkpt lat="53.15537490" lon="12.86712790" />
      <trkpt lat="53.15545960" lon="12.86741890" />
      <trkpt lat="53.15556250" lon="12.86768400" />
      <trkpt lat="53.15598750" lon="12.86867530" />
      <trkpt lat="53.15610360" lon="12.86897950" />
      <trkpt lat="53.15616000" lon="12.86915470" />
      <trkpt lat="53.15623360" lon="12.86942770" />
      <trkpt lat="53.15633060" lon="12.86988070" />
      <trkpt lat="53.15639770" lon="12.87027600" />
      <trkpt lat="53.15642160" lon="12.87039460" />
      <trkpt lat="53.15645780" lon="12.87048980" />
      <trkpt lat="53.15631790" lon="12.87082030" />
      <trkpt lat="53.15620200" lon="12.87115880" />
      <trkpt lat="53.15612330" lon="12.87151280" />
      <trkpt lat="53.15610300" lon="12.87160390" />
      <trkpt lat="53.15603810" lon="12.87196840" />
      <trkpt lat="53.15601580" lon="12.87205940" />
      <trkpt lat="53.15599690" lon="12.87212890" />
      <trkpt lat="53.15599120" lon="12.87214960" />
      <trkpt lat="53.15595540" lon="12.87222500" />
      <trkpt lat="53.15590740" lon="12.87230780" />
      <trkpt lat="53.15585720" lon="12.87236830" />
      <trkpt lat="53.15568540" lon="12.87253490" />
      <trkpt lat="53.15535750" lon="12.87285200" />
      <trkpt lat="53.15512190" lon="12.87310510" />
      <trkpt lat="53.15507530" lon="12.87321920" />
      <trkpt lat="53.15506010" lon="12.87336840" />
      <trkpt lat="53.15506750" lon="12.87369670" />
      <trkpt lat="53.15507000" lon="12.87374290" />
      <trkpt lat="53.15510390" lon="12.87437690" />
      <trkpt lat="53.15511080" lon="12.87453450" />
      <trkpt lat="53.15511390" lon="12.87460690" />
    </trkseg>
  </trk>
  <trk>
    <name>KP85-KP96</name>
    <trkseg>
      <trkpt lat="52.97666770" lon="13.32997400" />
      <trkpt lat="52.97668100" lon="13.32994380" />
      <trkpt lat="52.97675220" lon="13.32977690" />
      <trkpt lat="52.97682990" lon="13.32947110" />
      <trkpt lat="52.97701950" lon="13.32876320" />
      <trkpt lat="52.97715400" lon="13.32834910" />
      <trkpt lat="52.97727390" lon="13.32805360" />
      <trkpt lat="52.97741110" lon="13.32775800" />
      <trkpt lat="52.97774640" lon="13.32716000" />
      <trkpt lat="52.97784260" lon="13.32699690" />
      <trkpt lat="52.97853600" lon="13.32565240" />
      <trkpt lat="52.97867780" lon="13.32537390" />
      <trkpt lat="52.97902200" lon="13.32468680" />
      <trkpt lat="52.97933470" lon="13.32391830" />
      <trkpt lat="52.97962200" lon="13.32303600" />
      <trkpt lat="52.97974600" lon="13.32265510" />
      <trkpt lat="52.98044610" lon="13.32050480" />
      <trkpt lat="52.98067390" lon="13.31983230" />
      <trkpt lat="52.98100150" lon="13.31891160" />
      <trkpt lat="52.98131600" lon="13.31802760" />
      <trkpt lat="52.98137360" lon="13.31807500" />
      <trkpt lat="52.98150420" lon="13.31811580" />
      <trkpt lat="52.98246270" lon="13.31842470" />
      <trkpt lat="52.98311810" lon="13.31855120" />
      <trkpt lat="52.98321720" lon="13.31859370" />
      <trkpt lat="52.98342220" lon="13.31872940" />
      <trkpt lat="52.98355540" lon="13.31884410" />
      <trkpt lat="52.98366150" lon="13.31884630" />
      <trkpt lat="52.98390150" lon="13.31874870" />
      <trkpt lat="52.98407440" lon="13.31876660" />
      <trkpt lat="52.98730170" lon="13.31950330" />
      <trkpt lat="52.98777100" lon="13.31956830" />
      <trkpt lat="52.98864800" lon="13.31976040" />
      <trkpt lat="52.98886660" lon="13.31977030" />
      <trkpt lat="52.98906560" lon="13.31974740" />
      <trkpt lat="52.98922460" lon="13.31978230" />
      <trkpt lat="52.99094670" lon="13.32016030" />
      <trkpt lat="52.99236990" lon="13.32046960" />
      <trkpt lat="52.99261610" lon="13.32052150" />
      <trkpt lat="52.99278930" lon="13.32058810" />
      <trkpt lat="52.99291860" lon="13.32066910" />
      <trkpt lat="52.99300560" lon="13.32069870" />
      <trkpt lat="52.99304150" lon="13.32060390" />
      <trkpt lat="52.99307180" lon="13.32053190" />
      <trkpt lat="52.99310460" lon="13.32045220" />
      <trkpt lat="52.99313340" lon="13.32040360" />
      <trkpt lat="52.99316050" lon="13.32037860" />
      <trkpt lat="52.99319460" lon="13.32035740" />
      <trkpt lat="52.99320540" lon="13.32035640" />
      <trkpt lat="52.99328390" lon="13.32036970" />
      <trkpt lat="52.99363540" lon="13.32051560" />
      <trkpt lat="52.99395050" lon="13.32061150" />
      <trkpt lat="52.99485400" lon="13.32084100" />
      <trkpt lat="52.99674930" lon="13.32124960" />
      <trkpt lat="52.99705040" lon="13.32133460" />
      <trkpt lat="52.99744980" lon="13.32153000" />
      <trkpt lat="52.99770010" lon="13.32168640" />
      <trkpt lat="52.99780060" lon="13.32173670" />
      <trkpt lat="52.99818660" lon="13.32183070" />
      <trkpt lat="52.99829150" lon="13.32186000" />
      <trkpt lat="52.99847440" lon="13.32180620" />
      <trkpt lat="52.99851970" lon="13.32179290" />
      <trkpt lat="52.99878690" lon="13.32169760" />
      <trkpt lat="52.99905650" lon="13.32141570" />
      <trkpt lat="52.99928110" lon="13.32110780" />
      <trkpt lat="52.99961520" lon="13.32056440" />
      <trkpt lat="53.00000890" lon="13.31997920" />
      <trkpt lat="53.00060410" lon="13.31908740" />
      <trkpt lat="53.00091090" lon="13.31857200" />
      <trkpt lat="53.00214390" lon="13.31660180" />
      <trkpt lat="53.00301190" lon="13.31525380" />
      <trkpt lat="53.00325450" lon="13.31471110" />
      <trkpt lat="53.00330580" lon="13.31457980" />
      <trkpt lat="53.00338240" lon="13.31465500" />
      <trkpt lat="53.00348420" lon="13.31471360" />
      <trkpt lat="53.00553030" lon="13.31559940" />
      <trkpt lat="53.00705810" lon="13.31626770" />
      <trkpt lat="53.00729290" lon="13.31635410" />
      <trkpt lat="53.00753780" lon="13.31636400" />
      <trkpt lat="53.00765060" lon="13.31634540" />
      <trkpt lat="53.00781420" lon="13.31627870" />
      <trkpt lat="53.00796400" lon="13.31620720" />
      <trkpt lat="53.00811490" lon="13.31614850" />
      <trkpt lat="53.00828810" lon="13.31610880" />
      <trkpt lat="53.00837090" lon="13.31610760" />
      <trkpt lat="53.00845650" lon="13.31612320" />
      <trkpt lat="53.00860680" lon="13.31616380" />
      <trkpt lat="53.00876660" lon="13.31623730" />
      <trkpt lat="53.00893750" lon="13.31634230" />
      <trkpt lat="53.00930620" lon="13.31662450" />
      <trkpt lat="53.00969280" lon="13.31691850" />
      <trkpt lat="53.00983790" lon="13.31704940" />
      <trkpt lat="53.00988130" lon="13.31706950" />
      <trkpt lat="53.00992300" lon="13.31706380" />
      <trkpt lat="53.00996150" lon="13.31705210" />
      <trkpt lat="53.01007950" lon="13.31697200" />
      <trkpt lat="53.01015470" lon="13.31691760" />
      <trkpt lat="53.01028390" lon="13.31682370" />
      <trkpt lat="53.01039300" lon="13.31672160" />
      <trkpt lat="53.01041150" lon="13.31670430" />
      <trkpt lat="53.01050800" lon="13.31655650" />
      <trkpt lat="53.01052810" lon="13.31652580" />
      <trkpt lat="53.01063580" lon="13.31634220" />
      <trkpt lat="53.01144230" lon="13.31484200" />
      <trkpt lat="53.01158340" lon="13.31467330" />
      <trkpt lat="53.01161870" lon="13.31463110" />
      <trkpt lat="53.01190850" lon="13.31449330" />
      <trkpt lat="53.01212600" lon="13.31453900" />
      <trkpt lat="53.01251640" lon="13.31471780" />
      <trkpt lat="53.01289130" lon="13.31474410" />
      <trkpt lat="53.01319830" lon="13.31464450" />
      <trkpt lat="53.01344080" lon="13.31450530" />
      <trkpt lat="53.01363810" lon="13.31431100" />
      <trkpt lat="53.01388440" lon="13.31392830" />
      <trkpt lat="53.01481880" lon="13.31273120" />
      <trkpt lat="53.01489590" lon="13.31260590" />
      <trkpt lat="53.01512110" lon="13.31223970" />
      <trkpt lat="53.01532610" lon="13.31190710" />
      <trkpt lat="53.01556930" lon="13.31169620" />
      <trkpt lat="53.01607290" lon="13.31142100" />
      <trkpt lat="53.01637350" lon="13.31102000" />
      <trkpt lat="53.01680070" lon="13.31041710" />
      <trkpt lat="53.01718540" lon="13.30979930" />
      <trkpt lat="53.01798720" lon="13.30848250" />
      <trkpt lat="53.01837400" lon="13.30792370" />
      <trkpt lat="53.01864740" lon="13.30753510" />
      <trkpt lat="53.01892320" lon="13.30707220" />
      <trkpt lat="53.01896820" lon="13.30691930" />
      <trkpt lat="53.01902930" lon="13.30697780" />
      <trkpt lat="53.01917110" lon="13.30715720" />
      <trkpt lat="53.01950350" lon="13.30766340" />
      <trkpt lat="53.01985030" lon="13.30823030" />
      <trkpt lat="53.02006870" lon="13.30863380" />
      <trkpt lat="53.02016780" lon="13.30886310" />
      <trkpt lat="53.02021390" lon="13.30897290" />
      <trkpt lat="53.02029940" lon="13.30916690" />
      <trkpt lat="53.02038880" lon="13.30930850" />
      <trkpt lat="53.02064310" lon="13.30972210" />
      <trkpt lat="53.02086140" lon="13.30968010" />
      <trkpt lat="53.02112600" lon="13.30963620" />
      <trkpt lat="53.02141710" lon="13.30956470" />
      <trkpt lat="53.02151870" lon="13.30954530" />
      <trkpt lat="53.02163270" lon="13.30955050" />
      <trkpt lat="53.02169840" lon="13.30956680" />
      <trkpt lat="53.02176360" lon="13.30961540" />
      <trkpt lat="53.02186860" lon="13.30978360" />
      <trkpt lat="53.02197900" lon="13.31011640" />
      <trkpt lat="53.02207370" lon="13.31026260" />
      <trkpt lat="53.02227290" lon="13.31040610" />
      <trkpt lat="53.02239390" lon="13.31047090" />
      <trkpt lat="53.02252980" lon="13.31051910" />
      <trkpt lat="53.02266620" lon="13.31057210" />
      <trkpt lat="53.02281310" lon="13.31061180" />
      <trkpt lat="53.02358600" lon="13.31061520" />
      <trkpt lat="53.02365740" lon="13.31062420" />
      <trkpt lat="53.02436070" lon="13.31071320" />
      <trkpt lat="53.02467320" lon="13.31071740" />
      <trkpt lat="53.02499370" lon="13.31078470" />
      <trkpt lat="53.02614500" lon="13.31100290" />
      <trkpt lat="53.02618060" lon="13.31099860" />
      <trkpt lat="53.02636790" lon="13.31097600" />
      <trkpt lat="53.02671660" lon="13.31106130" />
      <trkpt lat="53.02708360" lon="13.31112550" />
      <trkpt lat="53.02732380" lon="13.31115400" />
      <trkpt lat="53.02769680" lon="13.31117500" />
      <trkpt lat="53.02782520" lon="13.31119410" />
      <trkpt lat="53.02792680" lon="13.31121900" />
      <trkpt lat="53.02854250" lon="13.31134970" />
      <trkpt lat="53.02889420" lon="13.31140060" />
      <trkpt lat="53.02903060" lon="13.31152810" />
      <trkpt lat="53.02920780" lon="13.31162400" />
      <trkpt lat="53.02932930" lon="13.31166340" />
      <trkpt lat="53.02953470" lon="13.31172750" />
      <trkpt lat="53.02956730" lon="13.31173770" />
      <trkpt lat="53.02961030" lon="13.31175110" />
      <trkpt lat="53.02974600" lon="13.31178920" />
      <trkpt lat="53.02977530" lon="13.31180440" />
      <trkpt lat="53.02983600" lon="13.31183160" />
      <trkpt lat="53.02987390" lon="13.31183950" />
      <trkpt lat="53.02996090" lon="13.31185320" />
      <trkpt lat="53.02998930" lon="13.31188380" />
      <trkpt lat="53.03000090" lon="13.31192920" />
      <trkpt lat="53.03000330" lon="13.31232390" />
      <trkpt lat="53.03001350" lon="13.31244300" />
      <trkpt lat="53.03002700" lon="13.31252150" />
      <trkpt lat="53.03007110" lon="13.31261380" />
      <trkpt lat="53.03011170" lon="13.31267170" />
      <trkpt lat="53.03022660" lon="13.31268350" />
      <trkpt lat="53.03031820" lon="13.31266970" />
      <trkpt lat="53.03037980" lon="13.31261220" />
      <trkpt lat="53.03040790" lon="13.31256780" />
      <trkpt lat="53.03041440" lon="13.31231570" />
      <trkpt lat="53.03048980" lon="13.31057350" />
      <trkpt lat="53.03082270" lon="13.31062770" />
      <trkpt lat="53.03087440" lon="13.31054980" />
      <trkpt lat="53.03088930" lon="13.31023680" />
      <trkpt lat="53.03087210" lon="13.31018630" />
      <trkpt lat="53.03082460" lon="13.31017920" />
      <trkpt lat="53.03073470" lon="13.31016070" />
      <trkpt lat="53.03065440" lon="13.31014780" />
      <trkpt lat="53.03025200" lon="13.31011230" />
      <trkpt lat="53.03023250" lon="13.31011110" />
      <trkpt lat="53.03016590" lon="13.31010670" />
      <trkpt lat="53.03008640" lon="13.31008240" />
      <trkpt lat="53.03005820" lon="13.31007720" />
      <trkpt lat="53.03000110" lon="13.31007170" />
      <trkpt lat="53.02948490" lon="13.30999720" />
      <trkpt lat="53.02936090" lon="13.30997890" />
      <trkpt lat="53.02914010" lon="13.30994260" />
      <trkpt lat="53.02896310" lon="13.30991560" />
      <trkpt lat="53.02898370" lon="13.30950420" />
      <trkpt lat="53.02902600" lon="13.30866150" />
      <trkpt lat="53.02903010" lon="13.30858620" />
      <trkpt lat="53.02908270" lon="13.30757800" />
      <trkpt lat="53.02919470" lon="13.30547150" />
      <trkpt lat="53.02934090" lon="13.30297630" />
      <trkpt lat="53.02942080" lon="13.30152910" />
      <trkpt lat="53.02945250" lon="13.30092900" />
      <trkpt lat="53.02946260" lon="13.30074990" />
      <trkpt lat="53.02957450" lon="13.29876070" />
      <trkpt lat="53.02974130" lon="13.29596390" />
      <trkpt lat="53.02973730" lon="13.29578370" />
      <trkpt lat="53.02972930" lon="13.29568400" />
      <trkpt lat="53.02971300" lon="13.29559360" />
    </trkseg>
  </trk>
  <trk>
    <name>KP86-KP87</name>
    <trkseg>
      <trkpt lat="52.96513350" lon="13.28653780" />
      <trkpt lat="52.96513810" lon="13.28614650" />
      <trkpt lat="52.96511200" lon="13.28583650" />
      <trkpt lat="52.96500040" lon="13.28563940" />
      <trkpt lat="52.96442260" lon="13.28451200" />
      <trkpt lat="52.96408980" lon="13.28346050" />
      <trkpt lat="52.96370200" lon="13.28220260" />
      <trkpt lat="52.96324390" lon="13.28077450" />
      <trkpt lat="52.96176950" lon="13.27613890" />
      <trkpt lat="52.96126400" lon="13.27453700" />
      <trkpt lat="52.96002270" lon="13.27060350" />
      <trkpt lat="52.95915350" lon="13.26749430" />
      <trkpt lat="52.95845480" lon="13.26496100" />
      <trkpt lat="52.95760770" lon="13.26179950" />
      <trkpt lat="52.95707800" lon="13.25985320" />
      <trkpt lat="52.95602890" lon="13.25602060" />
      <trkpt lat="52.95532730" lon="13.25350180" />
      <trkpt lat="52.94721440" lon="13.25629810" />
      <trkpt lat="52.93736670" lon="13.25968300" />
      <trkpt lat="52.93681450" lon="13.25986830" />
      <trkpt lat="52.93655020" lon="13.25994240" />
      <trkpt lat="52.93645610" lon="13.25992030" />
      <trkpt lat="52.93636260" lon="13.25983810" />
      <trkpt lat="52.93629530" lon="13.25971050" />
      <trkpt lat="52.93615750" lon="13.25936660" />
      <trkpt lat="52.93608250" lon="13.25923330" />
      <trkpt lat="52.93601860" lon="13.25918410" />
      <trkpt lat="52.93595980" lon="13.25921190" />
      <trkpt lat="52.93585990" lon="13.25933300" />
      <trkpt lat="52.93569600" lon="13.25957830" />
      <trkpt lat="52.93509730" lon="13.26044850" />
      <trkpt lat="52.93355110" lon="13.26138820" />
      <trkpt lat="52.93327070" lon="13.26143210" />
      <trkpt lat="52.93320140" lon="13.26146700" />
      <trkpt lat="52.93316430" lon="13.26151270" />
      <trkpt lat="52.93284820" lon="13.26208290" />
      <trkpt lat="52.93256310" lon="13.26259220" />
      <trkpt lat="52.93223260" lon="13.26312720" />
      <trkpt lat="52.93202460" lon="13.26281280" />
      <trkpt lat="52.93200090" lon="13.26277690" />
      <trkpt lat="52.93180520" lon="13.26241930" />
      <trkpt lat="52.93160620" lon="13.26203370" />
      <trkpt lat="52.93157230" lon="13.26196810" />
      <trkpt lat="52.93135210" lon="13.26156850" />
      <trkpt lat="52.93077520" lon="13.26048990" />
      <trkpt lat="52.93062540" lon="13.26021130" />
      <trkpt lat="52.93031410" lon="13.25955230" />
      <trkpt lat="52.93020320" lon="13.25931760" />
      <trkpt lat="52.92929260" lon="13.25738990" />
      <trkpt lat="52.92907560" lon="13.25693060" />
      <trkpt lat="52.92883590" lon="13.25643630" />
      <trkpt lat="52.92868640" lon="13.25619120" />
      <trkpt lat="52.92854930" lon="13.25599660" />
      <trkpt lat="52.92835980" lon="13.25576490" />
      <trkpt lat="52.92829370" lon="13.25570950" />
    </trkseg>
  </trk>
  <trk>
    <name>KP9-KP16</name>
    <trkseg>
      <trkpt lat="52.93843950" lon="12.81755390" />
      <trkpt lat="52.93841920" lon="12.81751180" />
      <trkpt lat="52.93837000" lon="12.81732540" />
      <trkpt lat="52.93836460" lon="12.81723840" />
      <trkpt lat="52.93845070" lon="12.81675640" />
      <trkpt lat="52.93851620" lon="12.81649390" />
      <trkpt lat="52.93860190" lon="12.81621560" />
      <trkpt lat="52.93869930" lon="12.81593400" />
      <trkpt lat="52.93881700" lon="12.81561460" />
      <trkpt lat="52.93885740" lon="12.81551400" />
      <trkpt lat="52.93902690" lon="12.81514730" />
      <trkpt lat="52.93905370" lon="12.81508370" />
      <trkpt lat="52.93927450" lon="12.81455930" />
      <trkpt lat="52.93968010" lon="12.81342880" />
      <trkpt lat="52.93986630" lon="12.81294730" />
      <trkpt lat="52.94000250" lon="12.81258090" />
      <trkpt lat="52.94002460" lon="12.81252080" />
      <trkpt lat="52.94006340" lon="12.81233570" />
      <trkpt lat="52.94008260" lon="12.81226300" />
      <trkpt lat="52.94009280" lon="12.81222010" />
      <trkpt lat="52.94015420" lon="12.81160050" />
      <trkpt lat="52.94015640" lon="12.81152280" />
      <trkpt lat="52.94018360" lon="12.81056060" />
      <trkpt lat="52.94017310" lon="12.81045460" />
      <trkpt lat="52.94013010" lon="12.81004180" />
      <trkpt lat="52.94011480" lon="12.80988850" />
      <trkpt lat="52.94178050" lon="12.81011930" />
      <trkpt lat="52.94250220" lon="12.81022800" />
      <trkpt lat="52.94281820" lon="12.81025810" />
      <trkpt lat="52.94330780" lon="12.81033000" />
      <trkpt lat="52.94364300" lon="12.81037020" />
      <trkpt lat="52.94369260" lon="12.81037720" />
      <trkpt lat="52.94510730" lon="12.81057700" />
      <trkpt lat="52.94618000" lon="12.81074090" />
      <trkpt lat="52.94623900" lon="12.81074990" />
      <trkpt lat="52.94744370" lon="12.81088980" />
      <trkpt lat="52.94776210" lon="12.81094540" />
      <trkpt lat="52.94891300" lon="12.81105060" />
      <trkpt lat="52.94897250" lon="12.81106300" />
      <trkpt lat="52.95076660" lon="12.81133170" />
      <trkpt lat="52.95141260" lon="12.81154860" />
      <trkpt lat="52.95205900" lon="12.81164650" />
      <trkpt lat="52.95271920" lon="12.81176710" />
      <trkpt lat="52.95330680" lon="12.81185650" />
      <trkpt lat="52.95436010" lon="12.81198630" />
      <trkpt lat="52.95451690" lon="12.81198840" />
      <trkpt lat="52.95459690" lon="12.81196700" />
      <trkpt lat="52.95469060" lon="12.81192000" />
      <trkpt lat="52.95492490" lon="12.81172830" />
      <trkpt lat="52.95500570" lon="12.81170410" />
      <trkpt lat="52.95508490" lon="12.81170010" />
      <trkpt lat="52.95522790" lon="12.81174570" />
      <trkpt lat="52.95538060" lon="12.81181810" />
      <trkpt lat="52.95568190" lon="12.81191070" />
      <trkpt lat="52.95591060" lon="12.81198040" />
      <trkpt lat="52.95612790" lon="12.81206220" />
      <trkpt lat="52.95633800" lon="12.81212790" />
      <trkpt lat="52.95654810" lon="12.81218700" />
      <trkpt lat="52.95699070" lon="12.81223380" />
      <trkpt lat="52.95748760" lon="12.81226360" />
      <trkpt lat="52.95786080" lon="12.81220220" />
      <trkpt lat="52.95800950" lon="12.81226740" />
      <trkpt lat="52.95939400" lon="12.81264740" />
      <trkpt lat="52.95966240" lon="12.81268710" />
      <trkpt lat="52.96034090" lon="12.81254370" />
      <trkpt lat="52.96038950" lon="12.81248870" />
      <trkpt lat="52.96063750" lon="12.81245110" />
      <trkpt lat="52.96192200" lon="12.81215840" />
      <trkpt lat="52.96236140" lon="12.81207830" />
      <trkpt lat="52.96284050" lon="12.81195240" />
      <trkpt lat="52.96311590" lon="12.81185930" />
      <trkpt lat="52.96442770" lon="12.81150160" />
      <trkpt lat="52.96562960" lon="12.81121730" />
      <trkpt lat="52.96803180" lon="12.81057080" />
      <trkpt lat="52.97048220" lon="12.81003690" />
      <trkpt lat="52.97220640" lon="12.80963010" />
      <trkpt lat="52.97275900" lon="12.80949980" />
      <trkpt lat="52.97284700" lon="12.80947900" />
      <trkpt lat="52.97315200" lon="12.80940620" />
      <trkpt lat="52.97410910" lon="12.80917780" />
      <trkpt lat="52.97585370" lon="12.80876140" />
      <trkpt lat="52.97835120" lon="12.80811640" />
      <trkpt lat="52.98046970" lon="12.80780460" />
      <trkpt lat="52.98244640" lon="12.80694630" />
      <trkpt lat="52.98337650" lon="12.80621670" />
      <trkpt lat="52.98440710" lon="12.80563390" />
    </trkseg>
  </trk>
  <trk>
    <name>KP90-KP92</name>
    <trkseg>
      <trkpt lat="52.98218060" lon="13.23790700" />
      <trkpt lat="52.98276150" lon="13.23883570" />
      <trkpt lat="52.98411830" lon="13.24097690" />
      <trkpt lat="52.98442370" lon="13.24146700" />
      <trkpt lat="52.98665010" lon="13.24483610" />
      <trkpt lat="52.98692550" lon="13.24521450" />
      <trkpt lat="52.98757950" lon="13.24619130" />
      <trkpt lat="52.98779240" lon="13.24650100" />
      <trkpt lat="52.98812520" lon="13.24700360" />
      <trkpt lat="52.98825690" lon="13.24715080" />
      <trkpt lat="52.98832260" lon="13.24719930" />
      <trkpt lat="52.98843580" lon="13.24726000" />
      <trkpt lat="52.98893510" lon="13.24742110" />
      <trkpt lat="52.99041850" lon="13.24783390" />
      <trkpt lat="52.99113670" lon="13.24802940" />
      <trkpt lat="52.99199950" lon="13.24827910" />
      <trkpt lat="52.99256170" lon="13.24844780" />
      <trkpt lat="52.99310750" lon="13.24859210" />
      <trkpt lat="52.99397360" lon="13.24882060" />
      <trkpt lat="52.99451050" lon="13.24898680" />
      <trkpt lat="52.99553460" lon="13.24932670" />
      <trkpt lat="52.99581310" lon="13.24940460" />
      <trkpt lat="52.99635190" lon="13.24958790" />
      <trkpt lat="52.99640770" lon="13.24963560" />
      <trkpt lat="52.99614170" lon="13.25056540" />
      <trkpt lat="52.99602810" lon="13.25100130" />
      <trkpt lat="52.99593400" lon="13.25148570" />
      <trkpt lat="52.99618290" lon="13.25157730" />
      <trkpt lat="52.99668020" lon="13.25172750" />
      <trkpt lat="52.99780620" lon="13.25207190" />
      <trkpt lat="52.99869070" lon="13.25233500" />
      <trkpt lat="52.99898350" lon="13.25242240" />
      <trkpt lat="52.99945590" lon="13.25256350" />
      <trkpt lat="52.99962520" lon="13.25261400" />
      <trkpt lat="52.99998550" lon="13.25266330" />
      <trkpt lat="53.00053910" lon="13.25273900" />
      <trkpt lat="53.00086250" lon="13.25278330" />
      <trkpt lat="53.00095030" lon="13.25279530" />
      <trkpt lat="53.00114760" lon="13.25281930" />
      <trkpt lat="53.00174840" lon="13.25289250" />
      <trkpt lat="53.00362550" lon="13.25310010" />
      <trkpt lat="53.00433920" lon="13.25318160" />
      <trkpt lat="53.00452460" lon="13.25327700" />
      <trkpt lat="53.00841780" lon="13.25526540" />
      <trkpt lat="53.00964390" lon="13.25606820" />
      <trkpt lat="53.01118080" lon="13.25679310" />
      <trkpt lat="53.01131160" lon="13.25685480" />
      <trkpt lat="53.01167490" lon="13.25703650" />
      <trkpt lat="53.01205580" lon="13.25722700" />
      <trkpt lat="53.01225050" lon="13.25732430" />
      <trkpt lat="53.01333060" lon="13.25786430" />
      <trkpt lat="53.01384450" lon="13.25808170" />
      <trkpt lat="53.01428940" lon="13.25833970" />
      <trkpt lat="53.01443630" lon="13.25843820" />
      <trkpt lat="53.01513000" lon="13.25881260" />
      <trkpt lat="53.01665850" lon="13.25962700" />
      <trkpt lat="53.01779240" lon="13.26019080" />
      <trkpt lat="53.01845010" lon="13.26056660" />
      <trkpt lat="53.01913300" lon="13.26091750" />
      <trkpt lat="53.01977190" lon="13.26123690" />
      <trkpt lat="53.01989720" lon="13.26125570" />
      <trkpt lat="53.02003500" lon="13.26120560" />
      <trkpt lat="53.02018540" lon="13.26108030" />
      <trkpt lat="53.02182040" lon="13.25942030" />
      <trkpt lat="53.02194570" lon="13.25933880" />
      <trkpt lat="53.02206470" lon="13.25930750" />
      <trkpt lat="53.02216490" lon="13.25931380" />
      <trkpt lat="53.02230900" lon="13.25938270" />
      <trkpt lat="53.02351800" lon="13.26011560" />
      <trkpt lat="53.02362450" lon="13.26017200" />
      <trkpt lat="53.02373430" lon="13.26018780" />
      <trkpt lat="53.02428330" lon="13.25792110" />
      <trkpt lat="53.02461550" lon="13.25686800" />
      <trkpt lat="53.02479460" lon="13.25647610" />
      <trkpt lat="53.02488910" lon="13.25626920" />
      <trkpt lat="53.02536160" lon="13.25555950" />
      <trkpt lat="53.02565290" lon="13.25516900" />
      <trkpt lat="53.02598270" lon="13.25470710" />
      <trkpt lat="53.02607950" lon="13.25459850" />
      <trkpt lat="53.02646900" lon="13.25411490" />
      <trkpt lat="53.02685920" lon="13.25401030" />
      <trkpt lat="53.02719590" lon="13.25412890" />
      <trkpt lat="53.02744430" lon="13.25430880" />
      <trkpt lat="53.02771130" lon="13.25462240" />
      <trkpt lat="53.02859080" lon="13.25567810" />
      <trkpt lat="53.02952590" lon="13.25693930" />
      <trkpt lat="53.02957320" lon="13.25700310" />
      <trkpt lat="53.02999430" lon="13.25776920" />
      <trkpt lat="53.03019000" lon="13.25818300" />
      <trkpt lat="53.03043350" lon="13.25858050" />
      <trkpt lat="53.03076800" lon="13.25888950" />
      <trkpt lat="53.03094420" lon="13.25898190" />
      <trkpt lat="53.03111680" lon="13.25903590" />
      <trkpt lat="53.03148890" lon="13.25908820" />
      <trkpt lat="53.03206390" lon="13.25907170" />
      <trkpt lat="53.03285490" lon="13.25906210" />
      <trkpt lat="53.03310550" lon="13.25905870" />
      <trkpt lat="53.03704510" lon="13.25900580" />
      <trkpt lat="53.03720340" lon="13.25898230" />
      <trkpt lat="53.03755160" lon="13.25893050" />
      <trkpt lat="53.03768530" lon="13.25889900" />
      <trkpt lat="53.03852690" lon="13.25848260" />
      <trkpt lat="53.03888490" lon="13.25825470" />
      <trkpt lat="53.03977610" lon="13.25769460" />
      <trkpt lat="53.04294600" lon="13.25548870" />
      <trkpt lat="53.04442290" lon="13.25402010" />
      <trkpt lat="53.04593960" lon="13.25254990" />
      <trkpt lat="53.04635940" lon="13.25210570" />
      <trkpt lat="53.04644300" lon="13.25190620" />
      <trkpt lat="53.04647470" lon="13.25193890" />
      <trkpt lat="53.04652490" lon="13.25195310" />
      <trkpt lat="53.04658460" lon="13.25191850" />
      <trkpt lat="53.04661500" lon="13.25186580" />
      <trkpt lat="53.04663230" lon="13.25178680" />
      <trkpt lat="53.04662820" lon="13.25170620" />
      <trkpt lat="53.04660490" lon="13.25163670" />
    </trkseg>
  </trk>
  <trk>
    <name>KP93-KP96</name>
    <trkseg>
      <trkpt lat="53.04531660" lon="13.26917950" />
      <trkpt lat="53.04521860" lon="13.26942310" />
      <trkpt lat="53.04503090" lon="13.26990750" />
      <trkpt lat="53.04464700" lon="13.27084180" />
      <trkpt lat="53.04392340" lon="13.27238860" />
      <trkpt lat="53.04368180" lon="13.27317470" />
      <trkpt lat="53.04335100" lon="13.27444120" />
      <trkpt lat="53.04238160" lon="13.27863630" />
      <trkpt lat="53.04181970" lon="13.28086890" />
      <trkpt lat="53.04174330" lon="13.28110010" />
      <trkpt lat="53.04148150" lon="13.28147240" />
      <trkpt lat="53.04104350" lon="13.28229690" />
      <trkpt lat="53.04096160" lon="13.28242450" />
      <trkpt lat="53.04002680" lon="13.28307960" />
      <trkpt lat="53.03985690" lon="13.28336100" />
      <trkpt lat="53.03966440" lon="13.28356870" />
      <trkpt lat="53.03861930" lon="13.28418880" />
      <trkpt lat="53.03774230" lon="13.28485260" />
      <trkpt lat="53.03728530" lon="13.28510950" />
      <trkpt lat="53.03684640" lon="13.28526860" />
      <trkpt lat="53.03638730" lon="13.28556010" />
      <trkpt lat="53.03626870" lon="13.28569990" />
      <trkpt lat="53.03560560" lon="13.28672630" />
      <trkpt lat="53.03483870" lon="13.28815930" />
      <trkpt lat="53.03451130" lon="13.28892470" />
      <trkpt lat="53.03425790" lon="13.28951710" />
      <trkpt lat="53.03370190" lon="13.29081700" />
      <trkpt lat="53.03317330" lon="13.29169610" />
      <trkpt lat="53.03230240" lon="13.29301730" />
      <trkpt lat="53.03155980" lon="13.29405900" />
      <trkpt lat="53.03029770" lon="13.29489750" />
      <trkpt lat="53.02973340" lon="13.29522470" />
      <trkpt lat="53.02968410" lon="13.29528620" />
      <trkpt lat="53.02969990" lon="13.29531750" />
      <trkpt lat="53.02970370" lon="13.29536200" />
      <trkpt lat="53.02969690" lon="13.29540670" />
      <trkpt lat="53.02967320" lon="13.29546650" />
      <trkpt lat="53.02969450" lon="13.29552580" />
      <trkpt lat="53.02971300" lon="13.29559360" />
    </trkseg>
  </trk>
  <trk>
    <name>KP97-KP98</name>
    <trkseg>
      <trkpt lat="52.94604340" lon="13.37694890" />
      <trkpt lat="52.94606450" lon="13.37709960" />
      <trkpt lat="52.94607030" lon="13.37716350" />
      <trkpt lat="52.94608660" lon="13.37734180" />
      <trkpt lat="52.94615960" lon="13.37812130" />
      <trkpt lat="52.94619870" lon="13.37864540" />
      <trkpt lat="52.94626000" lon="13.37970640" />
      <trkpt lat="52.94621500" lon="13.38016510" />
      <trkpt lat="52.94607680" lon="13.38071820" />
      <trkpt lat="52.94532460" lon="13.38033560" />
      <trkpt lat="52.94500350" lon="13.38115210" />
      <trkpt lat="52.94497900" lon="13.38120670" />
      <trkpt lat="52.94476860" lon="13.38177510" />
      <trkpt lat="52.94453840" lon="13.38239290" />
      <trkpt lat="52.94448700" lon="13.38265860" />
      <trkpt lat="52.94437340" lon="13.38417870" />
      <trkpt lat="52.94431690" lon="13.38532540" />
      <trkpt lat="52.94430450" lon="13.38557940" />
      <trkpt lat="52.94428540" lon="13.38589560" />
      <trkpt lat="52.94432900" lon="13.38652660" />
      <trkpt lat="52.94460670" lon="13.38925130" />
      <trkpt lat="52.94475050" lon="13.39069950" />
      <trkpt lat="52.94475960" lon="13.39085800" />
      <trkpt lat="52.94483700" lon="13.39159980" />
      <trkpt lat="52.94486390" lon="13.39183700" />
      <trkpt lat="52.94493990" lon="13.39202280" />
      <trkpt lat="52.94582610" lon="13.39311890" />
      <trkpt lat="52.94689410" lon="13.39450390" />
      <trkpt lat="52.94720940" lon="13.39510130" />
      <trkpt lat="52.94709290" lon="13.39641610" />
      <trkpt lat="52.94677580" lon="13.39927060" />
      <trkpt lat="52.94639170" lon="13.40314430" />
      <trkpt lat="52.94639170" lon="13.40366350" />
      <trkpt lat="52.94641570" lon="13.40376300" />
      <trkpt lat="52.94655060" lon="13.40432090" />
      <trkpt lat="52.94698560" lon="13.40606830" />
      <trkpt lat="52.94864550" lon="13.41156980" />
      <trkpt lat="52.94872900" lon="13.41184650" />
      <trkpt lat="52.94877370" lon="13.41243350" />
      <trkpt lat="52.94890310" lon="13.41460030" />
      <trkpt lat="52.94909340" lon="13.41715460" />
      <trkpt lat="52.94916010" lon="13.41783340" />
      <trkpt lat="52.94918430" lon="13.41802380" />
      <trkpt lat="52.94924520" lon="13.41831040" />
      <trkpt lat="52.94963470" lon="13.41906690" />
      <trkpt lat="52.94989780" lon="13.41947270" />
      <trkpt lat="52.95016830" lon="13.41988480" />
      <trkpt lat="52.95030540" lon="13.42029990" />
      <trkpt lat="52.95062030" lon="13.42091800" />
      <trkpt lat="52.95072040" lon="13.42150840" />
      <trkpt lat="52.95079820" lon="13.42279060" />
      <trkpt lat="52.95083150" lon="13.42315040" />
    </trkseg>
  </trk>
</gpx>