<?xml version='1.0' encoding='UTF-8'?>
<gpx xmlns="http://www.topografix.com/GPX/1/1" version="1.1" creator="combine_gpx.py">
  <trk>
    <trkseg>
      <trkpt lat="52.949771944745834" lon="14.110256866460618" />
      <trkpt lat="52.952641991489685" lon="14.109484390264331" />
      <trkpt lat="52.954219143298246" lon="14.108325675969898" />
      <trkpt lat="52.958698595248194" lon="14.106998453227172" />
      <trkpt lat="52.96032722786467" lon="14.10755635270227" />
      <trkpt lat="52.96748499870748" lon="14.112234125224242" />
      <trkpt lat="52.968803152396305" lon="14.112534532633912" />
      <trkpt lat="52.97053478340655" lon="14.112534532633912" />
      <trkpt lat="52.97203375124522" lon="14.112148294535766" />
      <trkpt lat="52.9738686238633" lon="14.112706194010864" />
      <trkpt lat="52.97572926020294" lon="14.113650331584104" />
      <trkpt lat="52.976795017912025" lon="14.115109453288207" />
    </trkseg>
    <name>10 UM-18 BAR</name>
  </trk>
  <trk>
    <trkseg>
      <trkpt lat="52.97546657221508" lon="13.987374559489531" />
      <trkpt lat="52.97518231178651" lon="13.98735310181741" />
      <trkpt lat="52.97455564014595" lon="13.987095609751982" />
      <trkpt lat="52.974193846195135" lon="13.986730829325957" />
      <trkpt lat="52.973631767442185" lon="13.986323133555691" />
      <trkpt lat="52.97315367171484" lon="13.9861085568345" />
      <trkpt lat="52.972714335842795" lon="13.986033454982083" />
      <trkpt lat="52.97255281417881" lon="13.986172929850857" />
      <trkpt lat="52.97215137943638" lon="13.987041721670465" />
      <trkpt lat="52.97129852712064" lon="13.989477167455986" />
      <trkpt lat="52.97100777816641" lon="13.990110168783506" />
      <trkpt lat="52.97034873996236" lon="13.991934070913631" />
      <trkpt lat="52.970258282954006" lon="13.992234478323297" />
      <trkpt lat="52.97014844204645" lon="13.99241686853631" />
      <trkpt lat="52.969561167150005" lon="13.993081895675825" />
      <trkpt lat="52.969134717539816" lon="13.993800727691815" />
      <trkpt lat="52.96881164685226" lon="13.994637576904461" />
      <trkpt lat="52.96841749734335" lon="13.995742647018599" />
      <trkpt lat="52.96810088283968" lon="13.996676055755778" />
      <trkpt lat="52.96779718919788" lon="13.99736270126359" />
      <trkpt lat="52.9669029324194" lon="13.999026883928329" />
      <trkpt lat="52.966153366027044" lon="13.999831546632798" />
      <trkpt lat="52.964908480346935" lon="14.001135308403507" />
      <trkpt lat="52.96434628083372" lon="14.001886326927673" />
      <trkpt lat="52.963688886704205" lon="14.002670967099247" />
      <trkpt lat="52.962751857019896" lon="14.003540002820072" />
      <trkpt lat="52.962135877741474" lon="14.004098316542143" />
      <trkpt lat="52.96183860467323" lon="14.004237791410917" />
      <trkpt lat="52.96150255439565" lon="14.004194876066679" />
      <trkpt lat="52.96119881439745" lon="14.00396957050943" />
      <trkpt lat="52.960410372954584" lon="14.003068348280426" />
      <trkpt lat="52.95927891138268" lon="14.002203785409042" />
      <trkpt lat="52.959057243829335" lon="14.002165433642269" />
      <trkpt lat="52.957997315902674" lon="14.002197620150447" />
      <trkpt lat="52.95761139414097" lon="14.002337095019218" />
      <trkpt lat="52.95672593872382" lon="14.003066655871269" />
      <trkpt lat="52.95657728384714" lon="14.003173944231865" />
      <trkpt lat="52.95635753222382" lon="14.003206130740043" />
      <trkpt lat="52.95603436604321" lon="14.003066655871269" />
      <trkpt lat="52.95553310326409" lon="14.002637502428884" />
      <trkpt lat="52.95233371842667" lon="14.002329004166047" />
      <trkpt lat="52.95170025150432" lon="14.002189529297269" />
      <trkpt lat="52.95095042152391" lon="14.001256120560086" />
      <trkpt lat="52.95095042152391" lon="14.000666034576811" />
      <trkpt lat="52.95089870863231" lon="14.000365627167144" />
      <trkpt lat="52.950788818532374" lon="14.000236881134429" />
      <trkpt lat="52.950788818532374" lon="13.999979389068997" />
      <trkpt lat="52.94979297054692" lon="13.999233436014089" />
      <trkpt lat="52.94957964876215" lon="13.998396586801443" />
      <trkpt lat="52.94942450498516" lon="13.996797990228568" />
      <trkpt lat="52.9492822893674" lon="13.996433209802536" />
      <trkpt lat="52.948797459883735" lon="13.995714377786548" />
      <trkpt lat="52.94730415092937" lon="13.995049189950848" />
      <trkpt lat="52.94654131520696" lon="13.994866799737835" />
      <trkpt lat="52.94629565338195" lon="13.994856070901774" />
      <trkpt lat="52.94568149271606" lon="13.995220851327803" />
      <trkpt lat="52.945285261449726" lon="13.995292086751867" />
      <trkpt lat="52.94428964704389" lon="13.996064562948154" />
      <trkpt lat="52.943940530073206" lon="13.996418614538124" />
      <trkpt lat="52.9432423062884" lon="13.996881899571648" />
      <trkpt lat="52.942621636923235" lon="13.99725740883373" />
      <trkpt lat="52.94222814529172" lon="13.997585434522177" />
      <trkpt lat="52.941704443826154" lon="13.998239893521811" />
      <trkpt lat="52.94149754767321" lon="13.998819250669028" />
      <trkpt lat="52.94140703029518" lon="13.999323505963831" />
      <trkpt lat="52.941192491597434" lon="13.999905464041003" />
      <trkpt lat="52.94096619620183" lon="14.000356075155505" />
      <trkpt lat="52.94058472414153" lon="14.000645753729113" />
      <trkpt lat="52.940106262904635" lon="14.000956889974843" />
      <trkpt lat="52.9395696041411" lon="14.001128551351794" />
      <trkpt lat="52.938987677478224" lon="14.001128551351794" />
      <trkpt lat="52.93874843869125" lon="14.001235839712393" />
      <trkpt lat="52.93861911987727" lon="14.001461145269646" />
      <trkpt lat="52.93852859647757" lon="14.001901027548088" />
      <trkpt lat="52.93826349114613" lon="14.002416011678946" />
      <trkpt lat="52.93759105082404" lon="14.003268893444169" />
      <trkpt lat="52.93679571272577" lon="14.00424521752559" />
      <trkpt lat="52.936543529300906" lon="14.004631455623734" />
      <trkpt lat="52.93620081613716" lon="14.004985507213702" />
      <trkpt lat="52.93578697020874" lon="14.005736525737872" />
      <trkpt lat="52.935131492047674" lon="14.006639322812495" />
      <trkpt lat="52.934504239767364" lon="14.007272324140008" />
      <trkpt lat="52.933553611494546" lon="14.0084336989523" />
      <trkpt lat="52.93337901004645" lon="14.008905767738918" />
      <trkpt lat="52.93231525592634" lon="14.010804723160255" />
      <trkpt lat="52.93122233733163" lon="14.013111422913063" />
      <trkpt lat="52.930808077491434" lon="14.014026619153338" />
      <trkpt lat="52.930659333533896" lon="14.014659620480854" />
      <trkpt lat="52.93050412190277" lon="14.01573250408681" />
      <trkpt lat="52.9305299905466" lon="14.01773879642995" />
      <trkpt lat="52.930588194938736" lon="14.023897148328144" />
      <trkpt lat="52.93069444451959" lon="14.029293710245291" />
      <trkpt lat="52.93075911581582" lon="14.031514579309627" />
      <trkpt lat="52.930739714437095" lon="14.032265597833796" />
      <trkpt lat="52.93082378701541" lon="14.03443282271783" />
      <trkpt lat="52.93097253040784" lon="14.036439115060965" />
      <trkpt lat="52.93091432653253" lon="14.036771708978817" />
    </trkseg>
    <name>2 UM-17 BAR</name>
  </trk>
  <trk>
    <name>2025-07-31_2450856956_von Zechlinerhütte nach Canow Arbeitstitel</name>
    <trkseg>
      <trkpt lat="53.155080" lon="12.873934">
        <ele>60.232326</ele>
        <time>2025-07-31T09:07:55.044Z</time>
      </trkpt>
      <trkpt lat="53.155114" lon="12.874607">
        <ele>60.232326</ele>
        <time>2025-07-31T09:08:03.489Z</time>
      </trkpt>
      <trkpt lat="53.155789" lon="12.874448">
        <ele>60.171531</ele>
        <time>2025-07-31T09:08:17.492Z</time>
      </trkpt>
      <trkpt lat="53.155898" lon="12.874446">
        <ele>60.136162</ele>
        <time>2025-07-31T09:08:19.732Z</time>
      </trkpt>
      <trkpt lat="53.156098" lon="12.874559">
        <ele>60.067648</ele>
        <time>2025-07-31T09:08:23.941Z</time>
      </trkpt>
      <trkpt lat="53.156193" lon="12.874700">
        <ele>60.026384</ele>
        <time>2025-07-31T09:08:26.420Z</time>
      </trkpt>
      <trkpt lat="53.156364" lon="12.875070">
        <ele>59.935498</ele>
        <time>2025-07-31T09:08:31.855Z</time>
      </trkpt>
      <trkpt lat="53.156489" lon="12.875369">
        <ele>59.864583</ele>
        <time>2025-07-31T09:08:36.174Z</time>
      </trkpt>
      <trkpt lat="53.156620" lon="12.876269">
        <ele>59.684399</ele>
        <time>2025-07-31T09:08:48.180Z</time>
      </trkpt>
      <trkpt lat="53.156680" lon="12.876858">
        <ele>60.045014</ele>
        <time>2025-07-31T09:08:57.264Z</time>
      </trkpt>
      <trkpt lat="53.156711" lon="12.877131">
        <ele>60.310870</ele>
        <time>2025-07-31T09:09:01.768Z</time>
      </trkpt>
      <trkpt lat="53.156765" lon="12.877343">
        <ele>60.531260</ele>
        <time>2025-07-31T09:09:05.636Z</time>
      </trkpt>
      <trkpt lat="53.156827" lon="12.877501">
        <ele>60.711932</ele>
        <time>2025-07-31T09:09:08.920Z</time>
      </trkpt>
      <trkpt lat="53.156991" lon="12.877767">
        <ele>61.076982</ele>
        <time>2025-07-31T09:09:15.580Z</time>
      </trkpt>
      <trkpt lat="53.157393" lon="12.878296">
        <ele>61.894097</ele>
        <time>2025-07-31T09:09:31.174Z</time>
      </trkpt>
      <trkpt lat="53.157635" lon="12.878679">
        <ele>62.426459</ele>
        <time>2025-07-31T09:09:41.845Z</time>
      </trkpt>
      <trkpt lat="53.157805" lon="12.878962">
        <ele>62.809422</ele>
        <time>2025-07-31T09:09:49.454Z</time>
      </trkpt>
      <trkpt lat="53.157867" lon="12.879247">
        <ele>63.099182</ele>
        <time>2025-07-31T09:09:55.092Z</time>
      </trkpt>
      <trkpt lat="53.158062" lon="12.879588">
        <ele>63.549542</ele>
        <time>2025-07-31T09:10:03.529Z</time>
      </trkpt>
      <trkpt lat="53.158349" lon="12.879907">
        <ele>64.099289</ele>
        <time>2025-07-31T09:10:13.374Z</time>
      </trkpt>
      <trkpt lat="53.159261" lon="12.881304">
        <ele>65.743840</ele>
        <time>2025-07-31T09:10:46.560Z</time>
      </trkpt>
      <trkpt lat="53.160761" lon="12.883401">
        <ele>67.299985</ele>
        <time>2025-07-31T09:11:35.833Z</time>
      </trkpt>
      <trkpt lat="53.160883" lon="12.883560">
        <ele>67.410386</ele>
        <time>2025-07-31T09:11:39.741Z</time>
      </trkpt>
      <trkpt lat="53.161004" lon="12.883779">
        <ele>67.537704</ele>
        <time>2025-07-31T09:11:44.232Z</time>
      </trkpt>
      <trkpt lat="53.161121" lon="12.883880">
        <ele>67.631643</ele>
        <time>2025-07-31T09:11:47.541Z</time>
      </trkpt>
      <trkpt lat="53.161250" lon="12.883914">
        <ele>67.724767</ele>
        <time>2025-07-31T09:11:50.835Z</time>
      </trkpt>
      <trkpt lat="53.162910" lon="12.885252">
        <ele>68.816878</ele>
        <time>2025-07-31T09:12:36.512Z</time>
      </trkpt>
      <trkpt lat="53.163550" lon="12.885805">
        <ele>69.181123</ele>
        <time>2025-07-31T09:12:53.626Z</time>
      </trkpt>
      <trkpt lat="53.164516" lon="12.886919">
        <ele>69.657182</ele>
        <time>2025-07-31T09:13:21.344Z</time>
      </trkpt>
      <trkpt lat="53.165065" lon="12.887443">
        <ele>69.948683</ele>
        <time>2025-07-31T09:13:36.534Z</time>
      </trkpt>
      <trkpt lat="53.165944" lon="12.888283">
        <ele>70.580181</ele>
        <time>2025-07-31T09:14:01.528Z</time>
      </trkpt>
      <trkpt lat="53.166746" lon="12.888910">
        <ele>71.164803</ele>
        <time>2025-07-31T09:14:23.707Z</time>
      </trkpt>
      <trkpt lat="53.166796" lon="12.888870">
        <ele>71.206271</ele>
        <time>2025-07-31T09:14:25.126Z</time>
      </trkpt>
      <trkpt lat="53.167038" lon="12.888801">
        <ele>71.389867</ele>
        <time>2025-07-31T09:14:31.522Z</time>
      </trkpt>
      <trkpt lat="53.167194" lon="12.888846">
        <ele>71.508258</ele>
        <time>2025-07-31T09:14:35.644Z</time>
      </trkpt>
      <trkpt lat="53.167665" lon="12.888890">
        <ele>71.861031</ele>
        <time>2025-07-31T09:14:47.889Z</time>
      </trkpt>
      <trkpt lat="53.168238" lon="12.889083">
        <ele>72.298177</ele>
        <time>2025-07-31T09:15:02.637Z</time>
      </trkpt>
      <trkpt lat="53.168530" lon="12.889039">
        <ele>72.116435</ele>
        <time>2025-07-31T09:15:09.660Z</time>
      </trkpt>
      <trkpt lat="53.168730" lon="12.889150">
        <ele>71.962428</ele>
        <time>2025-07-31T09:15:14.454Z</time>
      </trkpt>
      <trkpt lat="53.169182" lon="12.889255">
        <ele>71.628985</ele>
        <time>2025-07-31T09:15:24.114Z</time>
      </trkpt>
      <trkpt lat="53.170149" lon="12.889611">
        <ele>70.619287</ele>
        <time>2025-07-31T09:15:42.429Z</time>
      </trkpt>
      <trkpt lat="53.170901" lon="12.889568">
        <ele>68.413077</ele>
        <time>2025-07-31T09:15:55.118Z</time>
      </trkpt>
      <trkpt lat="53.171316" lon="12.889540">
        <ele>67.195274</ele>
        <time>2025-07-31T09:16:01.784Z</time>
      </trkpt>
      <trkpt lat="53.171551" lon="12.889441">
        <ele>66.484608</ele>
        <time>2025-07-31T09:16:05.615Z</time>
      </trkpt>
      <trkpt lat="53.172281" lon="12.889213">
        <ele>64.144008</ele>
        <time>2025-07-31T09:16:17.379Z</time>
      </trkpt>
      <trkpt lat="53.172796" lon="12.888939">
        <ele>62.377085</ele>
        <time>2025-07-31T09:16:26.065Z</time>
      </trkpt>
      <trkpt lat="53.173124" lon="12.888697">
        <ele>61.204778</ele>
        <time>2025-07-31T09:16:31.915Z</time>
      </trkpt>
      <trkpt lat="53.173323" lon="12.888593">
        <ele>60.523134</ele>
        <time>2025-07-31T09:16:35.367Z</time>
      </trkpt>
      <trkpt lat="53.173530" lon="12.888383">
        <ele>59.781844</ele>
        <time>2025-07-31T09:16:39.389Z</time>
      </trkpt>
      <trkpt lat="53.173886" lon="12.887886">
        <ele>58.925591</ele>
        <time>2025-07-31T09:16:47.308Z</time>
      </trkpt>
      <trkpt lat="53.174415" lon="12.887403">
        <ele>57.813235</ele>
        <time>2025-07-31T09:16:58.178Z</time>
      </trkpt>
      <trkpt lat="53.174648" lon="12.887165">
        <ele>57.309292</ele>
        <time>2025-07-31T09:17:03.057Z</time>
      </trkpt>
      <trkpt lat="53.174672" lon="12.887104">
        <ele>57.228618</ele>
        <time>2025-07-31T09:17:03.826Z</time>
      </trkpt>
      <trkpt lat="53.174633" lon="12.886715">
        <ele>56.792562</ele>
        <time>2025-07-31T09:17:08.196Z</time>
      </trkpt>
      <trkpt lat="53.174729" lon="12.886552">
        <ele>56.539907</ele>
        <time>2025-07-31T09:17:10.779Z</time>
      </trkpt>
      <trkpt lat="53.174737" lon="12.886537">
        <ele>56.524459</ele>
        <time>2025-07-31T09:17:11.021Z</time>
      </trkpt>
      <trkpt lat="53.174941" lon="12.886202">
        <ele>56.295243</ele>
        <time>2025-07-31T09:17:16.664Z</time>
      </trkpt>
      <trkpt lat="53.175044" lon="12.886038">
        <ele>56.181229</ele>
        <time>2025-07-31T09:17:19.652Z</time>
      </trkpt>
      <trkpt lat="53.175399" lon="12.885462">
        <ele>55.784689</ele>
        <time>2025-07-31T09:17:29.863Z</time>
      </trkpt>
      <trkpt lat="53.175586" lon="12.885287">
        <ele>55.612994</ele>
        <time>2025-07-31T09:17:33.806Z</time>
      </trkpt>
      <trkpt lat="53.175795" lon="12.885211">
        <ele>55.441702</ele>
        <time>2025-07-31T09:17:37.997Z</time>
      </trkpt>
      <trkpt lat="53.175948" lon="12.885077">
        <ele>55.303327</ele>
        <time>2025-07-31T09:17:41.349Z</time>
      </trkpt>
      <trkpt lat="53.176254" lon="12.884934">
        <ele>55.093938</ele>
        <time>2025-07-31T09:17:47.709Z</time>
      </trkpt>
      <trkpt lat="53.176247" lon="12.884842">
        <ele>55.099026</ele>
        <time>2025-07-31T09:17:48.780Z</time>
      </trkpt>
      <trkpt lat="53.176561" lon="12.884791">
        <ele>55.127903</ele>
        <time>2025-07-31T09:17:55.556Z</time>
      </trkpt>
      <trkpt lat="53.176564" lon="12.884904">
        <ele>55.134108</ele>
        <time>2025-07-31T09:17:57.696Z</time>
      </trkpt>
      <trkpt lat="53.176720" lon="12.884877">
        <ele>55.148464</ele>
        <time>2025-07-31T09:18:02.267Z</time>
      </trkpt>
      <trkpt lat="53.177051" lon="12.884843">
        <ele>55.178820</ele>
        <time>2025-07-31T09:18:09.586Z</time>
      </trkpt>
      <trkpt lat="53.177182" lon="12.884885">
        <ele>55.191030</ele>
        <time>2025-07-31T09:18:12.725Z</time>
      </trkpt>
      <trkpt lat="53.177348" lon="12.885053">
        <ele>55.208801</ele>
        <time>2025-07-31T09:18:17.298Z</time>
      </trkpt>
      <trkpt lat="53.177671" lon="12.885580">
        <ele>55.250153</ele>
        <time>2025-07-31T09:18:28.484Z</time>
      </trkpt>
      <trkpt lat="53.177773" lon="12.885681">
        <ele>55.282747</ele>
        <time>2025-07-31T09:18:31.468Z</time>
      </trkpt>
      <trkpt lat="53.178190" lon="12.885836">
        <ele>55.442265</ele>
        <time>2025-07-31T09:18:42.276Z</time>
      </trkpt>
      <trkpt lat="53.178361" lon="12.885938">
        <ele>55.510072</ele>
        <time>2025-07-31T09:18:46.633Z</time>
      </trkpt>
      <trkpt lat="53.178918" lon="12.886453">
        <ele>55.747843</ele>
        <time>2025-07-31T09:19:00.726Z</time>
      </trkpt>
      <trkpt lat="53.179133" lon="12.886609">
        <ele>55.835383</ele>
        <time>2025-07-31T09:19:05.408Z</time>
      </trkpt>
      <trkpt lat="53.179353" lon="12.886662">
        <ele>55.918380</ele>
        <time>2025-07-31T09:19:10.076Z</time>
      </trkpt>
      <trkpt lat="53.179537" lon="12.886648">
        <ele>56.366002</ele>
        <time>2025-07-31T09:19:14.753Z</time>
      </trkpt>
      <trkpt lat="53.179831" lon="12.886523">
        <ele>57.175802</ele>
        <time>2025-07-31T09:19:23.742Z</time>
      </trkpt>
      <trkpt lat="53.179966" lon="12.886427">
        <ele>57.567493</ele>
        <time>2025-07-31T09:19:28.395Z</time>
      </trkpt>
      <trkpt lat="53.179948" lon="12.886303">
        <ele>57.771582</ele>
        <time>2025-07-31T09:19:30.911Z</time>
      </trkpt>
      <trkpt lat="53.179930" lon="12.886207">
        <ele>57.932486</ele>
        <time>2025-07-31T09:19:32.948Z</time>
      </trkpt>
      <trkpt lat="53.180085" lon="12.886117">
        <ele>58.370536</ele>
        <time>2025-07-31T09:19:38.659Z</time>
      </trkpt>
      <trkpt lat="53.180233" lon="12.886111">
        <ele>58.765684</ele>
        <time>2025-07-31T09:19:43.900Z</time>
      </trkpt>
      <trkpt lat="53.180531" lon="12.886223">
        <ele>59.581014</ele>
        <time>2025-07-31T09:19:55.006Z</time>
      </trkpt>
      <trkpt lat="53.180885" lon="12.886527">
        <ele>60.643677</ele>
        <time>2025-07-31T09:20:10.115Z</time>
      </trkpt>
      <trkpt lat="53.181017" lon="12.886578">
        <ele>61.012666</ele>
        <time>2025-07-31T09:20:15.579Z</time>
      </trkpt>
      <trkpt lat="53.181160" lon="12.886715">
        <ele>61.464372</ele>
        <time>2025-07-31T09:20:22.268Z</time>
      </trkpt>
      <trkpt lat="53.181455" lon="12.887140">
        <ele>62.532011</ele>
        <time>2025-07-31T09:20:37.017Z</time>
      </trkpt>
      <trkpt lat="53.182113" lon="12.887982">
        <ele>64.803516</ele>
        <time>2025-07-31T09:21:03.039Z</time>
      </trkpt>
      <trkpt lat="53.182284" lon="12.888158">
        <ele>65.353889</ele>
        <time>2025-07-31T09:21:08.817Z</time>
      </trkpt>
      <trkpt lat="53.182468" lon="12.888284">
        <ele>65.713448</ele>
        <time>2025-07-31T09:21:14.400Z</time>
      </trkpt>
      <trkpt lat="53.182693" lon="12.888377">
        <ele>65.868612</ele>
        <time>2025-07-31T09:21:20.816Z</time>
      </trkpt>
      <trkpt lat="53.182882" lon="12.888395">
        <ele>65.995332</ele>
        <time>2025-07-31T09:21:25.954Z</time>
      </trkpt>
      <trkpt lat="53.183172" lon="12.888357">
        <ele>66.190051</ele>
        <time>2025-07-31T09:21:33.557Z</time>
      </trkpt>
      <trkpt lat="53.183704" lon="12.888029">
        <ele>66.569693</ele>
        <time>2025-07-31T09:21:47.233Z</time>
      </trkpt>
      <trkpt lat="53.184067" lon="12.887968">
        <ele>66.813909</ele>
        <time>2025-07-31T09:21:55.076Z</time>
      </trkpt>
      <trkpt lat="53.184414" lon="12.888062">
        <ele>66.740906</ele>
        <time>2025-07-31T09:22:02.481Z</time>
      </trkpt>
      <trkpt lat="53.185165" lon="12.888454">
        <ele>66.420498</ele>
        <time>2025-07-31T09:22:19.354Z</time>
      </trkpt>
      <trkpt lat="53.185761" lon="12.888442">
        <ele>66.177797</ele>
        <time>2025-07-31T09:22:31.584Z</time>
      </trkpt>
      <trkpt lat="53.185930" lon="12.888375">
        <ele>66.050258</ele>
        <time>2025-07-31T09:22:34.994Z</time>
      </trkpt>
      <trkpt lat="53.186118" lon="12.888295">
        <ele>65.722871</ele>
        <time>2025-07-31T09:22:38.698Z</time>
      </trkpt>
      <trkpt lat="53.186318" lon="12.888298">
        <ele>65.385371</ele>
        <time>2025-07-31T09:22:42.453Z</time>
      </trkpt>
      <trkpt lat="53.186505" lon="12.888327">
        <ele>65.068462</ele>
        <time>2025-07-31T09:22:45.892Z</time>
      </trkpt>
      <trkpt lat="53.186650" lon="12.888398">
        <ele>64.813470</ele>
        <time>2025-07-31T09:22:48.602Z</time>
      </trkpt>
      <trkpt lat="53.187178" lon="12.888989">
        <ele>63.740667</ele>
        <time>2025-07-31T09:22:59.639Z</time>
      </trkpt>
      <trkpt lat="53.187471" lon="12.889247">
        <ele>63.181651</ele>
        <time>2025-07-31T09:23:05.383Z</time>
      </trkpt>
      <trkpt lat="53.187697" lon="12.889325">
        <ele>62.894939</ele>
        <time>2025-07-31T09:23:09.436Z</time>
      </trkpt>
      <trkpt lat="53.187710" lon="12.889405">
        <ele>62.840034</ele>
        <time>2025-07-31T09:23:10.326Z</time>
      </trkpt>
      <trkpt lat="53.187716" lon="12.889547">
        <ele>62.745742</ele>
        <time>2025-07-31T09:23:11.843Z</time>
      </trkpt>
      <trkpt lat="53.188053" lon="12.889576">
        <ele>62.372707</ele>
        <time>2025-07-31T09:23:18.005Z</time>
      </trkpt>
      <trkpt lat="53.189720" lon="12.889509">
        <ele>61.017176</ele>
        <time>2025-07-31T09:23:51.413Z</time>
      </trkpt>
      <trkpt lat="53.190176" lon="12.889686">
        <ele>60.940724</ele>
        <time>2025-07-31T09:24:01.723Z</time>
      </trkpt>
      <trkpt lat="53.191330" lon="12.890444">
        <ele>60.774566</ele>
        <time>2025-07-31T09:24:30.020Z</time>
      </trkpt>
      <trkpt lat="53.192581" lon="12.891433">
        <ele>60.669495</ele>
        <time>2025-07-31T09:24:59.800Z</time>
      </trkpt>
      <trkpt lat="53.192958" lon="12.891813">
        <ele>60.744151</ele>
        <time>2025-07-31T09:25:09.623Z</time>
      </trkpt>
      <trkpt lat="53.193203" lon="12.892170">
        <ele>60.799282</ele>
        <time>2025-07-31T09:25:17.190Z</time>
      </trkpt>
      <trkpt lat="53.194191" lon="12.893200">
        <ele>60.948860</ele>
        <time>2025-07-31T09:25:44.708Z</time>
      </trkpt>
      <trkpt lat="53.194344" lon="12.893445">
        <ele>60.914728</ele>
        <time>2025-07-31T09:25:49.414Z</time>
      </trkpt>
      <trkpt lat="53.195095" lon="12.894631">
        <ele>60.748295</ele>
        <time>2025-07-31T09:26:11.317Z</time>
      </trkpt>
      <trkpt lat="53.195247" lon="12.894801">
        <ele>60.718840</ele>
        <time>2025-07-31T09:26:15.061Z</time>
      </trkpt>
      <trkpt lat="53.196013" lon="12.895475">
        <ele>60.943161</ele>
        <time>2025-07-31T09:26:33.729Z</time>
      </trkpt>
      <trkpt lat="53.196453" lon="12.895826">
        <ele>61.141368</ele>
        <time>2025-07-31T09:26:45.328Z</time>
      </trkpt>
      <trkpt lat="53.197715" lon="12.897514">
        <ele>62.681871</ele>
        <time>2025-07-31T09:27:28.010Z</time>
      </trkpt>
      <trkpt lat="53.197798" lon="12.897461">
        <ele>62.800855</ele>
        <time>2025-07-31T09:27:30.664Z</time>
      </trkpt>
      <trkpt lat="53.197953" lon="12.897655">
        <ele>63.060243</ele>
        <time>2025-07-31T09:27:36.736Z</time>
      </trkpt>
      <trkpt lat="53.198332" lon="12.898104">
        <ele>63.682497</ele>
        <time>2025-07-31T09:27:50.520Z</time>
      </trkpt>
      <trkpt lat="53.198503" lon="12.898284">
        <ele>63.777953</ele>
        <time>2025-07-31T09:27:56.242Z</time>
      </trkpt>
      <trkpt lat="53.198552" lon="12.898335">
        <ele>63.752062</ele>
        <time>2025-07-31T09:27:57.846Z</time>
      </trkpt>
      <trkpt lat="53.198735" lon="12.898563">
        <ele>63.649677</ele>
        <time>2025-07-31T09:28:04.035Z</time>
      </trkpt>
      <trkpt lat="53.198834" lon="12.898734">
        <ele>63.585803</ele>
        <time>2025-07-31T09:28:07.683Z</time>
      </trkpt>
      <trkpt lat="53.198910" lon="12.898938">
        <ele>63.521278</ele>
        <time>2025-07-31T09:28:11.173Z</time>
      </trkpt>
      <trkpt lat="53.198949" lon="12.899132">
        <ele>63.466315</ele>
        <time>2025-07-31T09:28:14.059Z</time>
      </trkpt>
      <trkpt lat="53.199194" lon="12.900978">
        <ele>62.880169</ele>
        <time>2025-07-31T09:28:34.821Z</time>
      </trkpt>
      <trkpt lat="53.199200" lon="12.901884">
        <ele>62.302355</ele>
        <time>2025-07-31T09:28:43.972Z</time>
      </trkpt>
      <trkpt lat="53.199239" lon="12.902072">
        <ele>62.175477</ele>
        <time>2025-07-31T09:28:46.026Z</time>
      </trkpt>
      <trkpt lat="53.199382" lon="12.902697">
        <ele>61.748817</ele>
        <time>2025-07-31T09:28:53.195Z</time>
      </trkpt>
      <trkpt lat="53.199403" lon="12.902783">
        <ele>61.689591</ele>
        <time>2025-07-31T09:28:54.198Z</time>
      </trkpt>
      <trkpt lat="53.199462" lon="12.903026">
        <ele>61.522380</ele>
        <time>2025-07-31T09:28:57.237Z</time>
      </trkpt>
      <trkpt lat="53.199565" lon="12.903500">
        <ele>61.200827</ele>
        <time>2025-07-31T09:29:04.341Z</time>
      </trkpt>
      <trkpt lat="53.199591" lon="12.903784">
        <ele>61.100636</ele>
        <time>2025-07-31T09:29:09.215Z</time>
      </trkpt>
      <trkpt lat="53.199608" lon="12.904442">
        <ele>61.100636</ele>
        <time>2025-07-31T09:29:21.656Z</time>
      </trkpt>
      <trkpt lat="53.199612" lon="12.904481">
        <ele>61.100636</ele>
        <time>2025-07-31T09:29:22.417Z</time>
      </trkpt>
      <trkpt lat="53.199622" lon="12.904574">
        <ele>61.100636</ele>
        <time>2025-07-31T09:29:24.206Z</time>
      </trkpt>
      <trkpt lat="53.199672" lon="12.904848">
        <ele>61.100636</ele>
        <time>2025-07-31T09:29:29.950Z</time>
      </trkpt>
      <trkpt lat="53.199792" lon="12.905188">
        <ele>61.100636</ele>
        <time>2025-07-31T09:29:37.950Z</time>
      </trkpt>
      <trkpt lat="53.199882" lon="12.905417">
        <ele>61.100636</ele>
        <time>2025-07-31T09:29:43.425Z</time>
      </trkpt>
      <trkpt lat="53.200113" lon="12.905964">
        <ele>61.100636</ele>
        <time>2025-07-31T09:29:56.545Z</time>
      </trkpt>
      <trkpt lat="53.200410" lon="12.906703">
        <ele>61.100636</ele>
        <time>2025-07-31T09:30:12.489Z</time>
      </trkpt>
      <trkpt lat="53.200446" lon="12.906782">
        <ele>61.100636</ele>
        <time>2025-07-31T09:30:14.049Z</time>
      </trkpt>
    </trkseg>
  </trk>
  <trk>
    <name>2026-03-05_2450876213_von Steinförde nach Wesenberg Arbeitstitel</name>
    <trkseg>
      <trkpt lat="53.187078" lon="13.088891">
        <ele>65.146547</ele>
        <time>2026-03-05T08:13:20.140Z</time>
      </trkpt>
      <trkpt lat="53.187019" lon="13.088779">
        <ele>65.146547</ele>
        <time>2026-03-05T08:13:22.792Z</time>
      </trkpt>
      <trkpt lat="53.187183" lon="13.088218">
        <ele>65.146547</ele>
        <time>2026-03-05T08:13:33.575Z</time>
      </trkpt>
      <trkpt lat="53.187329" lon="13.087730">
        <ele>65.146547</ele>
        <time>2026-03-05T08:13:43.230Z</time>
      </trkpt>
      <trkpt lat="53.187416" lon="13.087229">
        <ele>65.118272</ele>
        <time>2026-03-05T08:13:52.413Z</time>
      </trkpt>
      <trkpt lat="53.187550" lon="13.085937">
        <ele>65.009078</ele>
        <time>2026-03-05T08:14:11.677Z</time>
      </trkpt>
      <trkpt lat="53.187576" lon="13.085680">
        <ele>64.987373</ele>
        <time>2026-03-05T08:14:14.939Z</time>
      </trkpt>
      <trkpt lat="53.187620" lon="13.085094">
        <ele>64.938192</ele>
        <time>2026-03-05T08:14:21.731Z</time>
      </trkpt>
      <trkpt lat="53.187851" lon="13.082477">
        <ele>63.151395</ele>
        <time>2026-03-05T08:14:49.296Z</time>
      </trkpt>
      <trkpt lat="53.187882" lon="13.081712">
        <ele>62.527702</ele>
        <time>2026-03-05T08:14:58.481Z</time>
      </trkpt>
      <trkpt lat="53.187826" lon="13.078675">
        <ele>64.420573</ele>
        <time>2026-03-05T08:15:49.101Z</time>
      </trkpt>
      <trkpt lat="53.187833" lon="13.078290">
        <ele>64.733767</ele>
        <time>2026-03-05T08:15:55.302Z</time>
      </trkpt>
      <trkpt lat="53.187873" lon="13.077915">
        <ele>65.052364</ele>
        <time>2026-03-05T08:16:01.416Z</time>
      </trkpt>
      <trkpt lat="53.187996" lon="13.077326">
        <ele>65.574092</ele>
        <time>2026-03-05T08:16:11.416Z</time>
      </trkpt>
      <trkpt lat="53.188061" lon="13.076862">
        <ele>65.972666</ele>
        <time>2026-03-05T08:16:19.094Z</time>
      </trkpt>
      <trkpt lat="53.188236" lon="13.076273">
        <ele>66.522570</ele>
        <time>2026-03-05T08:16:30.325Z</time>
      </trkpt>
      <trkpt lat="53.188679" lon="13.075255">
        <ele>67.003790</ele>
        <time>2026-03-05T08:16:53.190Z</time>
      </trkpt>
      <trkpt lat="53.188953" lon="13.074754">
        <ele>67.038428</ele>
        <time>2026-03-05T08:17:03.790Z</time>
      </trkpt>
      <trkpt lat="53.189252" lon="13.074029">
        <ele>67.083372</ele>
        <time>2026-03-05T08:17:14.739Z</time>
      </trkpt>
      <trkpt lat="53.189596" lon="13.072869">
        <ele>66.726000</ele>
        <time>2026-03-05T08:17:28.346Z</time>
      </trkpt>
      <trkpt lat="53.190216" lon="13.070714">
        <ele>65.097079</ele>
        <time>2026-03-05T08:17:54.534Z</time>
      </trkpt>
      <trkpt lat="53.190459" lon="13.069714">
        <ele>66.926187</ele>
        <time>2026-03-05T08:18:13.430Z</time>
      </trkpt>
      <trkpt lat="53.190735" lon="13.068736">
        <ele>68.840169</ele>
        <time>2026-03-05T08:18:37.948Z</time>
      </trkpt>
      <trkpt lat="53.191557" lon="13.066963">
        <ele>72.955546</ele>
        <time>2026-03-05T08:19:33.052Z</time>
      </trkpt>
      <trkpt lat="53.191748" lon="13.066548">
        <ele>73.938056</ele>
        <time>2026-03-05T08:19:44.436Z</time>
      </trkpt>
      <trkpt lat="53.192254" lon="13.065432">
        <ele>76.260641</ele>
        <time>2026-03-05T08:20:07.912Z</time>
      </trkpt>
      <trkpt lat="53.192299" lon="13.065093">
        <ele>76.544306</ele>
        <time>2026-03-05T08:20:12.476Z</time>
      </trkpt>
      <trkpt lat="53.192280" lon="13.064196">
        <ele>77.277577</ele>
        <time>2026-03-05T08:20:24.720Z</time>
      </trkpt>
      <trkpt lat="53.192334" lon="13.063677">
        <ele>77.707925</ele>
        <time>2026-03-05T08:20:32.619Z</time>
      </trkpt>
      <trkpt lat="53.192800" lon="13.061404">
        <ele>80.341721</ele>
        <time>2026-03-05T08:21:21.070Z</time>
      </trkpt>
      <trkpt lat="53.192876" lon="13.061064">
        <ele>80.805063</ele>
        <time>2026-03-05T08:21:28.888Z</time>
      </trkpt>
      <trkpt lat="53.192965" lon="13.060289">
        <ele>81.812596</ele>
        <time>2026-03-05T08:21:44.137Z</time>
      </trkpt>
      <trkpt lat="53.193193" lon="13.057149">
        <ele>81.095204</ele>
        <time>2026-03-05T08:22:22.688Z</time>
      </trkpt>
      <trkpt lat="53.193197" lon="13.057092">
        <ele>81.070029</ele>
        <time>2026-03-05T08:22:23.310Z</time>
      </trkpt>
      <trkpt lat="53.193203" lon="13.057025">
        <ele>81.040311</ele>
        <time>2026-03-05T08:22:24.047Z</time>
      </trkpt>
      <trkpt lat="53.193212" lon="13.056929">
        <ele>80.997686</ele>
        <time>2026-03-05T08:22:25.088Z</time>
      </trkpt>
      <trkpt lat="53.193233" lon="13.056708">
        <ele>80.550673</ele>
        <time>2026-03-05T08:22:27.350Z</time>
      </trkpt>
      <trkpt lat="53.193277" lon="13.056480">
        <ele>80.059197</ele>
        <time>2026-03-05T08:22:29.746Z</time>
      </trkpt>
      <trkpt lat="53.193379" lon="13.055346">
        <ele>77.706403</ele>
        <time>2026-03-05T08:22:40.753Z</time>
      </trkpt>
      <trkpt lat="53.193404" lon="13.055251">
        <ele>77.493509</ele>
        <time>2026-03-05T08:22:41.723Z</time>
      </trkpt>
      <trkpt lat="53.194333" lon="13.051956">
        <ele>70.463737</ele>
        <time>2026-03-05T08:23:15.807Z</time>
      </trkpt>
      <trkpt lat="53.194416" lon="13.051398">
        <ele>69.392438</ele>
        <time>2026-03-05T08:23:22.407Z</time>
      </trkpt>
      <trkpt lat="53.194564" lon="13.050081">
        <ele>69.516033</ele>
        <time>2026-03-05T08:23:41.579Z</time>
      </trkpt>
      <trkpt lat="53.194602" lon="13.049601">
        <ele>69.622037</ele>
        <time>2026-03-05T08:23:49.592Z</time>
      </trkpt>
      <trkpt lat="53.194610" lon="13.049091">
        <ele>69.733734</ele>
        <time>2026-03-05T08:23:57.768Z</time>
      </trkpt>
      <trkpt lat="53.194458" lon="13.046652">
        <ele>69.183564</ele>
        <time>2026-03-05T08:24:32.611Z</time>
      </trkpt>
      <trkpt lat="53.194422" lon="13.046244">
        <ele>69.010568</ele>
        <time>2026-03-05T08:24:37.726Z</time>
      </trkpt>
      <trkpt lat="53.194393" lon="13.045802">
        <ele>68.824046</ele>
        <time>2026-03-05T08:24:42.610Z</time>
      </trkpt>
      <trkpt lat="53.194370" lon="13.045366">
        <ele>68.640443</ele>
        <time>2026-03-05T08:24:46.957Z</time>
      </trkpt>
      <trkpt lat="53.194371" lon="13.044813">
        <ele>67.594597</ele>
        <time>2026-03-05T08:24:52.320Z</time>
      </trkpt>
      <trkpt lat="53.194430" lon="13.044407">
        <ele>66.799108</ele>
        <time>2026-03-05T08:24:56.339Z</time>
      </trkpt>
      <trkpt lat="53.194537" lon="13.044000">
        <ele>65.952799</ele>
        <time>2026-03-05T08:25:00.610Z</time>
      </trkpt>
      <trkpt lat="53.194643" lon="13.043824">
        <ele>65.477606</ele>
        <time>2026-03-05T08:25:03.926Z</time>
      </trkpt>
      <trkpt lat="53.194571" lon="13.043618">
        <ele>65.023488</ele>
        <time>2026-03-05T08:25:07.103Z</time>
      </trkpt>
      <trkpt lat="53.193836" lon="13.042001">
        <ele>61.871347</ele>
        <time>2026-03-05T08:25:34.324Z</time>
      </trkpt>
      <trkpt lat="53.193404" lon="13.041011">
        <ele>60.481916</ele>
        <time>2026-03-05T08:25:51.987Z</time>
      </trkpt>
      <trkpt lat="53.193078" lon="13.040196">
        <ele>59.603065</ele>
        <time>2026-03-05T08:26:07.282Z</time>
      </trkpt>
      <trkpt lat="53.192781" lon="13.038890">
        <ele>60.549523</ele>
        <time>2026-03-05T08:26:29.563Z</time>
      </trkpt>
      <trkpt lat="53.192599" lon="13.037951">
        <ele>61.218194</ele>
        <time>2026-03-05T08:26:47.728Z</time>
      </trkpt>
      <trkpt lat="53.192554" lon="13.037669">
        <ele>61.415920</ele>
        <time>2026-03-05T08:26:52.961Z</time>
      </trkpt>
      <trkpt lat="53.192474" lon="13.037164">
        <ele>61.705186</ele>
        <time>2026-03-05T08:27:01.924Z</time>
      </trkpt>
      <trkpt lat="53.192472" lon="13.037150">
        <ele>61.712069</ele>
        <time>2026-03-05T08:27:02.176Z</time>
      </trkpt>
      <trkpt lat="53.192319" lon="13.036505">
        <ele>62.043842</ele>
        <time>2026-03-05T08:27:13.473Z</time>
      </trkpt>
      <trkpt lat="53.191655" lon="13.034852">
        <ele>62.968802</ele>
        <time>2026-03-05T08:27:42.948Z</time>
      </trkpt>
      <trkpt lat="53.191513" lon="13.034520">
        <ele>62.631904</ele>
        <time>2026-03-05T08:27:48.380Z</time>
      </trkpt>
      <trkpt lat="53.191196" lon="13.033705">
        <ele>61.829390</ele>
        <time>2026-03-05T08:27:59.160Z</time>
      </trkpt>
      <trkpt lat="53.191151" lon="13.033417">
        <ele>61.583572</ele>
        <time>2026-03-05T08:28:02.213Z</time>
      </trkpt>
      <trkpt lat="53.191150" lon="13.033110">
        <ele>61.330014</ele>
        <time>2026-03-05T08:28:05.404Z</time>
      </trkpt>
      <trkpt lat="53.191032" lon="13.031854">
        <ele>60.503100</ele>
        <time>2026-03-05T08:28:18.823Z</time>
      </trkpt>
      <trkpt lat="53.191056" lon="13.031656">
        <ele>60.500654</ele>
        <time>2026-03-05T08:28:20.953Z</time>
      </trkpt>
      <trkpt lat="53.191295" lon="13.030791">
        <ele>60.489120</ele>
        <time>2026-03-05T08:28:31.559Z</time>
      </trkpt>
      <trkpt lat="53.192175" lon="13.029615">
        <ele>60.618160</ele>
        <time>2026-03-05T08:29:03.087Z</time>
      </trkpt>
      <trkpt lat="53.192600" lon="13.029085">
        <ele>61.043568</ele>
        <time>2026-03-05T08:29:18.226Z</time>
      </trkpt>
      <trkpt lat="53.192801" lon="13.028965">
        <ele>61.214742</ele>
        <time>2026-03-05T08:29:23.843Z</time>
      </trkpt>
      <trkpt lat="53.193421" lon="13.028780">
        <ele>61.719779</ele>
        <time>2026-03-05T08:29:38.702Z</time>
      </trkpt>
      <trkpt lat="53.193651" lon="13.028620">
        <ele>61.920352</ele>
        <time>2026-03-05T08:29:44.128Z</time>
      </trkpt>
      <trkpt lat="53.194067" lon="13.028150">
        <ele>62.365834</ele>
        <time>2026-03-05T08:29:54.845Z</time>
      </trkpt>
      <trkpt lat="53.194150" lon="13.027979">
        <ele>62.482761</ele>
        <time>2026-03-05T08:29:57.705Z</time>
      </trkpt>
      <trkpt lat="53.194750" lon="13.026312">
        <ele>63.528526</ele>
        <time>2026-03-05T08:30:29.083Z</time>
      </trkpt>
      <trkpt lat="53.195244" lon="13.025046">
        <ele>65.507657</ele>
        <time>2026-03-05T08:30:58.688Z</time>
      </trkpt>
      <trkpt lat="53.195592" lon="13.024452">
        <ele>66.595971</ele>
        <time>2026-03-05T08:31:14.713Z</time>
      </trkpt>
      <trkpt lat="53.196089" lon="13.023753">
        <ele>67.768186</ele>
        <time>2026-03-05T08:31:34.131Z</time>
      </trkpt>
      <trkpt lat="53.196375" lon="13.023359">
        <ele>68.229242</ele>
        <time>2026-03-05T08:31:44.555Z</time>
      </trkpt>
      <trkpt lat="53.196744" lon="13.022920">
        <ele>68.792634</ele>
        <time>2026-03-05T08:31:57.034Z</time>
      </trkpt>
      <trkpt lat="53.197888" lon="13.021461">
        <ele>69.579827</ele>
        <time>2026-03-05T08:32:33.202Z</time>
      </trkpt>
      <trkpt lat="53.198107" lon="13.021126">
        <ele>69.540417</ele>
        <time>2026-03-05T08:32:39.156Z</time>
      </trkpt>
      <trkpt lat="53.198821" lon="13.019497">
        <ele>69.937440</ele>
        <time>2026-03-05T08:33:02.721Z</time>
      </trkpt>
      <trkpt lat="53.201654" lon="13.012848">
        <ele>75.727462</ele>
        <time>2026-03-05T08:35:20.239Z</time>
      </trkpt>
      <trkpt lat="53.201807" lon="13.012395">
        <ele>75.679155</ele>
        <time>2026-03-05T08:35:27.970Z</time>
      </trkpt>
      <trkpt lat="53.203351" lon="13.005427">
        <ele>72.295811</ele>
        <time>2026-03-05T08:36:56.202Z</time>
      </trkpt>
      <trkpt lat="53.203523" lon="13.004953">
        <ele>71.858611</ele>
        <time>2026-03-05T08:37:02.127Z</time>
      </trkpt>
      <trkpt lat="53.205151" lon="13.001321">
        <ele>66.509856</ele>
        <time>2026-03-05T08:37:48.737Z</time>
      </trkpt>
      <trkpt lat="53.205235" lon="13.001219">
        <ele>66.375707</ele>
        <time>2026-03-05T08:37:50.638Z</time>
      </trkpt>
      <trkpt lat="53.205154" lon="13.000090">
        <ele>65.496103</ele>
        <time>2026-03-05T08:38:08.291Z</time>
      </trkpt>
      <trkpt lat="53.205070" lon="12.998427">
        <ele>64.402730</ele>
        <time>2026-03-05T08:38:36.358Z</time>
      </trkpt>
      <trkpt lat="53.205062" lon="12.998307">
        <ele>64.336289</ele>
        <time>2026-03-05T08:38:38.375Z</time>
      </trkpt>
      <trkpt lat="53.204956" lon="12.996732">
        <ele>63.464142</ele>
        <time>2026-03-05T08:39:03.924Z</time>
      </trkpt>
      <trkpt lat="53.204850" lon="12.996294">
        <ele>63.158590</ele>
        <time>2026-03-05T08:39:10.846Z</time>
      </trkpt>
      <trkpt lat="53.204731" lon="12.996128">
        <ele>62.820058</ele>
        <time>2026-03-05T08:39:14.492Z</time>
      </trkpt>
      <trkpt lat="53.204748" lon="12.995919">
        <ele>62.544265</ele>
        <time>2026-03-05T08:39:16.606Z</time>
      </trkpt>
      <trkpt lat="53.204728" lon="12.995672">
        <ele>62.218356</ele>
        <time>2026-03-05T08:39:19.072Z</time>
      </trkpt>
      <trkpt lat="53.204746" lon="12.995200">
        <ele>61.599929</ele>
        <time>2026-03-05T08:39:23.728Z</time>
      </trkpt>
      <trkpt lat="53.204824" lon="12.994879">
        <ele>61.146971</ele>
        <time>2026-03-05T08:39:27.140Z</time>
      </trkpt>
      <trkpt lat="53.204968" lon="12.994592">
        <ele>60.657424</ele>
        <time>2026-03-05T08:39:30.897Z</time>
      </trkpt>
      <trkpt lat="53.205165" lon="12.994342">
        <ele>60.117223</ele>
        <time>2026-03-05T08:39:35.116Z</time>
      </trkpt>
      <trkpt lat="53.205485" lon="12.993973">
        <ele>59.324220</ele>
        <time>2026-03-05T08:39:41.990Z</time>
      </trkpt>
      <trkpt lat="53.205745" lon="12.993805">
        <ele>59.517529</ele>
        <time>2026-03-05T08:39:47.347Z</time>
      </trkpt>
      <trkpt lat="53.206022" lon="12.993781">
        <ele>59.709855</ele>
        <time>2026-03-05T08:39:53.503Z</time>
      </trkpt>
      <trkpt lat="53.206871" lon="12.993913">
        <ele>60.301083</ele>
        <time>2026-03-05T08:40:18.029Z</time>
      </trkpt>
      <trkpt lat="53.206963" lon="12.993909">
        <ele>60.364896</ele>
        <time>2026-03-05T08:40:20.809Z</time>
      </trkpt>
      <trkpt lat="53.207453" lon="12.993890">
        <ele>60.767285</ele>
        <time>2026-03-05T08:40:34.925Z</time>
      </trkpt>
      <trkpt lat="53.207933" lon="12.993874">
        <ele>61.241918</ele>
        <time>2026-03-05T08:40:47.684Z</time>
      </trkpt>
      <trkpt lat="53.208278" lon="12.993925">
        <ele>61.584326</ele>
        <time>2026-03-05T08:40:56.442Z</time>
      </trkpt>
      <trkpt lat="53.208516" lon="12.993951">
        <ele>61.820121</ele>
        <time>2026-03-05T08:41:02.261Z</time>
      </trkpt>
      <trkpt lat="53.208559" lon="12.993952">
        <ele>61.862636</ele>
        <time>2026-03-05T08:41:03.273Z</time>
      </trkpt>
      <trkpt lat="53.208770" lon="12.993951">
        <ele>62.071236</ele>
        <time>2026-03-05T08:41:08.354Z</time>
      </trkpt>
      <trkpt lat="53.209599" lon="12.993655">
        <ele>63.175171</ele>
        <time>2026-03-05T08:41:30.560Z</time>
      </trkpt>
      <trkpt lat="53.210479" lon="12.993354">
        <ele>64.475022</ele>
        <time>2026-03-05T08:41:57.172Z</time>
      </trkpt>
      <trkpt lat="53.210712" lon="12.993266">
        <ele>64.820703</ele>
        <time>2026-03-05T08:42:04.274Z</time>
      </trkpt>
      <trkpt lat="53.211233" lon="12.993016">
        <ele>65.155684</ele>
        <time>2026-03-05T08:42:19.569Z</time>
      </trkpt>
      <trkpt lat="53.211458" lon="12.992837">
        <ele>65.273081</ele>
        <time>2026-03-05T08:42:26.132Z</time>
      </trkpt>
      <trkpt lat="53.215635" lon="12.988199">
        <ele>66.711189</ele>
        <time>2026-03-05T08:44:21.964Z</time>
      </trkpt>
      <trkpt lat="53.215995" lon="12.988065">
        <ele>66.418627</ele>
        <time>2026-03-05T08:44:30.035Z</time>
      </trkpt>
      <trkpt lat="53.217300" lon="12.987817">
        <ele>65.424332</ele>
        <time>2026-03-05T08:44:54.743Z</time>
      </trkpt>
      <trkpt lat="53.217641" lon="12.987535">
        <ele>65.207197</ele>
        <time>2026-03-05T08:45:01.372Z</time>
      </trkpt>
      <trkpt lat="53.217798" lon="12.987226">
        <ele>65.068731</ele>
        <time>2026-03-05T08:45:05.664Z</time>
      </trkpt>
      <trkpt lat="53.217832" lon="12.987012">
        <ele>64.993081</ele>
        <time>2026-03-05T08:45:08.013Z</time>
      </trkpt>
      <trkpt lat="53.217610" lon="12.986401">
        <ele>64.748887</ele>
        <time>2026-03-05T08:45:16.305Z</time>
      </trkpt>
      <trkpt lat="53.217586" lon="12.985336">
        <ele>65.407598</ele>
        <time>2026-03-05T08:45:33.332Z</time>
      </trkpt>
      <trkpt lat="53.217606" lon="12.983663">
        <ele>69.165779</ele>
        <time>2026-03-05T08:46:14.590Z</time>
      </trkpt>
      <trkpt lat="53.217735" lon="12.983164">
        <ele>70.386485</ele>
        <time>2026-03-05T08:46:28.533Z</time>
      </trkpt>
      <trkpt lat="53.218037" lon="12.982035">
        <ele>72.005248</ele>
        <time>2026-03-05T08:46:58.641Z</time>
      </trkpt>
      <trkpt lat="53.218539" lon="12.980856">
        <ele>73.270731</ele>
        <time>2026-03-05T08:47:24.657Z</time>
      </trkpt>
      <trkpt lat="53.219172" lon="12.979092">
        <ele>71.778337</ele>
        <time>2026-03-05T08:47:50.187Z</time>
      </trkpt>
      <trkpt lat="53.219808" lon="12.975466">
        <ele>65.013997</ele>
        <time>2026-03-05T08:48:30.766Z</time>
      </trkpt>
      <trkpt lat="53.219809" lon="12.975158">
        <ele>64.410367</ele>
        <time>2026-03-05T08:48:34.153Z</time>
      </trkpt>
      <trkpt lat="53.219869" lon="12.975138">
        <ele>64.210103</ele>
        <time>2026-03-05T08:48:35.970Z</time>
      </trkpt>
      <trkpt lat="53.219875" lon="12.974902">
        <ele>63.747173</ele>
        <time>2026-03-05T08:48:38.326Z</time>
      </trkpt>
      <trkpt lat="53.219844" lon="12.973801">
        <ele>63.350359</ele>
        <time>2026-03-05T08:48:50.297Z</time>
      </trkpt>
      <trkpt lat="53.219799" lon="12.973256">
        <ele>63.396030</ele>
        <time>2026-03-05T08:48:57.565Z</time>
      </trkpt>
      <trkpt lat="53.219599" lon="12.972483">
        <ele>63.465935</ele>
        <time>2026-03-05T08:49:10.766Z</time>
      </trkpt>
      <trkpt lat="53.219181" lon="12.970958">
        <ele>64.147473</ele>
        <time>2026-03-05T08:49:41.071Z</time>
      </trkpt>
      <trkpt lat="53.219122" lon="12.970736">
        <ele>64.309481</ele>
        <time>2026-03-05T08:49:45.205Z</time>
      </trkpt>
      <trkpt lat="53.219024" lon="12.970383">
        <ele>64.569016</ele>
        <time>2026-03-05T08:49:51.570Z</time>
      </trkpt>
      <trkpt lat="53.218966" lon="12.970063">
        <ele>64.792026</ele>
        <time>2026-03-05T08:49:56.810Z</time>
      </trkpt>
      <trkpt lat="53.218945" lon="12.969680">
        <ele>65.048562</ele>
        <time>2026-03-05T08:50:02.677Z</time>
      </trkpt>
      <trkpt lat="53.218967" lon="12.969394">
        <ele>65.240896</ele>
        <time>2026-03-05T08:50:06.873Z</time>
      </trkpt>
      <trkpt lat="53.219099" lon="12.968675">
        <ele>65.592086</ele>
        <time>2026-03-05T08:50:17.100Z</time>
      </trkpt>
      <trkpt lat="53.219157" lon="12.968431">
        <ele>65.642204</ele>
        <time>2026-03-05T08:50:20.553Z</time>
      </trkpt>
      <trkpt lat="53.219305" lon="12.968139">
        <ele>65.715241</ele>
        <time>2026-03-05T08:50:25.572Z</time>
      </trkpt>
      <trkpt lat="53.219206" lon="12.967849">
        <ele>65.778971</ele>
        <time>2026-03-05T08:50:30.429Z</time>
      </trkpt>
      <trkpt lat="53.218903" lon="12.967813">
        <ele>65.875824</ele>
        <time>2026-03-05T08:50:37.333Z</time>
      </trkpt>
      <trkpt lat="53.216596" lon="12.967775">
        <ele>67.906437</ele>
        <time>2026-03-05T08:51:34.998Z</time>
      </trkpt>
      <trkpt lat="53.215374" lon="12.967707">
        <ele>70.196306</ele>
        <time>2026-03-05T08:52:16.781Z</time>
      </trkpt>
      <trkpt lat="53.214034" lon="12.967669">
        <ele>70.821868</ele>
        <time>2026-03-05T08:52:53.417Z</time>
      </trkpt>
      <trkpt lat="53.213833" lon="12.967431">
        <ele>70.389903</ele>
        <time>2026-03-05T08:52:58.413Z</time>
      </trkpt>
      <trkpt lat="53.213176" lon="12.967059">
        <ele>69.173710</ele>
        <time>2026-03-05T08:53:11.255Z</time>
      </trkpt>
      <trkpt lat="53.213063" lon="12.966938">
        <ele>68.938380</ele>
        <time>2026-03-05T08:53:13.603Z</time>
      </trkpt>
      <trkpt lat="53.212953" lon="12.966652">
        <ele>68.540587</ele>
        <time>2026-03-05T08:53:17.122Z</time>
      </trkpt>
      <trkpt lat="53.212893" lon="12.966045">
        <ele>67.429423</ele>
        <time>2026-03-05T08:53:23.678Z</time>
      </trkpt>
      <trkpt lat="53.212785" lon="12.965496">
        <ele>66.385717</ele>
        <time>2026-03-05T08:53:29.954Z</time>
      </trkpt>
      <trkpt lat="53.212643" lon="12.965183">
        <ele>65.676480</ele>
        <time>2026-03-05T08:53:34.293Z</time>
      </trkpt>
      <trkpt lat="53.212548" lon="12.964892">
        <ele>65.077862</ele>
        <time>2026-03-05T08:53:38.012Z</time>
      </trkpt>
      <trkpt lat="53.212479" lon="12.964524">
        <ele>64.381377</ele>
        <time>2026-03-05T08:53:42.404Z</time>
      </trkpt>
      <trkpt lat="53.212503" lon="12.964042">
        <ele>63.507803</ele>
        <time>2026-03-05T08:53:48.074Z</time>
      </trkpt>
      <trkpt lat="53.212549" lon="12.963830">
        <ele>63.168003</ele>
        <time>2026-03-05T08:53:50.754Z</time>
      </trkpt>
      <trkpt lat="53.212950" lon="12.963182">
        <ele>62.489540</ele>
        <time>2026-03-05T08:54:02.234Z</time>
      </trkpt>
      <trkpt lat="53.213009" lon="12.962859">
        <ele>62.243667</ele>
        <time>2026-03-05T08:54:06.536Z</time>
      </trkpt>
      <trkpt lat="53.213104" lon="12.962164">
        <ele>61.724626</ele>
        <time>2026-03-05T08:54:15.856Z</time>
      </trkpt>
      <trkpt lat="53.213195" lon="12.959403">
        <ele>60.810746</ele>
        <time>2026-03-05T08:54:53.161Z</time>
      </trkpt>
      <trkpt lat="53.213296" lon="12.958587">
        <ele>60.711142</ele>
        <time>2026-03-05T08:55:05.566Z</time>
      </trkpt>
      <trkpt lat="53.213520" lon="12.957898">
        <ele>61.000897</ele>
        <time>2026-03-05T08:55:18.374Z</time>
      </trkpt>
      <trkpt lat="53.213566" lon="12.956352">
        <ele>62.228111</ele>
        <time>2026-03-05T08:55:45.890Z</time>
      </trkpt>
      <trkpt lat="53.213405" lon="12.956286">
        <ele>62.447594</ele>
        <time>2026-03-05T08:55:50.969Z</time>
      </trkpt>
      <trkpt lat="53.212126" lon="12.956248">
        <ele>64.484706</ele>
        <time>2026-03-05T08:56:32.975Z</time>
      </trkpt>
      <trkpt lat="53.212073" lon="12.956014">
        <ele>64.745444</ele>
        <time>2026-03-05T08:56:38.100Z</time>
      </trkpt>
      <trkpt lat="53.212072" lon="12.955816">
        <ele>64.951810</ele>
        <time>2026-03-05T08:56:42.171Z</time>
      </trkpt>
      <trkpt lat="53.212266" lon="12.954145">
        <ele>65.956698</ele>
        <time>2026-03-05T08:57:14.193Z</time>
      </trkpt>
      <trkpt lat="53.212906" lon="12.951150">
        <ele>64.065182</ele>
        <time>2026-03-05T08:57:53.972Z</time>
      </trkpt>
      <trkpt lat="53.212991" lon="12.950970">
        <ele>63.790600</ele>
        <time>2026-03-05T08:57:56.640Z</time>
      </trkpt>
      <trkpt lat="53.213018" lon="12.950958">
        <ele>63.734713</ele>
        <time>2026-03-05T08:57:57.173Z</time>
      </trkpt>
      <trkpt lat="53.213085" lon="12.950929">
        <ele>63.596268</ele>
        <time>2026-03-05T08:57:58.490Z</time>
      </trkpt>
      <trkpt lat="53.213260" lon="12.950993">
        <ele>63.237927</ele>
        <time>2026-03-05T08:58:01.977Z</time>
      </trkpt>
      <trkpt lat="53.213519" lon="12.950851">
        <ele>62.692655</ele>
        <time>2026-03-05T08:58:07.230Z</time>
      </trkpt>
      <trkpt lat="53.213734" lon="12.950753">
        <ele>62.246867</ele>
        <time>2026-03-05T08:58:11.518Z</time>
      </trkpt>
      <trkpt lat="53.213847" lon="12.950640">
        <ele>61.983411</ele>
        <time>2026-03-05T08:58:14.051Z</time>
      </trkpt>
      <trkpt lat="53.213902" lon="12.950457">
        <ele>61.738153</ele>
        <time>2026-03-05T08:58:16.388Z</time>
      </trkpt>
      <trkpt lat="53.213893" lon="12.950210">
        <ele>61.441747</ele>
        <time>2026-03-05T08:58:19.276Z</time>
      </trkpt>
      <trkpt lat="53.213710" lon="12.949041">
        <ele>60.649304</ele>
        <time>2026-03-05T08:58:34.301Z</time>
      </trkpt>
      <trkpt lat="53.213683" lon="12.948566">
        <ele>60.362930</ele>
        <time>2026-03-05T08:58:40.311Z</time>
      </trkpt>
      <trkpt lat="53.213674" lon="12.947999">
        <ele>60.022500</ele>
        <time>2026-03-05T08:58:47.612Z</time>
      </trkpt>
      <trkpt lat="53.213764" lon="12.947218">
        <ele>59.545147</ele>
        <time>2026-03-05T08:58:58.795Z</time>
      </trkpt>
      <trkpt lat="53.213725" lon="12.946216">
        <ele>59.907699</ele>
        <time>2026-03-05T08:59:14.885Z</time>
      </trkpt>
      <trkpt lat="53.213705" lon="12.945819">
        <ele>60.079435</ele>
        <time>2026-03-05T08:59:21.478Z</time>
      </trkpt>
      <trkpt lat="53.213795" lon="12.945367">
        <ele>60.284762</ele>
        <time>2026-03-05T08:59:29.440Z</time>
      </trkpt>
      <trkpt lat="53.213632" lon="12.944445">
        <ele>60.699158</ele>
        <time>2026-03-05T08:59:53.348Z</time>
      </trkpt>
      <trkpt lat="53.213423" lon="12.943741">
        <ele>61.350364</ele>
        <time>2026-03-05T09:00:13.303Z</time>
      </trkpt>
      <trkpt lat="53.213280" lon="12.943019">
        <ele>62.106962</ele>
        <time>2026-03-05T09:00:32.050Z</time>
      </trkpt>
      <trkpt lat="53.213200" lon="12.942796">
        <ele>62.365594</ele>
        <time>2026-03-05T09:00:38.580Z</time>
      </trkpt>
      <trkpt lat="53.212727" lon="12.941897">
        <ele>63.556213</ele>
        <time>2026-03-05T09:01:10.955Z</time>
      </trkpt>
      <trkpt lat="53.212454" lon="12.941431">
        <ele>64.302147</ele>
        <time>2026-03-05T09:01:29.802Z</time>
      </trkpt>
      <trkpt lat="53.212201" lon="12.940831">
        <ele>65.202438</ele>
        <time>2026-03-05T09:01:50.194Z</time>
      </trkpt>
      <trkpt lat="53.212037" lon="12.940191">
        <ele>66.056497</ele>
        <time>2026-03-05T09:02:08.867Z</time>
      </trkpt>
      <trkpt lat="53.211658" lon="12.938758">
        <ele>68.001931</ele>
        <time>2026-03-05T09:02:38.741Z</time>
      </trkpt>
      <trkpt lat="53.211650" lon="12.938521">
        <ele>68.306678</ele>
        <time>2026-03-05T09:02:43.067Z</time>
      </trkpt>
      <trkpt lat="53.211701" lon="12.938384">
        <ele>68.513773</ele>
        <time>2026-03-05T09:02:45.964Z</time>
      </trkpt>
      <trkpt lat="53.211727" lon="12.938316">
        <ele>68.617349</ele>
        <time>2026-03-05T09:02:47.413Z</time>
      </trkpt>
      <trkpt lat="53.212290" lon="12.937133">
        <ele>70.557267</ele>
        <time>2026-03-05T09:03:17.646Z</time>
      </trkpt>
      <trkpt lat="53.212753" lon="12.936618">
        <ele>71.797836</ele>
        <time>2026-03-05T09:03:37.843Z</time>
      </trkpt>
      <trkpt lat="53.213747" lon="12.935975">
        <ele>74.342852</ele>
        <time>2026-03-05T09:04:14.635Z</time>
      </trkpt>
      <trkpt lat="53.214764" lon="12.935739">
        <ele>76.236294</ele>
        <time>2026-03-05T09:04:48.734Z</time>
      </trkpt>
      <trkpt lat="53.215314" lon="12.935744">
        <ele>76.924273</ele>
        <time>2026-03-05T09:05:13.073Z</time>
      </trkpt>
      <trkpt lat="53.215886" lon="12.935899">
        <ele>77.649119</ele>
        <time>2026-03-05T09:05:36.738Z</time>
      </trkpt>
      <trkpt lat="53.215967" lon="12.936221">
        <ele>77.841800</ele>
        <time>2026-03-05T09:05:41.676Z</time>
      </trkpt>
      <trkpt lat="53.217122" lon="12.939439">
        <ele>75.124698</ele>
        <time>2026-03-05T09:06:24.001Z</time>
      </trkpt>
      <trkpt lat="53.217188" lon="12.939408">
        <ele>74.983928</ele>
        <time>2026-03-05T09:06:25.161Z</time>
      </trkpt>
      <trkpt lat="53.217281" lon="12.939400">
        <ele>74.792724</ele>
        <time>2026-03-05T09:06:26.752Z</time>
      </trkpt>
      <trkpt lat="53.217601" lon="12.939573">
        <ele>74.102123</ele>
        <time>2026-03-05T09:06:32.437Z</time>
      </trkpt>
      <trkpt lat="53.217934" lon="12.940106">
        <ele>73.155090</ele>
        <time>2026-03-05T09:06:40.232Z</time>
      </trkpt>
      <trkpt lat="53.218125" lon="12.940746">
        <ele>72.350239</ele>
        <time>2026-03-05T09:06:47.568Z</time>
      </trkpt>
      <trkpt lat="53.218266" lon="12.941564">
        <ele>71.863852</ele>
        <time>2026-03-05T09:06:56.742Z</time>
      </trkpt>
      <trkpt lat="53.218504" lon="12.942217">
        <ele>71.427040</ele>
        <time>2026-03-05T09:07:05.602Z</time>
      </trkpt>
      <trkpt lat="53.218776" lon="12.942644">
        <ele>71.070804</ele>
        <time>2026-03-05T09:07:13.327Z</time>
      </trkpt>
      <trkpt lat="53.219254" lon="12.943006">
        <ele>70.690477</ele>
        <time>2026-03-05T09:07:25.042Z</time>
      </trkpt>
      <trkpt lat="53.219753" lon="12.943188">
        <ele>70.660692</ele>
        <time>2026-03-05T09:07:37.142Z</time>
      </trkpt>
      <trkpt lat="53.221024" lon="12.943780">
        <ele>70.341438</ele>
        <time>2026-03-05T09:08:06.901Z</time>
      </trkpt>
      <trkpt lat="53.222809" lon="12.944134">
        <ele>67.712882</ele>
        <time>2026-03-05T09:08:38.763Z</time>
      </trkpt>
      <trkpt lat="53.223244" lon="12.944140">
        <ele>67.311136</ele>
        <time>2026-03-05T09:08:46.639Z</time>
      </trkpt>
      <trkpt lat="53.223659" lon="12.944298">
        <ele>66.918045</ele>
        <time>2026-03-05T09:08:54.799Z</time>
      </trkpt>
      <trkpt lat="53.225149" lon="12.945199">
        <ele>65.058758</ele>
        <time>2026-03-05T09:09:29.395Z</time>
      </trkpt>
      <trkpt lat="53.225614" lon="12.945660">
        <ele>64.295672</ele>
        <time>2026-03-05T09:09:39.309Z</time>
      </trkpt>
      <trkpt lat="53.226041" lon="12.946171">
        <ele>63.472991</ele>
        <time>2026-03-05T09:09:47.912Z</time>
      </trkpt>
      <trkpt lat="53.226288" lon="12.946589">
        <ele>62.614698</ele>
        <time>2026-03-05T09:09:53.401Z</time>
      </trkpt>
      <trkpt lat="53.226470" lon="12.946757">
        <ele>62.107106</ele>
        <time>2026-03-05T09:09:56.648Z</time>
      </trkpt>
      <trkpt lat="53.226601" lon="12.946780">
        <ele>61.785567</ele>
        <time>2026-03-05T09:09:58.714Z</time>
      </trkpt>
      <trkpt lat="53.226699" lon="12.946698">
        <ele>61.518010</ele>
        <time>2026-03-05T09:10:00.452Z</time>
      </trkpt>
      <trkpt lat="53.226884" lon="12.946503">
        <ele>60.984026</ele>
        <time>2026-03-05T09:10:03.994Z</time>
      </trkpt>
      <trkpt lat="53.227030" lon="12.946322">
        <ele>60.540206</ele>
        <time>2026-03-05T09:10:07.011Z</time>
      </trkpt>
      <trkpt lat="53.227218" lon="12.945980">
        <ele>59.861696</ele>
        <time>2026-03-05T09:10:12.001Z</time>
      </trkpt>
      <trkpt lat="53.227300" lon="12.945713">
        <ele>59.423176</ele>
        <time>2026-03-05T09:10:15.639Z</time>
      </trkpt>
      <trkpt lat="53.227587" lon="12.944388">
        <ele>60.364914</ele>
        <time>2026-03-05T09:10:38.917Z</time>
      </trkpt>
      <trkpt lat="53.227719" lon="12.943584">
        <ele>61.059386</ele>
        <time>2026-03-05T09:10:55.025Z</time>
      </trkpt>
      <trkpt lat="53.227766" lon="12.943052">
        <ele>61.507347</ele>
        <time>2026-03-05T09:11:04.974Z</time>
      </trkpt>
      <trkpt lat="53.227778" lon="12.942295">
        <ele>61.861919</ele>
        <time>2026-03-05T09:11:17.968Z</time>
      </trkpt>
      <trkpt lat="53.227706" lon="12.941162">
        <ele>62.082616</ele>
        <time>2026-03-05T09:11:34.389Z</time>
      </trkpt>
      <trkpt lat="53.227588" lon="12.940116">
        <ele>62.288796</ele>
        <time>2026-03-05T09:11:48.085Z</time>
      </trkpt>
      <trkpt lat="53.227271" lon="12.938167">
        <ele>62.155656</ele>
        <time>2026-03-05T09:12:12.199Z</time>
      </trkpt>
      <trkpt lat="53.227236" lon="12.937796">
        <ele>62.109120</ele>
        <time>2026-03-05T09:12:16.701Z</time>
      </trkpt>
      <trkpt lat="53.227182" lon="12.936165">
        <ele>62.584904</ele>
        <time>2026-03-05T09:12:40.400Z</time>
      </trkpt>
      <trkpt lat="53.227178" lon="12.935315">
        <ele>63.359042</ele>
        <time>2026-03-05T09:12:55.042Z</time>
      </trkpt>
      <trkpt lat="53.227256" lon="12.934932">
        <ele>63.727480</ele>
        <time>2026-03-05T09:13:02.311Z</time>
      </trkpt>
      <trkpt lat="53.227273" lon="12.934719">
        <ele>63.923180</ele>
        <time>2026-03-05T09:13:06.265Z</time>
      </trkpt>
      <trkpt lat="53.227281" lon="12.934618">
        <ele>64.015964</ele>
        <time>2026-03-05T09:13:08.192Z</time>
      </trkpt>
      <trkpt lat="53.227365" lon="12.934409">
        <ele>64.245223</ele>
        <time>2026-03-05T09:13:12.967Z</time>
      </trkpt>
      <trkpt lat="53.227448" lon="12.934338">
        <ele>64.387085</ele>
        <time>2026-03-05T09:13:15.956Z</time>
      </trkpt>
      <trkpt lat="53.227593" lon="12.934250">
        <ele>64.621782</ele>
        <time>2026-03-05T09:13:21.070Z</time>
      </trkpt>
      <trkpt lat="53.227797" lon="12.934121">
        <ele>65.103851</ele>
        <time>2026-03-05T09:13:28.361Z</time>
      </trkpt>
      <trkpt lat="53.228463" lon="12.933662">
        <ele>66.917692</ele>
        <time>2026-03-05T09:13:51.373Z</time>
      </trkpt>
      <trkpt lat="53.228717" lon="12.933409">
        <ele>67.662221</ele>
        <time>2026-03-05T09:14:01.353Z</time>
      </trkpt>
      <trkpt lat="53.229651" lon="12.932154">
        <ele>70.228341</ele>
        <time>2026-03-05T09:14:41.811Z</time>
      </trkpt>
      <trkpt lat="53.230171" lon="12.931393">
        <ele>71.418135</ele>
        <time>2026-03-05T09:15:02.243Z</time>
      </trkpt>
      <trkpt lat="53.231054" lon="12.929650">
        <ele>72.767339</ele>
        <time>2026-03-05T09:15:38.619Z</time>
      </trkpt>
      <trkpt lat="53.234200" lon="12.923931">
        <ele>74.641201</ele>
        <time>2026-03-05T09:17:33.740Z</time>
      </trkpt>
      <trkpt lat="53.234699" lon="12.923052">
        <ele>73.936239</ele>
        <time>2026-03-05T09:17:49.503Z</time>
      </trkpt>
      <trkpt lat="53.234872" lon="12.922695">
        <ele>73.668951</ele>
        <time>2026-03-05T09:17:55.094Z</time>
      </trkpt>
      <trkpt lat="53.234968" lon="12.922299">
        <ele>73.420337</ele>
        <time>2026-03-05T09:18:00.146Z</time>
      </trkpt>
      <trkpt lat="53.235368" lon="12.920075">
        <ele>70.948119</ele>
        <time>2026-03-05T09:18:25.261Z</time>
      </trkpt>
      <trkpt lat="53.235682" lon="12.917921">
        <ele>69.208555</ele>
        <time>2026-03-05T09:18:49.193Z</time>
      </trkpt>
      <trkpt lat="53.235827" lon="12.917122">
        <ele>69.386632</ele>
        <time>2026-03-05T09:19:02.479Z</time>
      </trkpt>
      <trkpt lat="53.236042" lon="12.916570">
        <ele>69.527100</ele>
        <time>2026-03-05T09:19:14.231Z</time>
      </trkpt>
      <trkpt lat="53.236480" lon="12.915798">
        <ele>69.808165</ele>
        <time>2026-03-05T09:19:33.730Z</time>
      </trkpt>
      <trkpt lat="53.236783" lon="12.915317">
        <ele>70.078165</ele>
        <time>2026-03-05T09:19:45.543Z</time>
      </trkpt>
      <trkpt lat="53.237040" lon="12.915119">
        <ele>70.260988</ele>
        <time>2026-03-05T09:19:52.628Z</time>
      </trkpt>
      <trkpt lat="53.237318" lon="12.914972">
        <ele>70.449355</ele>
        <time>2026-03-05T09:19:59.269Z</time>
      </trkpt>
      <trkpt lat="53.237962" lon="12.914627">
        <ele>70.859350</ele>
        <time>2026-03-05T09:20:13.482Z</time>
      </trkpt>
      <trkpt lat="53.238158" lon="12.914558">
        <ele>70.894705</ele>
        <time>2026-03-05T09:20:18.027Z</time>
      </trkpt>
      <trkpt lat="53.239078" lon="12.914347">
        <ele>71.058618</ele>
        <time>2026-03-05T09:20:40.273Z</time>
      </trkpt>
      <trkpt lat="53.239557" lon="12.914184">
        <ele>71.144902</ele>
        <time>2026-03-05T09:20:52.194Z</time>
      </trkpt>
      <trkpt lat="53.239896" lon="12.914078">
        <ele>71.127425</ele>
        <time>2026-03-05T09:21:00.930Z</time>
      </trkpt>
      <trkpt lat="53.240038" lon="12.914037">
        <ele>71.101837</ele>
        <time>2026-03-05T09:21:04.548Z</time>
      </trkpt>
      <trkpt lat="53.240272" lon="12.913963">
        <ele>71.059547</ele>
        <time>2026-03-05T09:21:10.420Z</time>
      </trkpt>
      <trkpt lat="53.240890" lon="12.913851">
        <ele>70.949164</ele>
        <time>2026-03-05T09:21:24.537Z</time>
      </trkpt>
      <trkpt lat="53.241179" lon="12.913810">
        <ele>70.897662</ele>
        <time>2026-03-05T09:21:30.553Z</time>
      </trkpt>
      <trkpt lat="53.241382" lon="12.913837">
        <ele>70.861501</ele>
        <time>2026-03-05T09:21:34.568Z</time>
      </trkpt>
      <trkpt lat="53.241805" lon="12.914040">
        <ele>70.875957</ele>
        <time>2026-03-05T09:21:43.439Z</time>
      </trkpt>
      <trkpt lat="53.242262" lon="12.914065">
        <ele>70.912285</ele>
        <time>2026-03-05T09:21:53.708Z</time>
      </trkpt>
      <trkpt lat="53.242509" lon="12.914136">
        <ele>70.932197</ele>
        <time>2026-03-05T09:21:59.782Z</time>
      </trkpt>
      <trkpt lat="53.242677" lon="12.914321">
        <ele>70.948182</ele>
        <time>2026-03-05T09:22:04.797Z</time>
      </trkpt>
      <trkpt lat="53.242865" lon="12.914526">
        <ele>70.966017</ele>
        <time>2026-03-05T09:22:10.581Z</time>
      </trkpt>
      <trkpt lat="53.243140" lon="12.914861">
        <ele>71.013178</ele>
        <time>2026-03-05T09:22:19.798Z</time>
      </trkpt>
      <trkpt lat="53.246603" lon="12.920088">
        <ele>73.707729</ele>
        <time>2026-03-05T09:24:14.913Z</time>
      </trkpt>
      <trkpt lat="53.250780" lon="12.926502">
        <ele>74.308433</ele>
        <time>2026-03-05T09:26:19.934Z</time>
      </trkpt>
      <trkpt lat="53.251316" lon="12.927268">
        <ele>74.800873</ele>
        <time>2026-03-05T09:26:40.014Z</time>
      </trkpt>
      <trkpt lat="53.251995" lon="12.928490">
        <ele>75.947404</ele>
        <time>2026-03-05T09:27:09.291Z</time>
      </trkpt>
      <trkpt lat="53.252154" lon="12.928688">
        <ele>76.175240</ele>
        <time>2026-03-05T09:27:14.549Z</time>
      </trkpt>
      <trkpt lat="53.252432" lon="12.928903">
        <ele>76.527220</ele>
        <time>2026-03-05T09:27:21.959Z</time>
      </trkpt>
      <trkpt lat="53.253038" lon="12.929292">
        <ele>75.636609</ele>
        <time>2026-03-05T09:27:35.030Z</time>
      </trkpt>
      <trkpt lat="53.254582" lon="12.930632">
        <ele>73.396371</ele>
        <time>2026-03-05T09:28:05.261Z</time>
      </trkpt>
      <trkpt lat="53.255553" lon="12.931870">
        <ele>72.118669</ele>
        <time>2026-03-05T09:28:29.364Z</time>
      </trkpt>
      <trkpt lat="53.255955" lon="12.932163">
        <ele>72.496400</ele>
        <time>2026-03-05T09:28:40.529Z</time>
      </trkpt>
      <trkpt lat="53.256568" lon="12.932577">
        <ele>73.065849</ele>
        <time>2026-03-05T09:28:58.719Z</time>
      </trkpt>
      <trkpt lat="53.256728" lon="12.932763">
        <ele>73.233708</ele>
        <time>2026-03-05T09:29:04.242Z</time>
      </trkpt>
      <trkpt lat="53.257059" lon="12.933233">
        <ele>73.607775</ele>
        <time>2026-03-05T09:29:15.849Z</time>
      </trkpt>
      <trkpt lat="53.257204" lon="12.933499">
        <ele>73.780849</ele>
        <time>2026-03-05T09:29:21.297Z</time>
      </trkpt>
      <trkpt lat="53.257885" lon="12.934902">
        <ele>74.622652</ele>
        <time>2026-03-05T09:29:47.419Z</time>
      </trkpt>
      <trkpt lat="53.258177" lon="12.935334">
        <ele>74.926352</ele>
        <time>2026-03-05T09:29:57.466Z</time>
      </trkpt>
      <trkpt lat="53.258731" lon="12.935941">
        <ele>75.473144</ele>
        <time>2026-03-05T09:30:15.501Z</time>
      </trkpt>
      <trkpt lat="53.259045" lon="12.936271">
        <ele>75.785673</ele>
        <time>2026-03-05T09:30:25.858Z</time>
      </trkpt>
      <trkpt lat="53.259730" lon="12.937223">
        <ele>76.536288</ele>
        <time>2026-03-05T09:30:48.730Z</time>
      </trkpt>
      <trkpt lat="53.261843" lon="12.939495">
        <ele>75.584926</ele>
        <time>2026-03-05T09:31:40.009Z</time>
      </trkpt>
      <trkpt lat="53.262432" lon="12.940129">
        <ele>75.277621</ele>
        <time>2026-03-05T09:31:55.248Z</time>
      </trkpt>
      <trkpt lat="53.264495" lon="12.941861">
        <ele>73.825700</ele>
        <time>2026-03-05T09:32:41.533Z</time>
      </trkpt>
      <trkpt lat="53.265175" lon="12.942490">
        <ele>73.294279</ele>
        <time>2026-03-05T09:32:56.614Z</time>
      </trkpt>
      <trkpt lat="53.266004" lon="12.943328">
        <ele>72.651740</ele>
        <time>2026-03-05T09:33:16.047Z</time>
      </trkpt>
      <trkpt lat="53.266754" lon="12.944264">
        <ele>72.942676</ele>
        <time>2026-03-05T09:33:36.874Z</time>
      </trkpt>
      <trkpt lat="53.267480" lon="12.945073">
        <ele>73.236718</ele>
        <time>2026-03-05T09:33:58.905Z</time>
      </trkpt>
      <trkpt lat="53.268745" lon="12.946372">
        <ele>74.838124</ele>
        <time>2026-03-05T09:34:39.512Z</time>
      </trkpt>
      <trkpt lat="53.269351" lon="12.947174">
        <ele>75.244204</ele>
        <time>2026-03-05T09:34:58.898Z</time>
      </trkpt>
      <trkpt lat="53.269642" lon="12.947457">
        <ele>75.312631</ele>
        <time>2026-03-05T09:35:06.719Z</time>
      </trkpt>
      <trkpt lat="53.269779" lon="12.947630">
        <ele>75.347527</ele>
        <time>2026-03-05T09:35:10.636Z</time>
      </trkpt>
      <trkpt lat="53.270108" lon="12.948181">
        <ele>75.442176</ele>
        <time>2026-03-05T09:35:21.002Z</time>
      </trkpt>
      <trkpt lat="53.270226" lon="12.948302">
        <ele>75.470312</ele>
        <time>2026-03-05T09:35:24.020Z</time>
      </trkpt>
      <trkpt lat="53.271728" lon="12.949171">
        <ele>73.772777</ele>
        <time>2026-03-05T09:35:56.457Z</time>
      </trkpt>
      <trkpt lat="53.272113" lon="12.949698">
        <ele>72.916282</ele>
        <time>2026-03-05T09:36:04.785Z</time>
      </trkpt>
      <trkpt lat="53.272413" lon="12.950307">
        <ele>71.100250</ele>
        <time>2026-03-05T09:36:12.131Z</time>
      </trkpt>
      <trkpt lat="53.273119" lon="12.951386">
        <ele>67.419078</ele>
        <time>2026-03-05T09:36:26.786Z</time>
      </trkpt>
      <trkpt lat="53.274041" lon="12.952427">
        <ele>64.411510</ele>
        <time>2026-03-05T09:36:44.951Z</time>
      </trkpt>
      <trkpt lat="53.274419" lon="12.952978">
        <ele>63.248946</ele>
        <time>2026-03-05T09:36:54.006Z</time>
      </trkpt>
      <trkpt lat="53.274580" lon="12.953208">
        <ele>62.758024</ele>
        <time>2026-03-05T09:36:57.912Z</time>
      </trkpt>
      <trkpt lat="53.274926" lon="12.953473">
        <ele>62.109210</ele>
        <time>2026-03-05T09:37:05.044Z</time>
      </trkpt>
      <trkpt lat="53.275059" lon="12.953644">
        <ele>62.027053</ele>
        <time>2026-03-05T09:37:08.266Z</time>
      </trkpt>
      <trkpt lat="53.275503" lon="12.954538">
        <ele>61.686739</ele>
        <time>2026-03-05T09:37:22.260Z</time>
      </trkpt>
      <trkpt lat="53.276085" lon="12.955437">
        <ele>61.298748</ele>
        <time>2026-03-05T09:37:39.077Z</time>
      </trkpt>
      <trkpt lat="53.276557" lon="12.956310">
        <ele>61.699957</ele>
        <time>2026-03-05T09:37:56.510Z</time>
      </trkpt>
      <trkpt lat="53.276657" lon="12.956446">
        <ele>61.776614</ele>
        <time>2026-03-05T09:37:59.865Z</time>
      </trkpt>
      <trkpt lat="53.276831" lon="12.956599">
        <ele>61.893532</ele>
        <time>2026-03-05T09:38:04.928Z</time>
      </trkpt>
      <trkpt lat="53.277189" lon="12.956864">
        <ele>62.126373</ele>
        <time>2026-03-05T09:38:14.966Z</time>
      </trkpt>
      <trkpt lat="53.277265" lon="12.956921">
        <ele>62.175910</ele>
        <time>2026-03-05T09:38:17.036Z</time>
      </trkpt>
      <trkpt lat="53.277667" lon="12.957412">
        <ele>62.460975</ele>
        <time>2026-03-05T09:38:29.476Z</time>
      </trkpt>
      <trkpt lat="53.277989" lon="12.957786">
        <ele>62.671111</ele>
        <time>2026-03-05T09:38:39.152Z</time>
      </trkpt>
      <trkpt lat="53.278494" lon="12.958375">
        <ele>63.001120</ele>
        <time>2026-03-05T09:38:53.032Z</time>
      </trkpt>
      <trkpt lat="53.278793" lon="12.958728">
        <ele>63.197296</ele>
        <time>2026-03-05T09:39:01.815Z</time>
      </trkpt>
      <trkpt lat="53.279164" lon="12.959164">
        <ele>63.518883</ele>
        <time>2026-03-05T09:39:13.347Z</time>
      </trkpt>
      <trkpt lat="53.279529" lon="12.959595">
        <ele>63.921084</ele>
        <time>2026-03-05T09:39:25.683Z</time>
      </trkpt>
      <trkpt lat="53.279644" lon="12.959730">
        <ele>64.047558</ele>
        <time>2026-03-05T09:39:29.657Z</time>
      </trkpt>
      <trkpt lat="53.279889" lon="12.960019">
        <ele>64.317433</ele>
        <time>2026-03-05T09:39:37.946Z</time>
      </trkpt>
      <trkpt lat="53.280490" lon="12.960478">
        <ele>64.912170</ele>
        <time>2026-03-05T09:39:55.152Z</time>
      </trkpt>
      <trkpt lat="53.280684" lon="12.960565">
        <ele>64.787705</ele>
        <time>2026-03-05T09:39:59.758Z</time>
      </trkpt>
      <trkpt lat="53.280683" lon="12.960627">
        <ele>64.752768</ele>
        <time>2026-03-05T09:40:00.845Z</time>
      </trkpt>
      <trkpt lat="53.280741" lon="12.960644">
        <ele>64.697291</ele>
        <time>2026-03-05T09:40:02.535Z</time>
      </trkpt>
      <trkpt lat="53.280800" lon="12.960714">
        <ele>64.629138</ele>
        <time>2026-03-05T09:40:04.605Z</time>
      </trkpt>
      <trkpt lat="53.280831" lon="12.961064">
        <ele>64.429831</ele>
        <time>2026-03-05T09:40:10.495Z</time>
      </trkpt>
      <trkpt lat="53.280833" lon="12.961846">
        <ele>63.989323</ele>
        <time>2026-03-05T09:40:22.658Z</time>
      </trkpt>
      <trkpt lat="53.280766" lon="12.962840">
        <ele>63.425852</ele>
        <time>2026-03-05T09:40:37.233Z</time>
      </trkpt>
      <trkpt lat="53.280831" lon="12.962839">
        <ele>63.364610</ele>
        <time>2026-03-05T09:40:38.371Z</time>
      </trkpt>
      <trkpt lat="53.280926" lon="12.962837">
        <ele>63.275099</ele>
        <time>2026-03-05T09:40:40.113Z</time>
      </trkpt>
      <trkpt lat="53.280930" lon="12.962881">
        <ele>63.250029</ele>
        <time>2026-03-05T09:40:40.758Z</time>
      </trkpt>
      <trkpt lat="53.280931" lon="12.963038">
        <ele>63.140082</ele>
        <time>2026-03-05T09:40:42.464Z</time>
      </trkpt>
      <trkpt lat="53.280965" lon="12.963027">
        <ele>63.099450</ele>
        <time>2026-03-05T09:40:43.095Z</time>
      </trkpt>
      <trkpt lat="53.281046" lon="12.963002">
        <ele>63.002808</ele>
        <time>2026-03-05T09:40:44.591Z</time>
      </trkpt>
      <trkpt lat="53.281406" lon="12.962866">
        <ele>62.569777</ele>
        <time>2026-03-05T09:40:51.337Z</time>
      </trkpt>
      <trkpt lat="53.281472" lon="12.962806">
        <ele>62.481639</ele>
        <time>2026-03-05T09:40:52.665Z</time>
      </trkpt>
      <trkpt lat="53.281540" lon="12.962944">
        <ele>62.356191</ele>
        <time>2026-03-05T09:40:54.667Z</time>
      </trkpt>
      <trkpt lat="53.281913" lon="12.963730">
        <ele>61.652240</ele>
        <time>2026-03-05T09:41:06.019Z</time>
      </trkpt>
      <trkpt lat="53.282114" lon="12.964154">
        <ele>61.272656</ele>
        <time>2026-03-05T09:41:12.497Z</time>
      </trkpt>
      <trkpt lat="53.282247" lon="12.964419">
        <ele>61.124342</ele>
        <time>2026-03-05T09:41:16.836Z</time>
      </trkpt>
      <trkpt lat="53.282347" lon="12.964619">
        <ele>61.099945</ele>
        <time>2026-03-05T09:41:20.081Z</time>
      </trkpt>
      <trkpt lat="53.282787" lon="12.965572">
        <ele>60.987276</ele>
        <time>2026-03-05T09:41:35.281Z</time>
      </trkpt>
      <trkpt lat="53.282943" lon="12.965911">
        <ele>60.947247</ele>
        <time>2026-03-05T09:41:41.114Z</time>
      </trkpt>
      <trkpt lat="53.283428" lon="12.966921">
        <ele>60.882112</ele>
        <time>2026-03-05T09:41:58.716Z</time>
      </trkpt>
      <trkpt lat="53.283536" lon="12.967045">
        <ele>60.898302</ele>
        <time>2026-03-05T09:42:01.675Z</time>
      </trkpt>
      <trkpt lat="53.283670" lon="12.967025">
        <ele>60.914929</ele>
        <time>2026-03-05T09:42:04.762Z</time>
      </trkpt>
      <trkpt lat="53.284216" lon="12.966269">
        <ele>61.002532</ele>
        <time>2026-03-05T09:42:20.927Z</time>
      </trkpt>
      <trkpt lat="53.284742" lon="12.965505">
        <ele>61.089394</ele>
        <time>2026-03-05T09:42:36.653Z</time>
      </trkpt>
      <trkpt lat="53.284875" lon="12.965329">
        <ele>61.112136</ele>
        <time>2026-03-05T09:42:40.498Z</time>
      </trkpt>
      <trkpt lat="53.285402" lon="12.964574">
        <ele>61.205188</ele>
        <time>2026-03-05T09:42:57.055Z</time>
      </trkpt>
      <trkpt lat="53.285657" lon="12.964218">
        <ele>61.249730</ele>
        <time>2026-03-05T09:43:05.068Z</time>
      </trkpt>
      <trkpt lat="53.285894" lon="12.963887">
        <ele>61.291135</ele>
        <time>2026-03-05T09:43:12.539Z</time>
      </trkpt>
      <trkpt lat="53.286546" lon="12.962976">
        <ele>61.320873</ele>
        <time>2026-03-05T09:43:32.157Z</time>
      </trkpt>
      <trkpt lat="53.286618" lon="12.963128">
        <ele>61.320873</ele>
        <time>2026-03-05T09:43:40.185Z</time>
      </trkpt>
      <trkpt lat="53.286722" lon="12.963228">
        <ele>61.320873</ele>
        <time>2026-03-05T09:43:48.554Z</time>
      </trkpt>
      <trkpt lat="53.286828" lon="12.962940">
        <ele>61.320873</ele>
        <time>2026-03-05T09:44:02.616Z</time>
      </trkpt>
      <trkpt lat="53.286843" lon="12.962900">
        <ele>61.320873</ele>
        <time>2026-03-05T09:44:04.545Z</time>
      </trkpt>
      <trkpt lat="53.286958" lon="12.963015">
        <ele>61.320873</ele>
        <time>2026-03-05T09:44:13.863Z</time>
      </trkpt>
      <trkpt lat="53.286972" lon="12.962974">
        <ele>61.320873</ele>
        <time>2026-03-05T09:44:15.867Z</time>
      </trkpt>
      <trkpt lat="53.286919" lon="12.962919">
        <ele>61.320873</ele>
        <time>2026-03-05T09:44:20.227Z</time>
      </trkpt>
    </trkseg>
  </trk>
  <trk>
    <trkseg>
      <trkpt lat="53.05129961873973" lon="13.608603454098027" />
      <trkpt lat="53.05123512768736" lon="13.61004111813001" />
      <trkpt lat="53.05114484005185" lon="13.612465835079472" />
      <trkpt lat="53.0509384676032" lon="13.612766242489142" />
      <trkpt lat="53.05084817934622" lon="13.619353747829718" />
      <trkpt lat="53.05079658597151" lon="13.61992805611292" />
      <trkpt lat="53.05066760226467" lon="13.631429368368778" />
      <trkpt lat="53.050525719741216" lon="13.637180024496713" />
      <trkpt lat="53.05059021185525" lon="13.638703519217168" />
      <trkpt lat="53.0496744147913" lon="13.642072373739875" />
      <trkpt lat="53.04883599196535" lon="13.645140820852914" />
      <trkpt lat="53.048486193489765" lon="13.645847049472524" />
      <trkpt lat="53.04744135835361" lon="13.647370544192986" />
      <trkpt lat="53.04696407955521" lon="13.653056827304555" />
      <trkpt lat="53.04464302408962" lon="13.661960236284207" />
      <trkpt lat="53.044036710752806" lon="13.663397900316193" />
      <trkpt lat="53.04319817825541" lon="13.665050141069365" />
      <trkpt lat="53.042540241337576" lon="13.667152992937043" />
      <trkpt lat="53.04204889287905" lon="13.668244286765903" />
      <trkpt lat="53.04093939523622" lon="13.670218392600864" />
      <trkpt lat="53.03909446966182" lon="13.673458501090854" />
      <trkpt lat="53.03818852813012" lon="13.674974527802286" />
      <trkpt lat="53.03734988187543" lon="13.676176157440956" />
      <trkpt lat="53.03711763849003" lon="13.67636927649003" />
      <trkpt lat="53.03653702455364" lon="13.677914228882608" />
      <trkpt lat="53.035695353194" lon="13.679206666584848" />
      <trkpt lat="53.03440504682399" lon="13.682039079304573" />
      <trkpt lat="53.034082464198605" lon="13.683004674549935" />
      <trkpt lat="53.03370826532998" lon="13.684678372975226" />
      <trkpt lat="53.03279210956549" lon="13.688862619038458" />
      <trkpt lat="53.03202428686137" lon="13.692990737066737" />
      <trkpt lat="53.03155974147052" lon="13.696252303228848" />
      <trkpt lat="53.031662974212026" lon="13.70168109427499" />
      <trkpt lat="53.03184363091509" lon="13.703183131323332" />
      <trkpt lat="53.03219203813384" lon="13.705414729223723" />
      <trkpt lat="53.03198557493661" lon="13.7055005599122" />
      <trkpt lat="53.03021769334316" lon="13.70625157843637" />
      <trkpt lat="53.029277263448336" lon="13.706814655478745" />
      <trkpt lat="53.0287739736595" lon="13.707243808921127" />
      <trkpt lat="53.02792223909913" lon="13.707372554953844" />
      <trkpt lat="53.027367312079065" lon="13.707544216330795" />
      <trkpt lat="53.02688981102145" lon="13.707844623740465" />
      <trkpt lat="53.02494261803105" lon="13.708728015823477" />
      <trkpt lat="53.024271496233496" lon="13.70937174598705" />
      <trkpt lat="53.02455543365289" lon="13.711174190445059" />
      <trkpt lat="53.025200739019084" lon="13.712461650772207" />
      <trkpt lat="53.02535579548558" lon="13.719327491962236" />
      <trkpt lat="53.02611724066429" lon="13.721516174518385" />
      <trkpt lat="53.026104334925776" lon="13.722009700977127" />
      <trkpt lat="53.025884936780386" lon="13.722889465534013" />
      <trkpt lat="53.025188017622156" lon="13.724219841205397" />
      <trkpt lat="53.024581430671276" lon="13.724863571368974" />
      <trkpt lat="53.02443463533635" lon="13.725631949213147" />
      <trkpt lat="53.024241041301934" lon="13.72758459737599" />
      <trkpt lat="53.02409907179114" lon="13.728335615900159" />
      <trkpt lat="53.02387966344642" lon="13.73056721380055" />
      <trkpt lat="53.02355700208861" lon="13.730738875177506" />
      <trkpt lat="53.022438740287896" lon="13.730599379471714" />
      <trkpt lat="53.021780486571515" lon="13.730556464127476" />
      <trkpt lat="53.02104477935566" lon="13.730921244553501" />
      <trkpt lat="53.0205284860987" lon="13.731414771012242" />
      <trkpt lat="53.020102539510475" lon="13.731436228684363" />
      <trkpt lat="53.019560419588856" lon="13.731264567307406" />
      <trkpt lat="53.018535880242524" lon="13.731608268831899" />
      <trkpt lat="53.018071189567905" lon="13.731651184176137" />
      <trkpt lat="53.0176194021694" lon="13.731458065127066" />
      <trkpt lat="53.0172579688446" lon="13.731243488405875" />
      <trkpt lat="53.01430184694374" lon="13.732209083651236" />
      <trkpt lat="53.01299799083145" lon="13.74156462869519" />
      <trkpt lat="53.012003935448774" lon="13.749267932985967" />
      <trkpt lat="53.011552084523686" lon="13.7525509568202" />
    </trkseg>
    <name>26 UM-52 BAR</name>
  </trk>
  <trk>
    <trkseg>
      <trkpt lat="52.981184374473145" lon="13.957308421930081" />
      <trkpt lat="52.979491929217346" lon="13.953413854440457" />
      <trkpt lat="52.97935627233849" lon="13.953231464227443" />
      <trkpt lat="52.97915601616742" lon="13.953167091211087" />
      <trkpt lat="52.978185483683745" lon="13.953184563988524" />
      <trkpt lat="52.977145405280964" lon="13.953034360283691" />
      <trkpt lat="52.975404610875444" lon="13.95275108750858" />
      <trkpt lat="52.97501052148817" lon="13.952622341475863" />
      <trkpt lat="52.97468103416006" lon="13.952429222426789" />
      <trkpt lat="52.974170646868714" lon="13.951935695968054" />
      <trkpt lat="52.973950984660064" lon="13.951570915542025" />
      <trkpt lat="52.973685380868176" lon="13.950475386041388" />
      <trkpt lat="52.973465716193004" lon="13.949305942910893" />
      <trkpt lat="52.97331711886784" lon="13.948748043435794" />
      <trkpt lat="52.97329127580261" lon="13.94843690719007" />
      <trkpt lat="52.97300054025402" lon="13.94790046538709" />
      <trkpt lat="52.972755028712044" lon="13.94737475242017" />
      <trkpt lat="52.97267749846162" lon="13.947031429666257" />
      <trkpt lat="52.97257412457813" lon="13.946226766961791" />
      <trkpt lat="52.972425524187344" lon="13.945604494470336" />
      <trkpt lat="52.97218000937883" lon="13.944928577798583" />
      <trkpt lat="52.97194741511578" lon="13.944456509011962" />
      <trkpt lat="52.9716760535602" lon="13.943598202127196" />
      <trkpt lat="52.97148222283448" lon="13.94256823386548" />
      <trkpt lat="52.97144991762903" lon="13.941935232537963" />
      <trkpt lat="52.97137238503737" lon="13.94157045211194" />
      <trkpt lat="52.97121085835809" lon="13.941366604226806" />
      <trkpt lat="52.970609613742766" lon="13.940749397204598" />
      <trkpt lat="52.97049977372808" lon="13.940545549319468" />
      <trkpt lat="52.96962104356146" lon="13.93976234428712" />
      <trkpt lat="52.96919834624916" lon="13.93938994979682" />
      <trkpt lat="52.96886235317845" lon="13.938928609846256" />
      <trkpt lat="52.96842943517913" lon="13.93838143920722" />
      <trkpt lat="52.96792543562822" lon="13.938038116453313" />
      <trkpt lat="52.96744385590651" lon="13.937909370420588" />
      <trkpt lat="52.96684291898973" lon="13.937523132322443" />
      <trkpt lat="52.96590264164777" lon="13.937396127340138" />
      <trkpt lat="52.96549554174791" lon="13.937074262258353" />
      <trkpt lat="52.965230601658476" lon="13.936419803258719" />
      <trkpt lat="52.96482349542984" lon="13.935647327062428" />
      <trkpt lat="52.96423628583307" lon="13.934707662555985" />
      <trkpt lat="52.963693464191465" lon="13.934203407261183" />
      <trkpt lat="52.96512158745901" lon="13.933130523655226" />
      <trkpt lat="52.96570059118949" lon="13.932577102724924" />
      <trkpt lat="52.96642431826146" lon="13.931547134463207" />
      <trkpt lat="52.96688346335486" lon="13.930683164211631" />
      <trkpt lat="52.967671786754636" lon="13.929127482982993" />
      <trkpt lat="52.96821292955465" lon="13.92737540694172" />
      <trkpt lat="52.968484312853434" lon="13.926549286565136" />
      <trkpt lat="52.96872338720502" lon="13.926130861958812" />
      <trkpt lat="52.968839693168235" lon="13.925905556401561" />
      <trkpt lat="52.96926614568915" lon="13.925519318303417" />
      <trkpt lat="52.96999685250526" lon="13.924807078812039" />
      <trkpt lat="52.9710573653777" lon="13.923987867697216" />
      <trkpt lat="52.97263384556027" lon="13.923054458960035" />
      <trkpt lat="52.97294396604053" lon="13.922496559484935" />
      <trkpt lat="52.97322824119257" lon="13.92214250789497" />
      <trkpt lat="52.97319593729222" lon="13.921273472174144" />
      <trkpt lat="52.97311840783277" lon="13.920930149420236" />
      <trkpt lat="52.972982730944125" lon="13.920543911322092" />
      <trkpt lat="52.97268105096367" lon="13.919924925737558" />
      <trkpt lat="52.972513068291164" lon="13.91914172070521" />
      <trkpt lat="52.972325702232354" lon="13.918101023607433" />
      <trkpt lat="52.97216417911588" lon="13.917521666460212" />
      <trkpt lat="52.9719251237957" lon="13.917049597673595" />
      <trkpt lat="52.97143135157941" lon="13.916697190032417" />
      <trkpt lat="52.971075992572935" lon="13.916300223098213" />
      <trkpt lat="52.970688324870025" lon="13.915517018065866" />
      <trkpt lat="52.97040403301125" lon="13.914733813033518" />
      <trkpt lat="52.97010681679592" lon="13.913628742919384" />
      <trkpt lat="52.96994592315116" lon="13.912700041269911" />
      <trkpt lat="52.96977792984785" lon="13.911423309778824" />
      <trkpt lat="52.96966162640925" lon="13.910961969828262" />
      <trkpt lat="52.969558245312214" lon="13.910543545221937" />
      <trkpt lat="52.96935148237631" lon="13.909910543894425" />
      <trkpt lat="52.96913825706275" lon="13.909481390452035" />
      <trkpt lat="52.96884103214339" lon="13.90894494864906" />
      <trkpt lat="52.9686407272406" lon="13.908301218485484" />
      <trkpt lat="52.968492113325766" lon="13.907636030649792" />
      <trkpt lat="52.96836934492379" lon="13.90692792746986" />
      <trkpt lat="52.96826596073589" lon="13.905865772699961" />
      <trkpt lat="52.96820134549287" lon="13.905157669520031" />
      <trkpt lat="52.96820134549287" lon="13.90419207427467" />
      <trkpt lat="52.96821426854916" lon="13.903054817652352" />
      <trkpt lat="52.968136730153276" lon="13.902207239603646" />
      <trkpt lat="52.968130268613976" lon="13.901306017374642" />
      <trkpt lat="52.968085037812045" lon="13.900576456522591" />
      <trkpt lat="52.968046268515536" lon="13.900082930063851" />
      <trkpt lat="52.96786534467216" lon="13.89949284408058" />
      <trkpt lat="52.96790411413096" lon="13.898141010737072" />
      <trkpt lat="52.9678976525569" lon="13.897840603327406" />
      <trkpt lat="52.967658573638204" lon="13.897175415491711" />
      <trkpt lat="52.967077024802336" lon="13.896306379770886" />
      <trkpt lat="52.96666036372548" lon="13.895636507210225" />
      <trkpt lat="52.966104648838154" lon="13.894982048210592" />
      <trkpt lat="52.96549723137102" lon="13.894488521751848" />
      <trkpt lat="52.964909191437044" lon="13.894123741325826" />
      <trkpt lat="52.96437284034647" lon="13.89376968973586" />
      <trkpt lat="52.9641482952471" lon="13.893466006562628" />
      <trkpt lat="52.96346330351224" lon="13.89216781739942" />
      <trkpt lat="52.96242159167306" lon="13.890715449052067" />
      <trkpt lat="52.963145373639804" lon="13.889406531052801" />
      <trkpt lat="52.96346848667713" lon="13.888398020463201" />
      <trkpt lat="52.96371405097048" lon="13.88742169638178" />
      <trkpt lat="52.96397084451945" lon="13.885995280072876" />
      <trkpt lat="52.96394499586569" lon="13.884868752286621" />
      <trkpt lat="52.96402900393389" lon="13.883495461270998" />
      <trkpt lat="52.964635017331375" lon="13.882302744151808" />
      <trkpt lat="52.9651002833082" lon="13.88128350472615" />
      <trkpt lat="52.96571370902109" lon="13.878838092579459" />
      <trkpt lat="52.965823561198306" lon="13.878033429874993" />
      <trkpt lat="52.965771866090876" lon="13.877357513203238" />
      <trkpt lat="52.96578478987351" lon="13.876606494679068" />
      <trkpt lat="52.965994531624716" lon="13.875657439608698" />
      <trkpt lat="52.96629823793131" lon="13.874960065264824" />
      <trkpt lat="52.966459782969764" lon="13.874327063937312" />
      <trkpt lat="52.96659548033551" lon="13.87305033244622" />
      <trkpt lat="52.96668426351218" lon="13.872162431515724" />
      <trkpt lat="52.96726581763198" lon="13.869512409009012" />
      <trkpt lat="52.967632151602004" lon="13.868442812309965" />
      <trkpt lat="52.96801984671629" lon="13.867294826851591" />
      <trkpt lat="52.968123231492825" lon="13.866887131081329" />
      <trkpt lat="52.968220154496265" lon="13.86632923160623" />
      <trkpt lat="52.968362307841545" lon="13.865878620491726" />
      <trkpt lat="52.968368769346114" lon="13.865556755409928" />
      <trkpt lat="52.96849799923501" lon="13.864719906197283" />
      <trkpt lat="52.9685238451664" lon="13.86421565090248" />
      <trkpt lat="52.96843984583282" lon="13.863443174706193" />
      <trkpt lat="52.96856261403457" lon="13.861973324166033" />
      <trkpt lat="52.968620767271574" lon="13.861436882363055" />
      <trkpt lat="52.96860784433676" lon="13.860760965691298" />
      <trkpt lat="52.968452768817826" lon="13.859548607216569" />
      <trkpt lat="52.968426922843946" lon="13.859083260110369" />
      <trkpt lat="52.9685238451664" lon="13.858675564340105" />
      <trkpt lat="52.96860784433676" lon="13.857720697930805" />
      <trkpt lat="52.96896322363591" lon="13.856207932046406" />
      <trkpt lat="52.969260447715044" lon="13.855660761407366" />
      <trkpt lat="52.96972566390974" lon="13.853761757424824" />
      <trkpt lat="52.96977844126019" lon="13.852584994211627" />
      <trkpt lat="52.969603985986964" lon="13.851608670130206" />
      <trkpt lat="52.969474759404704" lon="13.8512653473763" />
      <trkpt lat="52.96923568920897" lon="13.851040041819049" />
      <trkpt lat="52.96926799606945" lon="13.850718176737262" />
      <trkpt lat="52.96956521805285" lon="13.849570191278888" />
      <trkpt lat="52.96966213782295" lon="13.849237597361041" />
      <trkpt lat="52.969907666934546" lon="13.8487977150826" />
      <trkpt lat="52.97035614299196" lon="13.84748164584269" />
      <trkpt lat="52.97063397400069" lon="13.846558965941565" />
      <trkpt lat="52.97159608962906" lon="13.844236172666992" />
      <trkpt lat="52.97229160601145" lon="13.842387858969197" />
      <trkpt lat="52.97282139801416" lon="13.839737836462485" />
      <trkpt lat="52.973318879714014" lon="13.83692372587485" />
      <trkpt lat="52.973267193570194" lon="13.834402449400852" />
      <trkpt lat="52.973332816320664" lon="13.834110933212266" />
      <trkpt lat="52.97381737075625" lon="13.833048778442366" />
      <trkpt lat="52.97437298648924" lon="13.831911521820052" />
      <trkpt lat="52.97461728835157" lon="13.831221199064695" />
      <trkpt lat="52.97490801302382" lon="13.83052382472082" />
      <trkpt lat="52.97521811718519" lon="13.82956895831152" />
      <trkpt lat="52.97530210334591" lon="13.829751348524537" />
      <trkpt lat="52.976019209302365" lon="13.830556011229005" />
    </trkseg>
    <name>3 UM-12 BAR</name>
  </trk>
  <trk>
    <trkseg>
      <trkpt lat="52.603183505753236" lon="13.81940870814383" />
      <trkpt lat="52.604330300093125" lon="13.820919328784885" />
      <trkpt lat="52.606811444379645" lon="13.823185258436796" />
      <trkpt lat="52.61337108991981" lon="13.822807603931372" />
      <trkpt lat="52.61512213846626" lon="13.822361284613226" />
      <trkpt lat="52.6229280448253" lon="13.8223269528617" />
      <trkpt lat="52.6261167061416" lon="13.818928059693496" />
      <trkpt lat="52.62651266612403" lon="13.81820708112449" />
      <trkpt lat="52.62780472704773" lon="13.817348774239724" />
      <trkpt lat="52.63150465111616" lon="13.810569655109616" />
      <trkpt lat="52.63446348965249" lon="13.804561506916256" />
      <trkpt lat="52.6373551639505" lon="13.797752253009183" />
      <trkpt lat="52.63916775487712" lon="13.794628016472505" />
      <trkpt lat="52.64037610683869" lon="13.793254725456881" />
      <trkpt lat="52.64125109976487" lon="13.792808406138736" />
      <trkpt lat="52.64868439901343" lon="13.79227205230464" />
      <trkpt lat="52.651471509429825" lon="13.792229832264164" />
      <trkpt lat="52.654428997575536" lon="13.792607488079263" />
      <trkpt lat="52.6562200546866" lon="13.792435826702311" />
      <trkpt lat="52.658677432521415" lon="13.790375890178872" />
      <trkpt lat="52.66008058985233" lon="13.793500129334895" />
      <trkpt lat="52.667243452710295" lon="13.792641822450133" />
      <trkpt lat="52.67048412516081" lon="13.792184877271303" />
      <trkpt lat="52.67620522946433" lon="13.789595884596128" />
      <trkpt lat="52.67177113174955" lon="13.776034635161995" />
      <trkpt lat="52.66629590313852" lon="13.76002488409736" />
      <trkpt lat="52.672375218913146" lon="13.753089766171028" />
      <trkpt lat="52.6786955548352" lon="13.745644411300207" />
      <trkpt lat="52.68083931512999" lon="13.739212845857361" />
    </trkseg>
    <name>4 MOL-74 BAR</name>
  </trk>
  <trk>
    <trkseg>
      <trkpt lat="52.976008217482274" lon="13.83055144765153" />
      <trkpt lat="52.97681575519451" lon="13.831452669880537" />
      <trkpt lat="52.977526375898094" lon="13.833255114338543" />
      <trkpt lat="52.97768787897368" lon="13.83380228497759" />
      <trkpt lat="52.977933362492394" lon="13.834381642124804" />
      <trkpt lat="52.97817884461659" lon="13.834542574665699" />
      <trkpt lat="52.97900572151087" lon="13.83503610112444" />
      <trkpt lat="52.979604142528416" lon="13.835234464059345" />
      <trkpt lat="52.98086378993568" lon="13.835459769616595" />
      <trkpt lat="52.98112217460826" lon="13.835406125436299" />
      <trkpt lat="52.98197483306433" lon="13.835213006387225" />
      <trkpt lat="52.9823753183492" lon="13.835427583108416" />
      <trkpt lat="52.98307938831729" lon="13.836114228616228" />
      <trkpt lat="52.98466834809409" lon="13.836822331796165" />
      <trkpt lat="52.98517124692853" lon="13.837227280175036" />
      <trkpt lat="52.98559107937524" lon="13.83762424710924" />
      <trkpt lat="52.9863532263131" lon="13.838471825157947" />
      <trkpt lat="52.987104891572585" lon="13.840264320928044" />
      <trkpt lat="52.9888487061788" lon="13.843032360631412" />
      <trkpt lat="52.98983237246685" lon="13.84460513964904" />
      <trkpt lat="52.99018111899758" lon="13.84505575076354" />
      <trkpt lat="52.99104005677745" lon="13.84587114230407" />
      <trkpt lat="52.99135650323245" lon="13.84637539759887" />
      <trkpt lat="52.991743985529865" lon="13.847298077499998" />
      <trkpt lat="52.99225416525269" lon="13.84800618067993" />
      <trkpt lat="52.9926158079883" lon="13.848413876450193" />
      <trkpt lat="52.99345837547182" lon="13.849822954381938" />
      <trkpt lat="52.994672415963635" lon="13.85151811047935" />
      <trkpt lat="52.99585222444088" lon="13.853052506028723" />
      <trkpt lat="52.99688486096437" lon="13.853378307534594" />
      <trkpt lat="52.997489141974256" lon="13.853770609650905" />
      <trkpt lat="52.997766798540454" lon="13.853845711503322" />
      <trkpt lat="52.99806382451837" lon="13.853845711503322" />
      <trkpt lat="52.998244621939364" lon="13.854124661240869" />
      <trkpt lat="52.99829627820631" lon="13.854500170502956" />
      <trkpt lat="52.998212336741176" lon="13.858029957566558" />
      <trkpt lat="52.99805368136637" lon="13.859703613371032" />
      <trkpt lat="52.99782768347245" lon="13.861377311796323" />
      <trkpt lat="52.997821226372395" lon="13.861795736402645" />
      <trkpt lat="52.99799589152073" lon="13.862633123605368" />
      <trkpt lat="52.99862222319743" lon="13.863663091867089" />
      <trkpt lat="52.99874490565762" lon="13.864060058801291" />
      <trkpt lat="52.998828846087434" lon="13.864510669915795" />
      <trkpt lat="52.998809475233514" lon="13.86639894506228" />
      <trkpt lat="52.998873927727146" lon="13.86686005823259" />
      <trkpt lat="52.99908700632437" lon="13.867299940511032" />
      <trkpt lat="52.999990964437416" lon="13.86841573946123" />
      <trkpt lat="53.000643093895775" lon="13.86984267465716" />
      <trkpt lat="53.00095301335372" lon="13.870239641591365" />
      <trkpt lat="53.00158575867263" lon="13.8708404564107" />
      <trkpt lat="53.00206999627494" lon="13.871162321492488" />
      <trkpt lat="53.00434553680273" lon="13.87201718975372" />
      <trkpt lat="53.004986463217506" lon="13.87246726354228" />
      <trkpt lat="53.0055481340851" lon="13.872950061164959" />
      <trkpt lat="53.00800168322422" lon="13.87509076290762" />
    </trkseg>
    <name>4 UM-12 BAR</name>
  </trk>
  <trk>
    <trkseg>
      <trkpt lat="53.023333150547984" lon="13.820839222225302" />
      <trkpt lat="53.0232040846594" lon="13.821504410060998" />
      <trkpt lat="53.02224898508223" lon="13.824808891567343" />
      <trkpt lat="53.022145729807335" lon="13.8258817751733" />
      <trkpt lat="53.02193921851608" lon="13.82695465877926" />
      <trkpt lat="53.0215907284705" lon="13.827662761959191" />
      <trkpt lat="53.02141002882007" lon="13.828070457729451" />
      <trkpt lat="53.02135840020952" lon="13.828993137630578" />
      <trkpt lat="53.02268781724351" lon="13.832490738185998" />
      <trkpt lat="53.0229814844532" lon="13.833696472932814" />
      <trkpt lat="53.02352356138758" lon="13.837408650209426" />
      <trkpt lat="53.02369134572487" lon="13.843738663484572" />
      <trkpt lat="53.02389784862876" lon="13.844554055025101" />
      <trkpt lat="53.024181788507576" lon="13.848416436006543" />
      <trkpt lat="53.02445282028478" lon="13.849360573579787" />
      <trkpt lat="53.02513684529313" lon="13.849939930727004" />
      <trkpt lat="53.025330435307296" lon="13.850605118562695" />
      <trkpt lat="53.025188469381874" lon="13.851527798463817" />
      <trkpt lat="53.0249045361293" lon="13.853051293184278" />
      <trkpt lat="53.024272132622514" lon="13.858093846132281" />
      <trkpt lat="53.024130163214096" lon="13.8590165260334" />
      <trkpt lat="53.024130163214096" lon="13.859703171541216" />
      <trkpt lat="53.024310851471" lon="13.860561478425982" />
      <trkpt lat="53.02447559598684" lon="13.861462700654991" />
      <trkpt lat="53.02410131375848" lon="13.866419422914511" />
      <trkpt lat="53.024193769313655" lon="13.867868390590228" />
      <trkpt lat="53.0245293321222" lon="13.869649377376115" />
      <trkpt lat="53.024658394045844" lon="13.871494737178361" />
    </trkseg>
    <name>5 UM-53 BAR</name>
  </trk>
  <trk>
    <trkseg>
      <trkpt lat="52.5779070228767" lon="13.671982442562244" />
      <trkpt lat="52.57623794232239" lon="13.693440114026547" />
      <trkpt lat="52.5755971486216" lon="13.70096778200186" />
      <trkpt lat="52.57284298557954" lon="13.71150779015388" />
      <trkpt lat="52.57392798012978" lon="13.715284340446848" />
      <trkpt lat="52.571278043685055" lon="13.717172615593334" />
      <trkpt lat="52.56940003968876" lon="13.721876138893457" />
      <trkpt lat="52.5688674618315" lon="13.7237120094828" />
      <trkpt lat="52.56815796378996" lon="13.727866215590867" />
      <trkpt lat="52.56801188994132" lon="13.728587192850203" />
      <trkpt lat="52.56849184697887" lon="13.728381199721728" />
    </trkseg>
    <name>52 BAR-2 MOL</name>
  </trk>
  <trk>
    <name>KP1-KP16</name>
    <trkseg>
      <trkpt lat="52.59571050" lon="13.15407520" />
      <trkpt lat="52.59575630" lon="13.15416830" />
      <trkpt lat="52.59565420" lon="13.15534310" />
      <trkpt lat="52.59547880" lon="13.15738410" />
      <trkpt lat="52.59545940" lon="13.15759610" />
      <trkpt lat="52.59538140" lon="13.15846920" />
      <trkpt lat="52.59537170" lon="13.15861880" />
      <trkpt lat="52.59543980" lon="13.15864190" />
      <trkpt lat="52.59549080" lon="13.15869920" />
      <trkpt lat="52.59573430" lon="13.15885010" />
      <trkpt lat="52.59589850" lon="13.15896940" />
      <trkpt lat="52.59601040" lon="13.15905940" />
      <trkpt lat="52.59608490" lon="13.15907820" />
      <trkpt lat="52.59620860" lon="13.15906190" />
      <trkpt lat="52.59762050" lon="13.15872070" />
      <trkpt lat="52.59769530" lon="13.15871430" />
      <trkpt lat="52.59776470" lon="13.15873530" />
      <trkpt lat="52.59783280" lon="13.15880650" />
      <trkpt lat="52.59788950" lon="13.15894200" />
      <trkpt lat="52.59802870" lon="13.15974790" />
      <trkpt lat="52.59817190" lon="13.16068260" />
      <trkpt lat="52.59838920" lon="13.16215160" />
      <trkpt lat="52.59845810" lon="13.16273140" />
      <trkpt lat="52.59867200" lon="13.16402370" />
      <trkpt lat="52.59869140" lon="13.16415740" />
      <trkpt lat="52.59868830" lon="13.16425140" />
      <trkpt lat="52.59866040" lon="13.16433960" />
      <trkpt lat="52.59858940" lon="13.16438700" />
      <trkpt lat="52.59843610" lon="13.16444560" />
      <trkpt lat="52.59776880" lon="13.16465100" />
      <trkpt lat="52.59749870" lon="13.16470290" />
      <trkpt lat="52.59709450" lon="13.16469710" />
      <trkpt lat="52.59703610" lon="13.16472970" />
      <trkpt lat="52.59699800" lon="13.16479920" />
      <trkpt lat="52.59691250" lon="13.16536180" />
      <trkpt lat="52.59687070" lon="13.16621660" />
      <trkpt lat="52.59690570" lon="13.16671090" />
      <trkpt lat="52.59696320" lon="13.16711520" />
      <trkpt lat="52.59698380" lon="13.16757910" />
      <trkpt lat="52.59694570" lon="13.16829820" />
      <trkpt lat="52.59675650" lon="13.16998380" />
      <trkpt lat="52.59659150" lon="13.17066640" />
      <trkpt lat="52.59658020" lon="13.17071330" />
      <trkpt lat="52.59642240" lon="13.17136640" />
      <trkpt lat="52.59625760" lon="13.17200400" />
      <trkpt lat="52.59603170" lon="13.17246590" />
      <trkpt lat="52.59537050" lon="13.17346640" />
      <trkpt lat="52.59529540" lon="13.17368420" />
      <trkpt lat="52.59506920" lon="13.17474500" />
      <trkpt lat="52.59501220" lon="13.17557470" />
      <trkpt lat="52.59500900" lon="13.17562180" />
      <trkpt lat="52.59490180" lon="13.17674400" />
      <trkpt lat="52.59484870" lon="13.17835690" />
      <trkpt lat="52.59467190" lon="13.17906250" />
      <trkpt lat="52.59405450" lon="13.18088000" />
      <trkpt lat="52.59393420" lon="13.18139000" />
      <trkpt lat="52.59366310" lon="13.18328450" />
      <trkpt lat="52.59341530" lon="13.18418660" />
      <trkpt lat="52.59317900" lon="13.18465970" />
      <trkpt lat="52.59246300" lon="13.18563000" />
      <trkpt lat="52.59226100" lon="13.18617790" />
      <trkpt lat="52.59165590" lon="13.18780280" />
      <trkpt lat="52.59118370" lon="13.18922490" />
      <trkpt lat="52.59068840" lon="13.19045790" />
      <trkpt lat="52.59031300" lon="13.19108450" />
      <trkpt lat="52.59024000" lon="13.19134200" />
      <trkpt lat="52.58924990" lon="13.19623850" />
      <trkpt lat="52.58922540" lon="13.19635960" />
      <trkpt lat="52.58900420" lon="13.19828570" />
      <trkpt lat="52.58891290" lon="13.19890130" />
      <trkpt lat="52.58877180" lon="13.19985290" />
      <trkpt lat="52.58863100" lon="13.20056530" />
      <trkpt lat="52.58805610" lon="13.20198490" />
      <trkpt lat="52.58797170" lon="13.20216530" />
      <trkpt lat="52.58795030" lon="13.20223980" />
      <trkpt lat="52.58791160" lon="13.20238690" />
      <trkpt lat="52.58788830" lon="13.20240590" />
      <trkpt lat="52.58781220" lon="13.20246770" />
      <trkpt lat="52.58758370" lon="13.20274660" />
      <trkpt lat="52.58720920" lon="13.20330590" />
      <trkpt lat="52.58695170" lon="13.20355070" />
      <trkpt lat="52.58669150" lon="13.20378560" />
      <trkpt lat="52.58614510" lon="13.20460220" />
      <trkpt lat="52.58610350" lon="13.20466170" />
      <trkpt lat="52.58565850" lon="13.20529840" />
      <trkpt lat="52.58458420" lon="13.20687810" />
      <trkpt lat="52.58445800" lon="13.20705820" />
      <trkpt lat="52.58440980" lon="13.20712690" />
      <trkpt lat="52.58450560" lon="13.20736750" />
      <trkpt lat="52.58500270" lon="13.20819900" />
      <trkpt lat="52.58546960" lon="13.20894200" />
      <trkpt lat="52.58550330" lon="13.20900610" />
      <trkpt lat="52.58551260" lon="13.20923110" />
      <trkpt lat="52.58550530" lon="13.20937820" />
      <trkpt lat="52.58543210" lon="13.20971300" />
      <trkpt lat="52.58543330" lon="13.20978850" />
      <trkpt lat="52.58547370" lon="13.20988140" />
      <trkpt lat="52.58554530" lon="13.21000600" />
      <trkpt lat="52.58568040" lon="13.21025410" />
      <trkpt lat="52.58571340" lon="13.21037210" />
      <trkpt lat="52.58572380" lon="13.21052310" />
      <trkpt lat="52.58563660" lon="13.21101170" />
      <trkpt lat="52.58554870" lon="13.21124370" />
      <trkpt lat="52.58549370" lon="13.21141170" />
      <trkpt lat="52.58545390" lon="13.21149330" />
      <trkpt lat="52.58544490" lon="13.21157540" />
      <trkpt lat="52.58546490" lon="13.21164970" />
      <trkpt lat="52.58561690" lon="13.21184940" />
      <trkpt lat="52.58568490" lon="13.21203380" />
      <trkpt lat="52.58574780" lon="13.21215890" />
      <trkpt lat="52.58584690" lon="13.21243360" />
      <trkpt lat="52.58588450" lon="13.21249580" />
      <trkpt lat="52.58598600" lon="13.21256110" />
      <trkpt lat="52.58607000" lon="13.21260540" />
      <trkpt lat="52.58617830" lon="13.21263770" />
      <trkpt lat="52.58668570" lon="13.21276530" />
      <trkpt lat="52.58700130" lon="13.21283220" />
      <trkpt lat="52.58718250" lon="13.21287610" />
      <trkpt lat="52.58721170" lon="13.21288320" />
      <trkpt lat="52.58730890" lon="13.21292410" />
      <trkpt lat="52.58738380" lon="13.21302580" />
      <trkpt lat="52.58750440" lon="13.21341540" />
      <trkpt lat="52.58757580" lon="13.21348550" />
      <trkpt lat="52.58766270" lon="13.21343240" />
      <trkpt lat="52.58785170" lon="13.21322290" />
      <trkpt lat="52.58799910" lon="13.21314960" />
      <trkpt lat="52.58816620" lon="13.21312640" />
      <trkpt lat="52.58836860" lon="13.21309820" />
      <trkpt lat="52.59005940" lon="13.21294210" />
      <trkpt lat="52.59067570" lon="13.21286680" />
      <trkpt lat="52.59104740" lon="13.21283360" />
      <trkpt lat="52.59134030" lon="13.21284540" />
      <trkpt lat="52.59201470" lon="13.21296350" />
      <trkpt lat="52.59277210" lon="13.21293570" />
      <trkpt lat="52.59283600" lon="13.21290140" />
      <trkpt lat="52.59506230" lon="13.20993130" />
      <trkpt lat="52.59526450" lon="13.20956100" />
      <trkpt lat="52.59551530" lon="13.20893070" />
      <trkpt lat="52.59583250" lon="13.20812710" />
      <trkpt lat="52.59636840" lon="13.20683910" />
      <trkpt lat="52.59639430" lon="13.20679660" />
      <trkpt lat="52.59653120" lon="13.20667210" />
      <trkpt lat="52.59658660" lon="13.20656690" />
      <trkpt lat="52.59668930" lon="13.20647980" />
      <trkpt lat="52.59672940" lon="13.20641780" />
      <trkpt lat="52.59676340" lon="13.20633960" />
      <trkpt lat="52.59714890" lon="13.20522790" />
      <trkpt lat="52.59747880" lon="13.20436880" />
      <trkpt lat="52.59756180" lon="13.20415270" />
      <trkpt lat="52.59758450" lon="13.20409530" />
      <trkpt lat="52.59766350" lon="13.20390170" />
      <trkpt lat="52.59772410" lon="13.20380210" />
      <trkpt lat="52.59795930" lon="13.20353950" />
      <trkpt lat="52.59806730" lon="13.20345970" />
      <trkpt lat="52.59838790" lon="13.20331220" />
      <trkpt lat="52.59846150" lon="13.20324170" />
      <trkpt lat="52.59850450" lon="13.20313160" />
      <trkpt lat="52.59862760" lon="13.20274040" />
      <trkpt lat="52.59878090" lon="13.20243640" />
      <trkpt lat="52.59907460" lon="13.20197650" />
      <trkpt lat="52.59913200" lon="13.20191810" />
      <trkpt lat="52.59920030" lon="13.20186610" />
      <trkpt lat="52.60023640" lon="13.20156310" />
      <trkpt lat="52.60032780" lon="13.20151840" />
      <trkpt lat="52.60042590" lon="13.20142640" />
      <trkpt lat="52.60049200" lon="13.20131470" />
      <trkpt lat="52.60060960" lon="13.20104630" />
      <trkpt lat="52.60067110" lon="13.20092760" />
      <trkpt lat="52.60074280" lon="13.20082990" />
      <trkpt lat="52.60082760" lon="13.20075490" />
      <trkpt lat="52.60105530" lon="13.20066010" />
      <trkpt lat="52.60221260" lon="13.20031260" />
      <trkpt lat="52.60239350" lon="13.20020580" />
      <trkpt lat="52.60276810" lon="13.19995240" />
      <trkpt lat="52.60299260" lon="13.19979630" />
      <trkpt lat="52.60310560" lon="13.19966820" />
      <trkpt lat="52.60332250" lon="13.19938110" />
      <trkpt lat="52.60342680" lon="13.19927900" />
      <trkpt lat="52.60350450" lon="13.19923200" />
      <trkpt lat="52.60360120" lon="13.19921690" />
      <trkpt lat="52.60372820" lon="13.19921690" />
      <trkpt lat="52.60381580" lon="13.19923580" />
      <trkpt lat="52.60408130" lon="13.19941860" />
      <trkpt lat="52.60462760" lon="13.19976060" />
      <trkpt lat="52.60479490" lon="13.19985130" />
      <trkpt lat="52.60488240" lon="13.19986420" />
      <trkpt lat="52.60498320" lon="13.19986560" />
      <trkpt lat="52.60505920" lon="13.19986290" />
      <trkpt lat="52.60511810" lon="13.19985100" />
      <trkpt lat="52.60520770" lon="13.19983280" />
      <trkpt lat="52.60534410" lon="13.19981640" />
      <trkpt lat="52.60584290" lon="13.19978750" />
      <trkpt lat="52.60604000" lon="13.19979520" />
      <trkpt lat="52.60615130" lon="13.19981550" />
      <trkpt lat="52.60626370" lon="13.19985740" />
      <trkpt lat="52.60652850" lon="13.19997190" />
      <trkpt lat="52.60679410" lon="13.20008670" />
      <trkpt lat="52.60689760" lon="13.20012280" />
      <trkpt lat="52.60693080" lon="13.20010650" />
      <trkpt lat="52.60696140" lon="13.20009150" />
      <trkpt lat="52.60724220" lon="13.20020540" />
      <trkpt lat="52.60739710" lon="13.20028130" />
      <trkpt lat="52.60749170" lon="13.20034060" />
      <trkpt lat="52.60767610" lon="13.20046980" />
      <trkpt lat="52.60786640" lon="13.20067370" />
      <trkpt lat="52.60808340" lon="13.20100420" />
      <trkpt lat="52.60813110" lon="13.20107670" />
      <trkpt lat="52.60827700" lon="13.20130220" />
      <trkpt lat="52.60832450" lon="13.20137570" />
      <trkpt lat="52.60855160" lon="13.20175650" />
      <trkpt lat="52.60872690" lon="13.20209640" />
      <trkpt lat="52.60885950" lon="13.20235480" />
      <trkpt lat="52.60899280" lon="13.20264210" />
      <trkpt lat="52.60915080" lon="13.20297620" />
      <trkpt lat="52.60929130" lon="13.20321030" />
      <trkpt lat="52.60938260" lon="13.20333940" />
      <trkpt lat="52.60947040" lon="13.20343610" />
      <trkpt lat="52.60968710" lon="13.20362260" />
      <trkpt lat="52.60969490" lon="13.20368910" />
      <trkpt lat="52.60985860" lon="13.20381290" />
      <trkpt lat="52.61013170" lon="13.20394440" />
      <trkpt lat="52.61031850" lon="13.20398750" />
      <trkpt lat="52.61050850" lon="13.20399140" />
      <trkpt lat="52.61067820" lon="13.20395870" />
      <trkpt lat="52.61087250" lon="13.20392660" />
      <trkpt lat="52.61089020" lon="13.20392550" />
      <trkpt lat="52.61093440" lon="13.20396770" />
      <trkpt lat="52.61100970" lon="13.20396870" />
      <trkpt lat="52.61113820" lon="13.20400650" />
      <trkpt lat="52.61126630" lon="13.20407750" />
      <trkpt lat="52.61139660" lon="13.20421090" />
      <trkpt lat="52.61148020" lon="13.20435670" />
      <trkpt lat="52.61154950" lon="13.20450270" />
      <trkpt lat="52.61162050" lon="13.20480910" />
      <trkpt lat="52.61164480" lon="13.20501570" />
      <trkpt lat="52.61167060" lon="13.20506200" />
      <trkpt lat="52.61172880" lon="13.20508480" />
      <trkpt lat="52.61213030" lon="13.20497570" />
      <trkpt lat="52.61264350" lon="13.20487280" />
      <trkpt lat="52.61293890" lon="13.20484370" />
      <trkpt lat="52.61316350" lon="13.20482990" />
      <trkpt lat="52.61351410" lon="13.20481640" />
      <trkpt lat="52.61356400" lon="13.20476440" />
      <trkpt lat="52.61357880" lon="13.20472740" />
      <trkpt lat="52.61359030" lon="13.20469870" />
      <trkpt lat="52.61360150" lon="13.20463950" />
      <trkpt lat="52.61361110" lon="13.20451380" />
      <trkpt lat="52.61361760" lon="13.20443140" />
      <trkpt lat="52.61721450" lon="13.20427510" />
      <trkpt lat="52.61722110" lon="13.20434850" />
      <trkpt lat="52.61722900" lon="13.20443910" />
      <trkpt lat="52.61724560" lon="13.20448340" />
    </trkseg>
  </trk>
  <trk>
    <name>KP13-KP86</name>
    <trkseg>
      <trkpt lat="53.23093210" lon="12.66355300" />
      <trkpt lat="53.23074550" lon="12.66461190" />
      <trkpt lat="53.23060890" lon="12.66535710" />
      <trkpt lat="53.23048720" lon="12.66593080" />
      <trkpt lat="53.22996980" lon="12.66765310" />
      <trkpt lat="53.22968990" lon="12.66868480" />
      <trkpt lat="53.22935740" lon="12.66978190" />
      <trkpt lat="53.22864400" lon="12.67186340" />
      <trkpt lat="53.22799660" lon="12.67318720" />
      <trkpt lat="53.22768770" lon="12.67388360" />
      <trkpt lat="53.22748380" lon="12.67428120" />
      <trkpt lat="53.22720050" lon="12.67463800" />
      <trkpt lat="53.22669440" lon="12.67493900" />
      <trkpt lat="53.22614430" lon="12.67517910" />
      <trkpt lat="53.22577360" lon="12.67537240" />
      <trkpt lat="53.22550410" lon="12.67560890" />
      <trkpt lat="53.22542360" lon="12.67575770" />
      <trkpt lat="53.22539610" lon="12.67597580" />
      <trkpt lat="53.22542740" lon="12.67643080" />
      <trkpt lat="53.22543050" lon="12.67679420" />
      <trkpt lat="53.22541730" lon="12.67722550" />
      <trkpt lat="53.22536420" lon="12.67757930" />
      <trkpt lat="53.22532770" lon="12.67780200" />
      <trkpt lat="53.22527080" lon="12.67800750" />
      <trkpt lat="53.22523990" lon="12.67805110" />
      <trkpt lat="53.22520870" lon="12.67809510" />
      <trkpt lat="53.22516060" lon="12.67823630" />
      <trkpt lat="53.22515810" lon="12.67841090" />
      <trkpt lat="53.22509230" lon="12.67882160" />
      <trkpt lat="53.22472870" lon="12.67962690" />
      <trkpt lat="53.22444720" lon="12.68005430" />
      <trkpt lat="53.22436230" lon="12.68060220" />
      <trkpt lat="53.22428350" lon="12.68145850" />
      <trkpt lat="53.22421700" lon="12.68237490" />
      <trkpt lat="53.22417030" lon="12.68299540" />
      <trkpt lat="53.22403770" lon="12.68457550" />
      <trkpt lat="53.22385090" lon="12.68653290" />
      <trkpt lat="53.22381390" lon="12.68674970" />
      <trkpt lat="53.22377140" lon="12.68688620" />
      <trkpt lat="53.22272840" lon="12.68955060" />
      <trkpt lat="53.22235480" lon="12.69043820" />
      <trkpt lat="53.22154700" lon="12.69261490" />
      <trkpt lat="53.21997610" lon="12.69680650" />
      <trkpt lat="53.21954260" lon="12.69825130" />
      <trkpt lat="53.21880270" lon="12.70086270" />
      <trkpt lat="53.21814220" lon="12.70308820" />
      <trkpt lat="53.21799760" lon="12.70346680" />
      <trkpt lat="53.21768000" lon="12.70373030" />
      <trkpt lat="53.21722730" lon="12.70425540" />
      <trkpt lat="53.21649560" lon="12.70522070" />
      <trkpt lat="53.21565390" lon="12.70603120" />
      <trkpt lat="53.21441350" lon="12.70738280" />
      <trkpt lat="53.21434320" lon="12.70753440" />
      <trkpt lat="53.21427310" lon="12.70808260" />
      <trkpt lat="53.21384280" lon="12.71233730" />
      <trkpt lat="53.21383530" lon="12.71301540" />
      <trkpt lat="53.21383250" lon="12.71326790" />
      <trkpt lat="53.21369760" lon="12.71436080" />
      <trkpt lat="53.21367610" lon="12.71479540" />
      <trkpt lat="53.21326830" lon="12.71929120" />
      <trkpt lat="53.21314970" lon="12.72031240" />
      <trkpt lat="53.21300560" lon="12.72210440" />
      <trkpt lat="53.21300330" lon="12.72232000" />
      <trkpt lat="53.21287260" lon="12.72386650" />
      <trkpt lat="53.21276930" lon="12.72502400" />
      <trkpt lat="53.21263500" lon="12.72573800" />
      <trkpt lat="53.21193690" lon="12.72777630" />
      <trkpt lat="53.21177560" lon="12.72817410" />
      <trkpt lat="53.21151840" lon="12.72894580" />
      <trkpt lat="53.21084080" lon="12.73088890" />
      <trkpt lat="53.21083150" lon="12.73091500" />
      <trkpt lat="53.21066120" lon="12.73142110" />
      <trkpt lat="53.21022820" lon="12.73270220" />
      <trkpt lat="53.21023610" lon="12.73281300" />
      <trkpt lat="53.21022940" lon="12.73283090" />
      <trkpt lat="53.21015050" lon="12.73304160" />
      <trkpt lat="53.20935820" lon="12.73512360" />
      <trkpt lat="53.20925980" lon="12.73540690" />
      <trkpt lat="53.20922170" lon="12.73561740" />
      <trkpt lat="53.20895200" lon="12.73703160" />
      <trkpt lat="53.20884620" lon="12.73763520" />
      <trkpt lat="53.20877640" lon="12.73807580" />
      <trkpt lat="53.20859380" lon="12.73902880" />
      <trkpt lat="53.20844870" lon="12.73981380" />
      <trkpt lat="53.20787170" lon="12.73944110" />
      <trkpt lat="53.20775050" lon="12.73936930" />
      <trkpt lat="53.20728190" lon="12.73902670" />
      <trkpt lat="53.20715340" lon="12.73903930" />
      <trkpt lat="53.20579460" lon="12.73780830" />
      <trkpt lat="53.20220880" lon="12.73456820" />
      <trkpt lat="53.20030750" lon="12.73278770" />
      <trkpt lat="53.20019810" lon="12.73264530" />
      <trkpt lat="53.19996330" lon="12.73248390" />
      <trkpt lat="53.19986610" lon="12.73247880" />
      <trkpt lat="53.19977560" lon="12.73258070" />
      <trkpt lat="53.19974720" lon="12.73268110" />
      <trkpt lat="53.19974770" lon="12.73297770" />
      <trkpt lat="53.19971450" lon="12.73430610" />
      <trkpt lat="53.19969540" lon="12.73479300" />
      <trkpt lat="53.19968310" lon="12.73926740" />
      <trkpt lat="53.19958830" lon="12.73975020" />
      <trkpt lat="53.19914640" lon="12.74099740" />
      <trkpt lat="53.19902370" lon="12.74142050" />
      <trkpt lat="53.19890510" lon="12.74214930" />
      <trkpt lat="53.19869860" lon="12.74365120" />
      <trkpt lat="53.19849170" lon="12.74477430" />
      <trkpt lat="53.19828080" lon="12.74571660" />
      <trkpt lat="53.19803460" lon="12.74682120" />
      <trkpt lat="53.19783640" lon="12.74730200" />
      <trkpt lat="53.19741310" lon="12.74807010" />
      <trkpt lat="53.19710780" lon="12.74862410" />
      <trkpt lat="53.19669600" lon="12.74977710" />
      <trkpt lat="53.19659360" lon="12.75024830" />
      <trkpt lat="53.19648760" lon="12.75089860" />
      <trkpt lat="53.19638700" lon="12.75206100" />
      <trkpt lat="53.19636450" lon="12.75287050" />
      <trkpt lat="53.19638880" lon="12.75333960" />
      <trkpt lat="53.19634340" lon="12.75415170" />
      <trkpt lat="53.19613410" lon="12.75529200" />
      <trkpt lat="53.19600580" lon="12.75614050" />
      <trkpt lat="53.19572210" lon="12.75732070" />
      <trkpt lat="53.19554900" lon="12.75805640" />
      <trkpt lat="53.19542730" lon="12.75841660" />
      <trkpt lat="53.19534350" lon="12.75861260" />
      <trkpt lat="53.19499950" lon="12.75905860" />
      <trkpt lat="53.19480840" lon="12.75926440" />
      <trkpt lat="53.19012730" lon="12.76277540" />
      <trkpt lat="53.18904730" lon="12.76393410" />
      <trkpt lat="53.18875030" lon="12.76422140" />
      <trkpt lat="53.18843010" lon="12.76423450" />
      <trkpt lat="53.18593600" lon="12.76361110" />
      <trkpt lat="53.18579250" lon="12.76358130" />
      <trkpt lat="53.18551710" lon="12.76354990" />
      <trkpt lat="53.18539160" lon="12.76417570" />
      <trkpt lat="53.18527640" lon="12.76421350" />
      <trkpt lat="53.18517890" lon="12.76424550" />
      <trkpt lat="53.18494770" lon="12.76423560" />
      <trkpt lat="53.18401810" lon="12.76437020" />
      <trkpt lat="53.18320200" lon="12.76478800" />
      <trkpt lat="53.18239400" lon="12.76521880" />
      <trkpt lat="53.18165260" lon="12.76572970" />
      <trkpt lat="53.18089000" lon="12.76616360" />
      <trkpt lat="53.18058980" lon="12.76625150" />
      <trkpt lat="53.17968640" lon="12.76682020" />
      <trkpt lat="53.17865440" lon="12.76700250" />
      <trkpt lat="53.17828790" lon="12.76707760" />
      <trkpt lat="53.17773890" lon="12.76733880" />
      <trkpt lat="53.17745650" lon="12.76740530" />
      <trkpt lat="53.17690440" lon="12.76745320" />
      <trkpt lat="53.17636530" lon="12.76772670" />
      <trkpt lat="53.17546820" lon="12.76805400" />
      <trkpt lat="53.17487660" lon="12.76925560" />
      <trkpt lat="53.17450680" lon="12.77066640" />
      <trkpt lat="53.17415640" lon="12.77144430" />
      <trkpt lat="53.17369340" lon="12.77183050" />
      <trkpt lat="53.17276730" lon="12.77234550" />
      <trkpt lat="53.17227530" lon="12.77219530" />
      <trkpt lat="53.17202820" lon="12.77198140" />
      <trkpt lat="53.17185360" lon="12.77179810" />
      <trkpt lat="53.17134310" lon="12.77124780" />
      <trkpt lat="53.17105320" lon="12.77095730" />
      <trkpt lat="53.17072430" lon="12.77069500" />
      <trkpt lat="53.16883740" lon="12.76886830" />
      <trkpt lat="53.16851180" lon="12.76860340" />
      <trkpt lat="53.16759090" lon="12.76868790" />
      <trkpt lat="53.16747190" lon="12.76881670" />
      <trkpt lat="53.16738830" lon="12.76884350" />
      <trkpt lat="53.16609550" lon="12.76906070" />
      <trkpt lat="53.16578510" lon="12.76908760" />
      <trkpt lat="53.16550370" lon="12.76909290" />
      <trkpt lat="53.16545870" lon="12.76907400" />
      <trkpt lat="53.16541430" lon="12.76904480" />
      <trkpt lat="53.16540160" lon="12.76891300" />
      <trkpt lat="53.16529370" lon="12.76890490" />
      <trkpt lat="53.16494780" lon="12.76882770" />
      <trkpt lat="53.16475400" lon="12.76874990" />
      <trkpt lat="53.16417810" lon="12.76847430" />
      <trkpt lat="53.16409750" lon="12.76849210" />
      <trkpt lat="53.16395900" lon="12.76861030" />
      <trkpt lat="53.16380260" lon="12.76822670" />
      <trkpt lat="53.16377070" lon="12.76815570" />
      <trkpt lat="53.16366790" lon="12.76789820" />
      <trkpt lat="53.16345580" lon="12.76775210" />
      <trkpt lat="53.16322440" lon="12.76767960" />
      <trkpt lat="53.16308300" lon="12.76772010" />
      <trkpt lat="53.16266780" lon="12.76793720" />
      <trkpt lat="53.16215430" lon="12.76834650" />
      <trkpt lat="53.16157090" lon="12.76863760" />
      <trkpt lat="53.16133420" lon="12.76876440" />
      <trkpt lat="53.16113040" lon="12.76891590" />
      <trkpt lat="53.16079570" lon="12.76915650" />
      <trkpt lat="53.16052040" lon="12.76932210" />
      <trkpt lat="53.16037140" lon="12.76941170" />
      <trkpt lat="53.16023330" lon="12.76949480" />
      <trkpt lat="53.16015960" lon="12.76953730" />
      <trkpt lat="53.15994390" lon="12.76965460" />
      <trkpt lat="53.15980310" lon="12.76964330" />
      <trkpt lat="53.15911150" lon="12.76927080" />
      <trkpt lat="53.15842790" lon="12.76898730" />
      <trkpt lat="53.15831420" lon="12.76894020" />
      <trkpt lat="53.15825920" lon="12.76886800" />
      <trkpt lat="53.15821490" lon="12.76878850" />
      <trkpt lat="53.15799560" lon="12.76844600" />
      <trkpt lat="53.15797450" lon="12.76838410" />
      <trkpt lat="53.15784800" lon="12.76810350" />
      <trkpt lat="53.15747090" lon="12.76799140" />
      <trkpt lat="53.15741900" lon="12.76794850" />
      <trkpt lat="53.15708320" lon="12.76762690" />
      <trkpt lat="53.15678620" lon="12.76733820" />
      <trkpt lat="53.15673380" lon="12.76728720" />
      <trkpt lat="53.15650940" lon="12.76735130" />
      <trkpt lat="53.15615520" lon="12.76746410" />
      <trkpt lat="53.15592850" lon="12.76755910" />
      <trkpt lat="53.15576410" lon="12.76766440" />
      <trkpt lat="53.15556900" lon="12.76783610" />
      <trkpt lat="53.15542260" lon="12.76798300" />
      <trkpt lat="53.15533820" lon="12.76800110" />
      <trkpt lat="53.15528250" lon="12.76798270" />
    </trkseg>
  </trk>
  <trk>
    <name>KP14-KP56</name>
    <trkseg>
      <trkpt lat="52.87650080" lon="12.62709170" />
      <trkpt lat="52.87650240" lon="12.62701930" />
      <trkpt lat="52.87657370" lon="12.62690290" />
      <trkpt lat="52.87660950" lon="12.62634980" />
      <trkpt lat="52.87666080" lon="12.62546330" />
      <trkpt lat="52.87669950" lon="12.62482360" />
      <trkpt lat="52.87672950" lon="12.62427050" />
      <trkpt lat="52.87676140" lon="12.62363560" />
      <trkpt lat="52.87679180" lon="12.62302890" />
      <trkpt lat="52.87679920" lon="12.62288220" />
      <trkpt lat="52.87676050" lon="12.62270910" />
      <trkpt lat="52.87674810" lon="12.62261510" />
      <trkpt lat="52.87677210" lon="12.62256480" />
      <trkpt lat="52.87685940" lon="12.62258100" />
      <trkpt lat="52.87692610" lon="12.62259330" />
      <trkpt lat="52.87699080" lon="12.62254290" />
      <trkpt lat="52.87695570" lon="12.62221740" />
      <trkpt lat="52.87699380" lon="12.62142580" />
      <trkpt lat="52.87703190" lon="12.62080230" />
      <trkpt lat="52.87701290" lon="12.62067330" />
      <trkpt lat="52.87702690" lon="12.61986580" />
      <trkpt lat="52.87707870" lon="12.61883180" />
      <trkpt lat="52.87713290" lon="12.61854890" />
      <trkpt lat="52.87731420" lon="12.61542540" />
      <trkpt lat="52.87736360" lon="12.61504720" />
      <trkpt lat="52.87735230" lon="12.61464630" />
      <trkpt lat="52.87741380" lon="12.61329840" />
      <trkpt lat="52.87742520" lon="12.61267440" />
      <trkpt lat="52.87741540" lon="12.61228190" />
      <trkpt lat="52.87738870" lon="12.61189700" />
      <trkpt lat="52.87732310" lon="12.61122240" />
      <trkpt lat="52.87722410" lon="12.61053590" />
      <trkpt lat="52.87712890" lon="12.61006500" />
      <trkpt lat="52.87704710" lon="12.60975260" />
      <trkpt lat="52.87670620" lon="12.60857890" />
      <trkpt lat="52.87669580" lon="12.60856300" />
      <trkpt lat="52.87662870" lon="12.60850400" />
      <trkpt lat="52.87659470" lon="12.60845680" />
      <trkpt lat="52.87651620" lon="12.60816070" />
      <trkpt lat="52.87625880" lon="12.60706770" />
      <trkpt lat="52.87624820" lon="12.60696440" />
      <trkpt lat="52.87626850" lon="12.60667880" />
      <trkpt lat="52.87612850" lon="12.60597470" />
      <trkpt lat="52.87596980" lon="12.60501440" />
      <trkpt lat="52.87581760" lon="12.60399790" />
      <trkpt lat="52.87567360" lon="12.60296260" />
      <trkpt lat="52.87557480" lon="12.60197550" />
      <trkpt lat="52.87548090" lon="12.60089720" />
      <trkpt lat="52.87532070" lon="12.59876490" />
      <trkpt lat="52.87509730" lon="12.59655210" />
      <trkpt lat="52.87495720" lon="12.59545100" />
      <trkpt lat="52.87482200" lon="12.59447870" />
      <trkpt lat="52.87434770" lon="12.59134590" />
      <trkpt lat="52.87412590" lon="12.58986000" />
      <trkpt lat="52.87403690" lon="12.58905260" />
      <trkpt lat="52.87396730" lon="12.58809770" />
      <trkpt lat="52.87392680" lon="12.58693370" />
      <trkpt lat="52.87389440" lon="12.58541290" />
      <trkpt lat="52.87389770" lon="12.58487640" />
      <trkpt lat="52.87390900" lon="12.58474230" />
      <trkpt lat="52.87390580" lon="12.58453040" />
      <trkpt lat="52.87393980" lon="12.58150220" />
      <trkpt lat="52.87396890" lon="12.57860810" />
      <trkpt lat="52.87398020" lon="12.57710610" />
      <trkpt lat="52.87399320" lon="12.57641400" />
      <trkpt lat="52.87401260" lon="12.57601980" />
      <trkpt lat="52.87410490" lon="12.57356820" />
      <trkpt lat="52.87412380" lon="12.57300800" />
      <trkpt lat="52.87406470" lon="12.57299810" />
      <trkpt lat="52.87400900" lon="12.57298830" />
      <trkpt lat="52.87398320" lon="12.57297980" />
      <trkpt lat="52.87405920" lon="12.57125330" />
      <trkpt lat="52.87406200" lon="12.57119020" />
      <trkpt lat="52.87414770" lon="12.57001870" />
      <trkpt lat="52.87424650" lon="12.56881270" />
      <trkpt lat="52.87437320" lon="12.56762980" />
      <trkpt lat="52.87440860" lon="12.56763980" />
      <trkpt lat="52.87443690" lon="12.56743120" />
      <trkpt lat="52.87442410" lon="12.56716580" />
      <trkpt lat="52.87443030" lon="12.56705210" />
      <trkpt lat="52.87444530" lon="12.56695990" />
      <trkpt lat="52.87453370" lon="12.56667150" />
      <trkpt lat="52.87454320" lon="12.56660010" />
      <trkpt lat="52.87470390" lon="12.56539840" />
      <trkpt lat="52.87474700" lon="12.56527540" />
      <trkpt lat="52.87481420" lon="12.56512080" />
      <trkpt lat="52.87485280" lon="12.56497980" />
      <trkpt lat="52.87484310" lon="12.56493420" />
      <trkpt lat="52.87477510" lon="12.56490470" />
      <trkpt lat="52.87470870" lon="12.56489130" />
      <trkpt lat="52.87468280" lon="12.56484570" />
      <trkpt lat="52.87467800" lon="12.56476790" />
      <trkpt lat="52.87498720" lon="12.56250950" />
      <trkpt lat="52.87519760" lon="12.56103960" />
      <trkpt lat="52.87533200" lon="12.56011690" />
      <trkpt lat="52.87542590" lon="12.55959120" />
      <trkpt lat="52.87589860" lon="12.55675210" />
      <trkpt lat="52.87616550" lon="12.55514750" />
      <trkpt lat="52.87626280" lon="12.55457280" />
      <trkpt lat="52.87651700" lon="12.55306810" />
      <trkpt lat="52.87674520" lon="12.55168410" />
      <trkpt lat="52.87705770" lon="12.54978240" />
      <trkpt lat="52.87716340" lon="12.54905900" />
      <trkpt lat="52.87723900" lon="12.54834200" />
      <trkpt lat="52.87747040" lon="12.54550700" />
      <trkpt lat="52.87761290" lon="12.54359720" />
      <trkpt lat="52.87776020" lon="12.54150240" />
      <trkpt lat="52.87780070" lon="12.54051800" />
      <trkpt lat="52.87779100" lon="12.53968390" />
      <trkpt lat="52.87773270" lon="12.53889800" />
      <trkpt lat="52.87761610" lon="12.53800480" />
      <trkpt lat="52.87748340" lon="12.53727790" />
      <trkpt lat="52.87728910" lon="12.53641160" />
      <trkpt lat="52.87709770" lon="12.53547890" />
      <trkpt lat="52.87688400" lon="12.53448520" />
      <trkpt lat="52.87656230" lon="12.53308560" />
      <trkpt lat="52.87636480" lon="12.53218710" />
      <trkpt lat="52.87628710" lon="12.53168280" />
      <trkpt lat="52.87623370" lon="12.53118400" />
      <trkpt lat="52.87616150" lon="12.53031020" />
      <trkpt lat="52.87615840" lon="12.53026000" />
      <trkpt lat="52.87621180" lon="12.53025250" />
      <trkpt lat="52.87626440" lon="12.53024520" />
      <trkpt lat="52.87623450" lon="12.52973690" />
      <trkpt lat="52.87622070" lon="12.52949680" />
      <trkpt lat="52.87617700" lon="12.52886650" />
      <trkpt lat="52.87615090" lon="12.52845860" />
      <trkpt lat="52.87610500" lon="12.52838100" />
      <trkpt lat="52.87595640" lon="12.52627280" />
      <trkpt lat="52.87574970" lon="12.52343640" />
      <trkpt lat="52.87573180" lon="12.52322450" />
      <trkpt lat="52.87568330" lon="12.52287980" />
      <trkpt lat="52.87565580" lon="12.52276450" />
      <trkpt lat="52.87561120" lon="12.52267730" />
      <trkpt lat="52.87559750" lon="12.52256470" />
      <trkpt lat="52.87558860" lon="12.52238770" />
      <trkpt lat="52.87552540" lon="12.52206040" />
      <trkpt lat="52.87539510" lon="12.52139390" />
      <trkpt lat="52.87535300" lon="12.52095800" />
      <trkpt lat="52.87534090" lon="12.52061870" />
      <trkpt lat="52.87535150" lon="12.52032810" />
      <trkpt lat="52.87539350" lon="12.51996960" />
      <trkpt lat="52.87546150" lon="12.51954850" />
      <trkpt lat="52.87562990" lon="12.51847030" />
      <trkpt lat="52.87567840" lon="12.51806260" />
      <trkpt lat="52.87574150" lon="12.51721280" />
      <trkpt lat="52.87577880" lon="12.51649350" />
      <trkpt lat="52.87579980" lon="12.51613410" />
      <trkpt lat="52.87580150" lon="12.51590070" />
      <trkpt lat="52.87579340" lon="12.51558960" />
      <trkpt lat="52.87577960" lon="12.51540320" />
      <trkpt lat="52.87571890" lon="12.51525300" />
      <trkpt lat="52.87568570" lon="12.51506390" />
      <trkpt lat="52.87560860" lon="12.51465990" />
      <trkpt lat="52.87559180" lon="12.51454760" />
      <trkpt lat="52.87554570" lon="12.51430750" />
      <trkpt lat="52.87547440" lon="12.51403530" />
      <trkpt lat="52.87530690" lon="12.51351220" />
      <trkpt lat="52.87512880" lon="12.51313270" />
      <trkpt lat="52.87493620" lon="12.51280410" />
      <trkpt lat="52.87044930" lon="12.50577810" />
      <trkpt lat="52.87039990" lon="12.50559430" />
      <trkpt lat="52.87032780" lon="12.50545490" />
      <trkpt lat="52.87004210" lon="12.50501100" />
      <trkpt lat="52.86992870" lon="12.50484730" />
      <trkpt lat="52.86985100" lon="12.50473600" />
      <trkpt lat="52.86968260" lon="12.50454690" />
      <trkpt lat="52.86928260" lon="12.50410510" />
      <trkpt lat="52.86889640" lon="12.50372680" />
      <trkpt lat="52.86843540" lon="12.50315550" />
      <trkpt lat="52.86835580" lon="12.50304220" />
      <trkpt lat="52.86824970" lon="12.50297780" />
      <trkpt lat="52.86804010" lon="12.50266400" />
      <trkpt lat="52.86782690" lon="12.50228380" />
      <trkpt lat="52.86778430" lon="12.50220670" />
      <trkpt lat="52.86773810" lon="12.50214500" />
      <trkpt lat="52.86758510" lon="12.50205520" />
      <trkpt lat="52.86753730" lon="12.50197200" />
      <trkpt lat="52.86733090" lon="12.50130010" />
      <trkpt lat="52.86689450" lon="12.49975520" />
      <trkpt lat="52.86625190" lon="12.49757900" />
      <trkpt lat="52.86619340" lon="12.49718960" />
      <trkpt lat="52.86615860" lon="12.49705280" />
      <trkpt lat="52.86610440" lon="12.49687980" />
      <trkpt lat="52.86597730" lon="12.49663040" />
      <trkpt lat="52.86558710" lon="12.49532470" />
      <trkpt lat="52.86499030" lon="12.49321590" />
      <trkpt lat="52.86497740" lon="12.49306710" />
      <trkpt lat="52.86494310" lon="12.49292930" />
      <trkpt lat="52.86490080" lon="12.49276420" />
      <trkpt lat="52.86485280" lon="12.49250090" />
      <trkpt lat="52.86449730" lon="12.49125410" />
      <trkpt lat="52.86445200" lon="12.49132090" />
      <trkpt lat="52.86405510" lon="12.49197690" />
      <trkpt lat="52.86386360" lon="12.49228800" />
      <trkpt lat="52.86364040" lon="12.49268290" />
      <trkpt lat="52.86278680" lon="12.49418720" />
      <trkpt lat="52.86254820" lon="12.49466170" />
      <trkpt lat="52.86235390" lon="12.49518290" />
      <trkpt lat="52.86219030" lon="12.49579160" />
      <trkpt lat="52.86190490" lon="12.49712950" />
      <trkpt lat="52.86159980" lon="12.49866840" />
      <trkpt lat="52.86148540" lon="12.49907580" />
      <trkpt lat="52.86135300" lon="12.49944740" />
      <trkpt lat="52.86105100" lon="12.50006020" />
      <trkpt lat="52.86066970" lon="12.50062090" />
      <trkpt lat="52.85995680" lon="12.50172670" />
      <trkpt lat="52.85967570" lon="12.50208490" />
      <trkpt lat="52.85829870" lon="12.50403390" />
      <trkpt lat="52.85642180" lon="12.50669120" />
      <trkpt lat="52.85618260" lon="12.50711860" />
      <trkpt lat="52.85605340" lon="12.50738510" />
      <trkpt lat="52.85592560" lon="12.50781350" />
      <trkpt lat="52.85517100" lon="12.51112880" />
      <trkpt lat="52.85503070" lon="12.51164860" />
      <trkpt lat="52.85498810" lon="12.51190210" />
      <trkpt lat="52.85477560" lon="12.51294410" />
      <trkpt lat="52.85461530" lon="12.51362470" />
      <trkpt lat="52.85392760" lon="12.51654330" />
      <trkpt lat="52.85362970" lon="12.51781840" />
      <trkpt lat="52.85354810" lon="12.51813960" />
      <trkpt lat="52.85217150" lon="12.52400650" />
      <trkpt lat="52.85186960" lon="12.52529290" />
      <trkpt lat="52.85161740" lon="12.52637040" />
      <trkpt lat="52.85156270" lon="12.52660390" />
      <trkpt lat="52.85151230" lon="12.52681950" />
      <trkpt lat="52.85145760" lon="12.52705310" />
      <trkpt lat="52.85144410" lon="12.52711070" />
      <trkpt lat="52.85130520" lon="12.52770410" />
      <trkpt lat="52.85126980" lon="12.52785530" />
      <trkpt lat="52.85124830" lon="12.52794710" />
      <trkpt lat="52.85008180" lon="12.53293000" />
      <trkpt lat="52.85005810" lon="12.53303130" />
      <trkpt lat="52.84991060" lon="12.53339670" />
      <trkpt lat="52.84980950" lon="12.53399450" />
      <trkpt lat="52.84977340" lon="12.53426900" />
      <trkpt lat="52.84972930" lon="12.53460410" />
      <trkpt lat="52.84968540" lon="12.53507150" />
      <trkpt lat="52.84969550" lon="12.53549780" />
      <trkpt lat="52.84969440" lon="12.53579810" />
      <trkpt lat="52.84969430" lon="12.53581950" />
      <trkpt lat="52.84967790" lon="12.53620910" />
      <trkpt lat="52.84963290" lon="12.53651760" />
      <trkpt lat="52.84955610" lon="12.53683420" />
      <trkpt lat="52.84940570" lon="12.53731460" />
      <trkpt lat="52.84925390" lon="12.53778630" />
      <trkpt lat="52.84921120" lon="12.53806350" />
      <trkpt lat="52.84917820" lon="12.53841920" />
      <trkpt lat="52.84912890" lon="12.53916510" />
      <trkpt lat="52.84912270" lon="12.53927680" />
      <trkpt lat="52.84910790" lon="12.53954140" />
      <trkpt lat="52.84906860" lon="12.54000210" />
      <trkpt lat="52.84902760" lon="12.54027000" />
      <trkpt lat="52.84902170" lon="12.54029520" />
      <trkpt lat="52.84891580" lon="12.54075360" />
      <trkpt lat="52.84888360" lon="12.54080910" />
      <trkpt lat="52.84870880" lon="12.54114430" />
      <trkpt lat="52.84811790" lon="12.54345650" />
      <trkpt lat="52.84780040" lon="12.54469870" />
      <trkpt lat="52.84772590" lon="12.54497270" />
      <trkpt lat="52.84756120" lon="12.54557870" />
      <trkpt lat="52.84701940" lon="12.54753640" />
      <trkpt lat="52.84681980" lon="12.54828810" />
      <trkpt lat="52.84599300" lon="12.55150770" />
      <trkpt lat="52.84589770" lon="12.55180370" />
      <trkpt lat="52.84580630" lon="12.55200100" />
      <trkpt lat="52.84571500" lon="12.55217200" />
      <trkpt lat="52.84476220" lon="12.55387680" />
      <trkpt lat="52.84209100" lon="12.55859150" />
      <trkpt lat="52.84173220" lon="12.55922470" />
      <trkpt lat="52.83940450" lon="12.56332290" />
      <trkpt lat="52.83638950" lon="12.56867650" />
      <trkpt lat="52.83606540" lon="12.56925580" />
      <trkpt lat="52.83572950" lon="12.56962860" />
      <trkpt lat="52.83544640" lon="12.56979300" />
      <trkpt lat="52.83523780" lon="12.56986700" />
      <trkpt lat="52.83110790" lon="12.57160100" />
      <trkpt lat="52.82858330" lon="12.57274010" />
      <trkpt lat="52.82835130" lon="12.57284030" />
      <trkpt lat="52.82769550" lon="12.57312340" />
      <trkpt lat="52.82659080" lon="12.57363430" />
      <trkpt lat="52.82609610" lon="12.57384780" />
      <trkpt lat="52.82554010" lon="12.57395290" />
      <trkpt lat="52.82504290" lon="12.57414130" />
      <trkpt lat="52.82486830" lon="12.57426180" />
      <trkpt lat="52.82478160" lon="12.57417470" />
    </trkseg>
  </trk>
  <trk>
    <name>KP14-KP57</name>
    <trkseg>
      <trkpt lat="52.87650080" lon="12.62709170" />
      <trkpt lat="52.87650240" lon="12.62701930" />
      <trkpt lat="52.87657370" lon="12.62690290" />
      <trkpt lat="52.87660950" lon="12.62634980" />
      <trkpt lat="52.87666080" lon="12.62546330" />
      <trkpt lat="52.87669950" lon="12.62482360" />
      <trkpt lat="52.87672950" lon="12.62427050" />
      <trkpt lat="52.87676140" lon="12.62363560" />
      <trkpt lat="52.87679180" lon="12.62302890" />
      <trkpt lat="52.87679920" lon="12.62288220" />
      <trkpt lat="52.87676050" lon="12.62270910" />
      <trkpt lat="52.87674810" lon="12.62261510" />
      <trkpt lat="52.87677210" lon="12.62256480" />
      <trkpt lat="52.87685940" lon="12.62258100" />
      <trkpt lat="52.87692610" lon="12.62259330" />
      <trkpt lat="52.87699080" lon="12.62254290" />
      <trkpt lat="52.87695570" lon="12.62221740" />
      <trkpt lat="52.87699380" lon="12.62142580" />
      <trkpt lat="52.87703190" lon="12.62080230" />
      <trkpt lat="52.87701290" lon="12.62067330" />
      <trkpt lat="52.87702690" lon="12.61986580" />
      <trkpt lat="52.87707870" lon="12.61883180" />
      <trkpt lat="52.87713290" lon="12.61854890" />
      <trkpt lat="52.87731420" lon="12.61542540" />
      <trkpt lat="52.87736360" lon="12.61504720" />
      <trkpt lat="52.87735230" lon="12.61464630" />
      <trkpt lat="52.87741380" lon="12.61329840" />
      <trkpt lat="52.87742520" lon="12.61267440" />
      <trkpt lat="52.87741540" lon="12.61228190" />
      <trkpt lat="52.87738870" lon="12.61189700" />
      <trkpt lat="52.87732310" lon="12.61122240" />
      <trkpt lat="52.87722410" lon="12.61053590" />
      <trkpt lat="52.87712890" lon="12.61006500" />
      <trkpt lat="52.87704710" lon="12.60975260" />
      <trkpt lat="52.87670620" lon="12.60857890" />
      <trkpt lat="52.87669580" lon="12.60856300" />
      <trkpt lat="52.87662870" lon="12.60850400" />
      <trkpt lat="52.87659470" lon="12.60845680" />
      <trkpt lat="52.87651620" lon="12.60816070" />
      <trkpt lat="52.87625880" lon="12.60706770" />
      <trkpt lat="52.87624820" lon="12.60696440" />
      <trkpt lat="52.87626850" lon="12.60667880" />
      <trkpt lat="52.87612850" lon="12.60597470" />
      <trkpt lat="52.87596980" lon="12.60501440" />
      <trkpt lat="52.87581760" lon="12.60399790" />
      <trkpt lat="52.87567360" lon="12.60296260" />
      <trkpt lat="52.87557480" lon="12.60197550" />
      <trkpt lat="52.87548090" lon="12.60089720" />
      <trkpt lat="52.87532070" lon="12.59876490" />
      <trkpt lat="52.87509730" lon="12.59655210" />
      <trkpt lat="52.87495720" lon="12.59545100" />
      <trkpt lat="52.87482200" lon="12.59447870" />
      <trkpt lat="52.87434770" lon="12.59134590" />
      <trkpt lat="52.87412590" lon="12.58986000" />
      <trkpt lat="52.87403690" lon="12.58905260" />
      <trkpt lat="52.87396730" lon="12.58809770" />
      <trkpt lat="52.87392680" lon="12.58693370" />
      <trkpt lat="52.87389440" lon="12.58541290" />
      <trkpt lat="52.87389770" lon="12.58487640" />
      <trkpt lat="52.87390900" lon="12.58474230" />
      <trkpt lat="52.87390580" lon="12.58453040" />
      <trkpt lat="52.87393980" lon="12.58150220" />
      <trkpt lat="52.87396890" lon="12.57860810" />
      <trkpt lat="52.87398020" lon="12.57710610" />
      <trkpt lat="52.87399320" lon="12.57641400" />
      <trkpt lat="52.87401260" lon="12.57601980" />
      <trkpt lat="52.87410490" lon="12.57356820" />
      <trkpt lat="52.87412380" lon="12.57300800" />
      <trkpt lat="52.87406470" lon="12.57299810" />
      <trkpt lat="52.87400900" lon="12.57298830" />
      <trkpt lat="52.87398320" lon="12.57297980" />
      <trkpt lat="52.87405920" lon="12.57125330" />
      <trkpt lat="52.87406200" lon="12.57119020" />
      <trkpt lat="52.87414770" lon="12.57001870" />
      <trkpt lat="52.87424650" lon="12.56881270" />
      <trkpt lat="52.87437320" lon="12.56762980" />
      <trkpt lat="52.87440860" lon="12.56763980" />
      <trkpt lat="52.87443690" lon="12.56743120" />
      <trkpt lat="52.87442410" lon="12.56716580" />
      <trkpt lat="52.87443030" lon="12.56705210" />
      <trkpt lat="52.87444530" lon="12.56695990" />
      <trkpt lat="52.87453370" lon="12.56667150" />
      <trkpt lat="52.87454320" lon="12.56660010" />
      <trkpt lat="52.87470390" lon="12.56539840" />
      <trkpt lat="52.87474700" lon="12.56527540" />
      <trkpt lat="52.87481420" lon="12.56512080" />
      <trkpt lat="52.87485280" lon="12.56497980" />
      <trkpt lat="52.87484310" lon="12.56493420" />
      <trkpt lat="52.87477510" lon="12.56490470" />
      <trkpt lat="52.87470870" lon="12.56489130" />
      <trkpt lat="52.87468280" lon="12.56484570" />
      <trkpt lat="52.87467800" lon="12.56476790" />
      <trkpt lat="52.87498720" lon="12.56250950" />
      <trkpt lat="52.87519760" lon="12.56103960" />
      <trkpt lat="52.87533200" lon="12.56011690" />
      <trkpt lat="52.87542590" lon="12.55959120" />
      <trkpt lat="52.87589860" lon="12.55675210" />
      <trkpt lat="52.87616550" lon="12.55514750" />
      <trkpt lat="52.87626280" lon="12.55457280" />
      <trkpt lat="52.87651700" lon="12.55306810" />
      <trkpt lat="52.87674520" lon="12.55168410" />
      <trkpt lat="52.87705770" lon="12.54978240" />
      <trkpt lat="52.87716340" lon="12.54905900" />
      <trkpt lat="52.87723900" lon="12.54834200" />
      <trkpt lat="52.87747040" lon="12.54550700" />
      <trkpt lat="52.87761290" lon="12.54359720" />
      <trkpt lat="52.87776020" lon="12.54150240" />
      <trkpt lat="52.87780070" lon="12.54051800" />
      <trkpt lat="52.87779100" lon="12.53968390" />
      <trkpt lat="52.87773270" lon="12.53889800" />
      <trkpt lat="52.87761610" lon="12.53800480" />
      <trkpt lat="52.87748340" lon="12.53727790" />
      <trkpt lat="52.87728910" lon="12.53641160" />
      <trkpt lat="52.87709770" lon="12.53547890" />
      <trkpt lat="52.87688400" lon="12.53448520" />
      <trkpt lat="52.87656230" lon="12.53308560" />
      <trkpt lat="52.87636480" lon="12.53218710" />
      <trkpt lat="52.87628710" lon="12.53168280" />
      <trkpt lat="52.87623370" lon="12.53118400" />
      <trkpt lat="52.87616150" lon="12.53031020" />
      <trkpt lat="52.87615840" lon="12.53026000" />
      <trkpt lat="52.87621180" lon="12.53025250" />
      <trkpt lat="52.87626440" lon="12.53024520" />
      <trkpt lat="52.87623450" lon="12.52973690" />
      <trkpt lat="52.87622070" lon="12.52949680" />
      <trkpt lat="52.87617700" lon="12.52886650" />
      <trkpt lat="52.87615090" lon="12.52845860" />
      <trkpt lat="52.87610500" lon="12.52838100" />
      <trkpt lat="52.87595640" lon="12.52627280" />
      <trkpt lat="52.87574970" lon="12.52343640" />
      <trkpt lat="52.87573180" lon="12.52322450" />
      <trkpt lat="52.87568330" lon="12.52287980" />
      <trkpt lat="52.87565580" lon="12.52276450" />
      <trkpt lat="52.87561120" lon="12.52267730" />
      <trkpt lat="52.87559750" lon="12.52256470" />
      <trkpt lat="52.87558860" lon="12.52238770" />
      <trkpt lat="52.87552540" lon="12.52206040" />
      <trkpt lat="52.87539510" lon="12.52139390" />
      <trkpt lat="52.87535300" lon="12.52095800" />
      <trkpt lat="52.87534090" lon="12.52061870" />
      <trkpt lat="52.87535150" lon="12.52032810" />
      <trkpt lat="52.87539350" lon="12.51996960" />
      <trkpt lat="52.87546150" lon="12.51954850" />
      <trkpt lat="52.87562990" lon="12.51847030" />
      <trkpt lat="52.87567840" lon="12.51806260" />
      <trkpt lat="52.87574150" lon="12.51721280" />
      <trkpt lat="52.87577880" lon="12.51649350" />
      <trkpt lat="52.87579980" lon="12.51613410" />
      <trkpt lat="52.87580150" lon="12.51590070" />
      <trkpt lat="52.87579340" lon="12.51558960" />
      <trkpt lat="52.87577960" lon="12.51540320" />
      <trkpt lat="52.87571890" lon="12.51525300" />
      <trkpt lat="52.87568570" lon="12.51506390" />
      <trkpt lat="52.87560860" lon="12.51465990" />
      <trkpt lat="52.87559180" lon="12.51454760" />
      <trkpt lat="52.87554570" lon="12.51430750" />
      <trkpt lat="52.87547440" lon="12.51403530" />
      <trkpt lat="52.87530690" lon="12.51351220" />
      <trkpt lat="52.87512880" lon="12.51313270" />
      <trkpt lat="52.87493620" lon="12.51280410" />
      <trkpt lat="52.87044930" lon="12.50577810" />
      <trkpt lat="52.87039990" lon="12.50559430" />
      <trkpt lat="52.87032780" lon="12.50545490" />
      <trkpt lat="52.87004210" lon="12.50501100" />
      <trkpt lat="52.86992870" lon="12.50484730" />
      <trkpt lat="52.86985100" lon="12.50473600" />
      <trkpt lat="52.86968260" lon="12.50454690" />
      <trkpt lat="52.86928260" lon="12.50410510" />
      <trkpt lat="52.86889640" lon="12.50372680" />
      <trkpt lat="52.86843540" lon="12.50315550" />
      <trkpt lat="52.86835580" lon="12.50304220" />
      <trkpt lat="52.86824970" lon="12.50297780" />
      <trkpt lat="52.86804010" lon="12.50266400" />
      <trkpt lat="52.86782690" lon="12.50228380" />
      <trkpt lat="52.86778430" lon="12.50220670" />
      <trkpt lat="52.86773810" lon="12.50214500" />
      <trkpt lat="52.86758510" lon="12.50205520" />
      <trkpt lat="52.86753730" lon="12.50197200" />
      <trkpt lat="52.86733090" lon="12.50130010" />
      <trkpt lat="52.86689450" lon="12.49975520" />
      <trkpt lat="52.86625190" lon="12.49757900" />
      <trkpt lat="52.86619340" lon="12.49718960" />
      <trkpt lat="52.86615860" lon="12.49705280" />
      <trkpt lat="52.86610440" lon="12.49687980" />
      <trkpt lat="52.86597730" lon="12.49663040" />
      <trkpt lat="52.86558710" lon="12.49532470" />
      <trkpt lat="52.86499030" lon="12.49321590" />
      <trkpt lat="52.86497740" lon="12.49306710" />
      <trkpt lat="52.86494310" lon="12.49292930" />
      <trkpt lat="52.86490080" lon="12.49276420" />
      <trkpt lat="52.86485280" lon="12.49250090" />
      <trkpt lat="52.86449730" lon="12.49125410" />
      <trkpt lat="52.86452360" lon="12.49114640" />
      <trkpt lat="52.86455640" lon="12.49110020" />
      <trkpt lat="52.86458820" lon="12.49105540" />
      <trkpt lat="52.86467470" lon="12.49084270" />
      <trkpt lat="52.86500320" lon="12.48988470" />
      <trkpt lat="52.86506940" lon="12.48967530" />
      <trkpt lat="52.86499670" lon="12.48955210" />
      <trkpt lat="52.86496940" lon="12.48950580" />
      <trkpt lat="52.86492940" lon="12.48944750" />
      <trkpt lat="52.86497610" lon="12.48936430" />
      <trkpt lat="52.86511450" lon="12.48910820" />
      <trkpt lat="52.86523720" lon="12.48881290" />
      <trkpt lat="52.86530720" lon="12.48864820" />
      <trkpt lat="52.86538640" lon="12.48842080" />
      <trkpt lat="52.86542050" lon="12.48831160" />
      <trkpt lat="52.86550960" lon="12.48798700" />
      <trkpt lat="52.86559700" lon="12.48753510" />
      <trkpt lat="52.86569020" lon="12.48704730" />
      <trkpt lat="52.86571040" lon="12.48690480" />
      <trkpt lat="52.86587070" lon="12.48602770" />
      <trkpt lat="52.86601470" lon="12.48549820" />
      <trkpt lat="52.86602500" lon="12.48546030" />
      <trkpt lat="52.86601720" lon="12.48536520" />
      <trkpt lat="52.86602130" lon="12.48524580" />
      <trkpt lat="52.86602420" lon="12.48508890" />
      <trkpt lat="52.86600980" lon="12.48503320" />
      <trkpt lat="52.86606550" lon="12.48499100" />
      <trkpt lat="52.86611460" lon="12.48495470" />
      <trkpt lat="52.86615160" lon="12.48492130" />
      <trkpt lat="52.86629530" lon="12.48501450" />
      <trkpt lat="52.86631510" lon="12.48506380" />
      <trkpt lat="52.86633860" lon="12.48514460" />
      <trkpt lat="52.86636090" lon="12.48521830" />
    </trkseg>
  </trk>
  <trk>
    <name>KP2-KP11</name>
    <trkseg>
      <trkpt lat="52.60809800" lon="13.12113230" />
      <trkpt lat="52.60829650" lon="13.12115890" />
      <trkpt lat="52.60875230" lon="13.12123990" />
      <trkpt lat="52.60913120" lon="13.12131940" />
      <trkpt lat="52.61025740" lon="13.12145380" />
      <trkpt lat="52.61111330" lon="13.12157920" />
      <trkpt lat="52.61134450" lon="13.12163030" />
      <trkpt lat="52.61152110" lon="13.12168920" />
      <trkpt lat="52.61180360" lon="13.12181240" />
      <trkpt lat="52.61204550" lon="13.12194900" />
      <trkpt lat="52.61233580" lon="13.12217220" />
      <trkpt lat="52.61260350" lon="13.12243380" />
      <trkpt lat="52.61291730" lon="13.12275140" />
      <trkpt lat="52.61331260" lon="13.12318150" />
      <trkpt lat="52.61365590" lon="13.12357600" />
      <trkpt lat="52.61400140" lon="13.12398860" />
      <trkpt lat="52.61439520" lon="13.12448950" />
      <trkpt lat="52.61469670" lon="13.12489640" />
      <trkpt lat="52.61491040" lon="13.12519120" />
      <trkpt lat="52.61515380" lon="13.12556700" />
      <trkpt lat="52.61520210" lon="13.12565750" />
      <trkpt lat="52.61527940" lon="13.12582060" />
      <trkpt lat="52.61539100" lon="13.12614070" />
      <trkpt lat="52.61543990" lon="13.12629100" />
      <trkpt lat="52.61571140" lon="13.12732160" />
      <trkpt lat="52.61580180" lon="13.12765370" />
      <trkpt lat="52.61585280" lon="13.12783060" />
      <trkpt lat="52.61588050" lon="13.12797170" />
      <trkpt lat="52.61605750" lon="13.12844850" />
      <trkpt lat="52.61622440" lon="13.12880710" />
      <trkpt lat="52.61765890" lon="13.13164630" />
      <trkpt lat="52.61850680" lon="13.13331150" />
      <trkpt lat="52.61967600" lon="13.13562870" />
      <trkpt lat="52.62037590" lon="13.13701410" />
      <trkpt lat="52.62075260" lon="13.13774180" />
      <trkpt lat="52.62097600" lon="13.13816590" />
      <trkpt lat="52.62123880" lon="13.13864640" />
      <trkpt lat="52.62171460" lon="13.13949280" />
      <trkpt lat="52.62195950" lon="13.13993980" />
      <trkpt lat="52.62209500" lon="13.14018560" />
      <trkpt lat="52.62217630" lon="13.14031530" />
      <trkpt lat="52.62233980" lon="13.14055450" />
      <trkpt lat="52.62241680" lon="13.14069720" />
      <trkpt lat="52.62330390" lon="13.14229720" />
      <trkpt lat="52.62342700" lon="13.14249320" />
      <trkpt lat="52.62357270" lon="13.14270460" />
      <trkpt lat="52.62379270" lon="13.14297700" />
      <trkpt lat="52.62382010" lon="13.14300560" />
      <trkpt lat="52.62409890" lon="13.14329630" />
      <trkpt lat="52.62443960" lon="13.14354610" />
      <trkpt lat="52.62458240" lon="13.14363960" />
      <trkpt lat="52.62475340" lon="13.14372590" />
      <trkpt lat="52.62494850" lon="13.14380240" />
      <trkpt lat="52.62509370" lon="13.14384610" />
      <trkpt lat="52.62548220" lon="13.14398630" />
      <trkpt lat="52.62565330" lon="13.14405940" />
      <trkpt lat="52.62578800" lon="13.14411250" />
      <trkpt lat="52.62596350" lon="13.14415540" />
      <trkpt lat="52.62605220" lon="13.14416800" />
      <trkpt lat="52.62627410" lon="13.14419940" />
      <trkpt lat="52.62641250" lon="13.14422840" />
      <trkpt lat="52.62650630" lon="13.14423450" />
      <trkpt lat="52.62660600" lon="13.14422870" />
      <trkpt lat="52.62670560" lon="13.14420550" />
      <trkpt lat="52.62732420" lon="13.14394530" />
      <trkpt lat="52.62962320" lon="13.14321020" />
      <trkpt lat="52.62978010" lon="13.14318460" />
      <trkpt lat="52.62995960" lon="13.14318620" />
      <trkpt lat="52.63002190" lon="13.14319140" />
      <trkpt lat="52.63030450" lon="13.14321490" />
      <trkpt lat="52.63055910" lon="13.14330970" />
      <trkpt lat="52.63076820" lon="13.14359440" />
      <trkpt lat="52.63126240" lon="13.14408210" />
      <trkpt lat="52.63155140" lon="13.14423770" />
      <trkpt lat="52.63161910" lon="13.14432550" />
      <trkpt lat="52.63250020" lon="13.14546850" />
      <trkpt lat="52.63268210" lon="13.14566160" />
      <trkpt lat="52.63283920" lon="13.14580840" />
      <trkpt lat="52.63324470" lon="13.14609370" />
      <trkpt lat="52.63367810" lon="13.14636890" />
      <trkpt lat="52.63443450" lon="13.14690440" />
      <trkpt lat="52.63688620" lon="13.14837840" />
      <trkpt lat="52.63745350" lon="13.14868280" />
      <trkpt lat="52.63762450" lon="13.14869050" />
      <trkpt lat="52.63784210" lon="13.14879450" />
      <trkpt lat="52.63790630" lon="13.14882270" />
      <trkpt lat="52.63790250" lon="13.14885590" />
      <trkpt lat="52.63789350" lon="13.14892950" />
      <trkpt lat="52.63790300" lon="13.14900970" />
      <trkpt lat="52.63793090" lon="13.14905600" />
      <trkpt lat="52.63798740" lon="13.14908870" />
      <trkpt lat="52.63818240" lon="13.14914180" />
      <trkpt lat="52.63847230" lon="13.14926320" />
      <trkpt lat="52.63871950" lon="13.14935180" />
      <trkpt lat="52.63925430" lon="13.14949330" />
      <trkpt lat="52.63964630" lon="13.14955900" />
      <trkpt lat="52.63987770" lon="13.14956020" />
      <trkpt lat="52.63998960" lon="13.14955360" />
      <trkpt lat="52.64010960" lon="13.14956280" />
      <trkpt lat="52.64022330" lon="13.14960110" />
      <trkpt lat="52.64036090" lon="13.14966280" />
      <trkpt lat="52.64073270" lon="13.14971420" />
      <trkpt lat="52.64081000" lon="13.14971370" />
      <trkpt lat="52.64087820" lon="13.14969220" />
      <trkpt lat="52.64096780" lon="13.14964070" />
      <trkpt lat="52.64102880" lon="13.14962290" />
      <trkpt lat="52.64105550" lon="13.14965960" />
      <trkpt lat="52.64108970" lon="13.14973940" />
      <trkpt lat="52.64110940" lon="13.14986140" />
      <trkpt lat="52.64099170" lon="13.15131220" />
      <trkpt lat="52.64090060" lon="13.15232500" />
      <trkpt lat="52.64085960" lon="13.15275800" />
      <trkpt lat="52.64081330" lon="13.15311990" />
      <trkpt lat="52.64079260" lon="13.15323600" />
      <trkpt lat="52.64073390" lon="13.15346980" />
      <trkpt lat="52.64057590" lon="13.15406780" />
      <trkpt lat="52.64046160" lon="13.15459090" />
      <trkpt lat="52.64016350" lon="13.15592740" />
      <trkpt lat="52.63988810" lon="13.15729190" />
      <trkpt lat="52.63968220" lon="13.15823280" />
      <trkpt lat="52.63963490" lon="13.15851230" />
      <trkpt lat="52.63961770" lon="13.15884080" />
      <trkpt lat="52.63965510" lon="13.15924620" />
      <trkpt lat="52.63970150" lon="13.15966590" />
      <trkpt lat="52.63974830" lon="13.16000360" />
      <trkpt lat="52.63983660" lon="13.16070570" />
      <trkpt lat="52.63986450" lon="13.16094500" />
      <trkpt lat="52.63994870" lon="13.16139460" />
      <trkpt lat="52.64009780" lon="13.16226750" />
      <trkpt lat="52.64030020" lon="13.16323590" />
      <trkpt lat="52.64047380" lon="13.16418670" />
      <trkpt lat="52.64053470" lon="13.16448160" />
      <trkpt lat="52.64059760" lon="13.16484820" />
      <trkpt lat="52.64075370" lon="13.16570780" />
      <trkpt lat="52.64079940" lon="13.16669220" />
      <trkpt lat="52.64083480" lon="13.16722060" />
      <trkpt lat="52.64087720" lon="13.16790840" />
      <trkpt lat="52.64091750" lon="13.16855530" />
      <trkpt lat="52.64090330" lon="13.16880740" />
      <trkpt lat="52.64090350" lon="13.16890570" />
      <trkpt lat="52.64092430" lon="13.16927430" />
      <trkpt lat="52.64093100" lon="13.16974910" />
      <trkpt lat="52.64086150" lon="13.17027540" />
      <trkpt lat="52.64086720" lon="13.17043140" />
      <trkpt lat="52.64087010" lon="13.17050870" />
      <trkpt lat="52.64079160" lon="13.17152550" />
      <trkpt lat="52.64076620" lon="13.17181600" />
      <trkpt lat="52.64069580" lon="13.17238290" />
      <trkpt lat="52.64054770" lon="13.17375380" />
      <trkpt lat="52.64014470" lon="13.17739070" />
      <trkpt lat="52.64011750" lon="13.17768810" />
      <trkpt lat="52.63970020" lon="13.18139080" />
      <trkpt lat="52.63952620" lon="13.18288600" />
      <trkpt lat="52.63926020" lon="13.18530930" />
      <trkpt lat="52.63924650" lon="13.18543450" />
      <trkpt lat="52.63919550" lon="13.18541810" />
      <trkpt lat="52.63914650" lon="13.18598470" />
      <trkpt lat="52.63905760" lon="13.18701340" />
      <trkpt lat="52.63890100" lon="13.18851720" />
      <trkpt lat="52.63869380" lon="13.19049860" />
      <trkpt lat="52.63864360" lon="13.19075620" />
      <trkpt lat="52.63858520" lon="13.19090960" />
      <trkpt lat="52.63848220" lon="13.19104630" />
      <trkpt lat="52.63787070" lon="13.19169160" />
      <trkpt lat="52.63784520" lon="13.19174770" />
      <trkpt lat="52.63779610" lon="13.19203330" />
      <trkpt lat="52.63773650" lon="13.19250130" />
      <trkpt lat="52.63772740" lon="13.19269020" />
      <trkpt lat="52.63770660" lon="13.19287280" />
      <trkpt lat="52.63757510" lon="13.19348890" />
      <trkpt lat="52.63746430" lon="13.19458410" />
      <trkpt lat="52.63739510" lon="13.19492640" />
      <trkpt lat="52.63737720" lon="13.19506940" />
      <trkpt lat="52.63729820" lon="13.19570210" />
      <trkpt lat="52.63722190" lon="13.19605730" />
      <trkpt lat="52.63718050" lon="13.19624980" />
      <trkpt lat="52.63711560" lon="13.19639750" />
      <trkpt lat="52.63703510" lon="13.19658060" />
      <trkpt lat="52.63687580" lon="13.19677460" />
      <trkpt lat="52.63681580" lon="13.19687800" />
      <trkpt lat="52.63672350" lon="13.19703700" />
      <trkpt lat="52.63668040" lon="13.19735950" />
      <trkpt lat="52.63664040" lon="13.19815500" />
      <trkpt lat="52.63658500" lon="13.19885090" />
      <trkpt lat="52.63656840" lon="13.19910210" />
      <trkpt lat="52.63638380" lon="13.19905000" />
      <trkpt lat="52.63606750" lon="13.19898810" />
      <trkpt lat="52.63595670" lon="13.19895900" />
      <trkpt lat="52.63594680" lon="13.19906320" />
      <trkpt lat="52.63606430" lon="13.19909100" />
      <trkpt lat="52.63605610" lon="13.19921090" />
      <trkpt lat="52.63603160" lon="13.19957260" />
      <trkpt lat="52.63595580" lon="13.20068660" />
      <trkpt lat="52.63595480" lon="13.20071380" />
      <trkpt lat="52.63595190" lon="13.20079410" />
      <trkpt lat="52.63594270" lon="13.20104620" />
      <trkpt lat="52.63593730" lon="13.20116430" />
      <trkpt lat="52.63593220" lon="13.20162160" />
      <trkpt lat="52.63595230" lon="13.20208840" />
      <trkpt lat="52.63596190" lon="13.20229620" />
      <trkpt lat="52.63598500" lon="13.20274070" />
      <trkpt lat="52.63599080" lon="13.20285180" />
      <trkpt lat="52.63602850" lon="13.20326580" />
      <trkpt lat="52.63605870" lon="13.20359670" />
      <trkpt lat="52.63611750" lon="13.20404870" />
      <trkpt lat="52.63615820" lon="13.20436960" />
    </trkseg>
  </trk>
  <trk>
    <name>KP2-KP28</name>
    <trkseg>
      <trkpt lat="52.60809800" lon="13.12113230" />
      <trkpt lat="52.60829650" lon="13.12115890" />
      <trkpt lat="52.60875230" lon="13.12123990" />
      <trkpt lat="52.60913120" lon="13.12131940" />
      <trkpt lat="52.61025740" lon="13.12145380" />
      <trkpt lat="52.61111330" lon="13.12157920" />
      <trkpt lat="52.61134450" lon="13.12163030" />
      <trkpt lat="52.61152110" lon="13.12168920" />
      <trkpt lat="52.61180360" lon="13.12181240" />
      <trkpt lat="52.61204550" lon="13.12194900" />
      <trkpt lat="52.61233580" lon="13.12217220" />
      <trkpt lat="52.61260350" lon="13.12243380" />
      <trkpt lat="52.61291730" lon="13.12275140" />
      <trkpt lat="52.61331260" lon="13.12318150" />
      <trkpt lat="52.61365590" lon="13.12357600" />
      <trkpt lat="52.61400140" lon="13.12398860" />
      <trkpt lat="52.61439520" lon="13.12448950" />
      <trkpt lat="52.61469670" lon="13.12489640" />
      <trkpt lat="52.61491040" lon="13.12519120" />
      <trkpt lat="52.61515380" lon="13.12556700" />
      <trkpt lat="52.61520210" lon="13.12565750" />
      <trkpt lat="52.61527940" lon="13.12582060" />
      <trkpt lat="52.61539100" lon="13.12614070" />
      <trkpt lat="52.61543990" lon="13.12629100" />
      <trkpt lat="52.61571140" lon="13.12732160" />
      <trkpt lat="52.61580180" lon="13.12765370" />
      <trkpt lat="52.61585280" lon="13.12783060" />
      <trkpt lat="52.61588050" lon="13.12797170" />
      <trkpt lat="52.61605750" lon="13.12844850" />
      <trkpt lat="52.61622440" lon="13.12880710" />
      <trkpt lat="52.61765890" lon="13.13164630" />
      <trkpt lat="52.61850680" lon="13.13331150" />
      <trkpt lat="52.61967600" lon="13.13562870" />
      <trkpt lat="52.62037590" lon="13.13701410" />
      <trkpt lat="52.62075260" lon="13.13774180" />
      <trkpt lat="52.62097600" lon="13.13816590" />
      <trkpt lat="52.62123880" lon="13.13864640" />
      <trkpt lat="52.62171460" lon="13.13949280" />
      <trkpt lat="52.62195950" lon="13.13993980" />
      <trkpt lat="52.62209500" lon="13.14018560" />
      <trkpt lat="52.62217630" lon="13.14031530" />
      <trkpt lat="52.62233980" lon="13.14055450" />
      <trkpt lat="52.62241680" lon="13.14069720" />
      <trkpt lat="52.62330390" lon="13.14229720" />
      <trkpt lat="52.62342700" lon="13.14249320" />
      <trkpt lat="52.62357270" lon="13.14270460" />
      <trkpt lat="52.62379270" lon="13.14297700" />
      <trkpt lat="52.62382010" lon="13.14300560" />
      <trkpt lat="52.62409890" lon="13.14329630" />
      <trkpt lat="52.62443960" lon="13.14354610" />
      <trkpt lat="52.62458240" lon="13.14363960" />
      <trkpt lat="52.62475340" lon="13.14372590" />
      <trkpt lat="52.62494850" lon="13.14380240" />
      <trkpt lat="52.62509370" lon="13.14384610" />
      <trkpt lat="52.62548220" lon="13.14398630" />
      <trkpt lat="52.62565330" lon="13.14405940" />
      <trkpt lat="52.62578800" lon="13.14411250" />
      <trkpt lat="52.62596350" lon="13.14415540" />
      <trkpt lat="52.62605220" lon="13.14416800" />
      <trkpt lat="52.62627410" lon="13.14419940" />
      <trkpt lat="52.62641250" lon="13.14422840" />
      <trkpt lat="52.62650630" lon="13.14423450" />
      <trkpt lat="52.62660600" lon="13.14422870" />
      <trkpt lat="52.62670560" lon="13.14420550" />
      <trkpt lat="52.62732420" lon="13.14394530" />
      <trkpt lat="52.62962320" lon="13.14321020" />
      <trkpt lat="52.62978010" lon="13.14318460" />
      <trkpt lat="52.62995960" lon="13.14318620" />
      <trkpt lat="52.63002190" lon="13.14319140" />
      <trkpt lat="52.63030450" lon="13.14321490" />
      <trkpt lat="52.63055910" lon="13.14330970" />
      <trkpt lat="52.63076820" lon="13.14359440" />
      <trkpt lat="52.63126240" lon="13.14408210" />
      <trkpt lat="52.63155140" lon="13.14423770" />
      <trkpt lat="52.63161910" lon="13.14432550" />
      <trkpt lat="52.63250020" lon="13.14546850" />
      <trkpt lat="52.63268210" lon="13.14566160" />
      <trkpt lat="52.63283920" lon="13.14580840" />
      <trkpt lat="52.63324470" lon="13.14609370" />
      <trkpt lat="52.63367810" lon="13.14636890" />
      <trkpt lat="52.63443450" lon="13.14690440" />
      <trkpt lat="52.63688620" lon="13.14837840" />
      <trkpt lat="52.63745350" lon="13.14868280" />
      <trkpt lat="52.63762450" lon="13.14869050" />
      <trkpt lat="52.63784210" lon="13.14879450" />
      <trkpt lat="52.63790630" lon="13.14882270" />
      <trkpt lat="52.63813050" lon="13.14891800" />
      <trkpt lat="52.63849210" lon="13.14904700" />
      <trkpt lat="52.63894110" lon="13.14914950" />
      <trkpt lat="52.63933890" lon="13.14921550" />
      <trkpt lat="52.63976370" lon="13.14925350" />
      <trkpt lat="52.64028350" lon="13.14925090" />
      <trkpt lat="52.64059190" lon="13.14922980" />
      <trkpt lat="52.64089830" lon="13.14918130" />
      <trkpt lat="52.64120770" lon="13.14910960" />
      <trkpt lat="52.64125170" lon="13.14909450" />
      <trkpt lat="52.64168660" lon="13.14896360" />
      <trkpt lat="52.64211260" lon="13.14881830" />
      <trkpt lat="52.64248490" lon="13.14864370" />
      <trkpt lat="52.64284800" lon="13.14846400" />
      <trkpt lat="52.64330910" lon="13.14821520" />
      <trkpt lat="52.64440280" lon="13.14755740" />
      <trkpt lat="52.64458560" lon="13.14747990" />
      <trkpt lat="52.64595330" lon="13.14663750" />
      <trkpt lat="52.64663720" lon="13.14620610" />
      <trkpt lat="52.64751960" lon="13.14565410" />
      <trkpt lat="52.64787340" lon="13.14544100" />
      <trkpt lat="52.64831270" lon="13.14517790" />
      <trkpt lat="52.64860120" lon="13.14499050" />
      <trkpt lat="52.64863030" lon="13.14497180" />
      <trkpt lat="52.64861850" lon="13.14490350" />
      <trkpt lat="52.64860210" lon="13.14483050" />
      <trkpt lat="52.64886540" lon="13.14466740" />
      <trkpt lat="52.64899030" lon="13.14458150" />
      <trkpt lat="52.64924480" lon="13.14439440" />
      <trkpt lat="52.64926760" lon="13.14437610" />
      <trkpt lat="52.64967990" lon="13.14404700" />
      <trkpt lat="52.64984640" lon="13.14392600" />
      <trkpt lat="52.65005040" lon="13.14377790" />
      <trkpt lat="52.65025080" lon="13.14363470" />
      <trkpt lat="52.65060330" lon="13.14338280" />
      <trkpt lat="52.65062480" lon="13.14336610" />
      <trkpt lat="52.65064360" lon="13.14335060" />
      <trkpt lat="52.65073290" lon="13.14328190" />
    </trkseg>
  </trk>
  <trk>
    <name>KP23-KP37</name>
    <trkseg>
      <trkpt lat="53.06701560" lon="12.54987370" />
      <trkpt lat="53.06656620" lon="12.55023570" />
      <trkpt lat="53.06643060" lon="12.55038900" />
      <trkpt lat="53.06629660" lon="12.55059410" />
      <trkpt lat="53.06613280" lon="12.55102110" />
      <trkpt lat="53.06607720" lon="12.55116960" />
      <trkpt lat="53.06602720" lon="12.55129820" />
      <trkpt lat="53.06603550" lon="12.55144280" />
      <trkpt lat="53.06605850" lon="12.55156180" />
      <trkpt lat="53.06612410" lon="12.55176510" />
      <trkpt lat="53.06654280" lon="12.55215050" />
      <trkpt lat="53.06691830" lon="12.55247820" />
      <trkpt lat="53.06699390" lon="12.55249510" />
      <trkpt lat="53.06711310" lon="12.55242020" />
      <trkpt lat="53.06734300" lon="12.55226270" />
      <trkpt lat="53.06751700" lon="12.55225200" />
      <trkpt lat="53.06768140" lon="12.55232170" />
      <trkpt lat="53.06781040" lon="12.55247730" />
      <trkpt lat="53.06792000" lon="12.55270260" />
      <trkpt lat="53.06801340" lon="12.55299220" />
      <trkpt lat="53.06815530" lon="12.55366280" />
      <trkpt lat="53.06821650" lon="12.55393100" />
      <trkpt lat="53.06834870" lon="12.55425820" />
      <trkpt lat="53.06843890" lon="12.55443530" />
      <trkpt lat="53.06894820" lon="12.55542500" />
      <trkpt lat="53.06863870" lon="12.55596410" />
      <trkpt lat="53.06849850" lon="12.55617800" />
      <trkpt lat="53.06834540" lon="12.55638790" />
      <trkpt lat="53.06827780" lon="12.55647040" />
      <trkpt lat="53.06810730" lon="12.55665080" />
      <trkpt lat="53.06781930" lon="12.55690490" />
      <trkpt lat="53.06775680" lon="12.55695410" />
      <trkpt lat="53.06739750" lon="12.55717710" />
      <trkpt lat="53.06722400" lon="12.55725570" />
      <trkpt lat="53.06690400" lon="12.55735320" />
      <trkpt lat="53.06607830" lon="12.55747940" />
      <trkpt lat="53.06480520" lon="12.55763990" />
      <trkpt lat="53.06263760" lon="12.55789220" />
      <trkpt lat="53.06146780" lon="12.55802990" />
      <trkpt lat="53.06084850" lon="12.55817900" />
      <trkpt lat="53.06005710" lon="12.55838300" />
      <trkpt lat="53.05973600" lon="12.55846570" />
      <trkpt lat="53.05811890" lon="12.55890150" />
      <trkpt lat="53.05724720" lon="12.55915380" />
      <trkpt lat="53.05708200" lon="12.55920580" />
      <trkpt lat="53.05498790" lon="12.55986490" />
      <trkpt lat="53.05152590" lon="12.56092740" />
      <trkpt lat="53.05082070" lon="12.56113990" />
      <trkpt lat="53.05060250" lon="12.56121350" />
      <trkpt lat="53.05051350" lon="12.56124870" />
      <trkpt lat="53.05027480" lon="12.56137050" />
      <trkpt lat="53.04964670" lon="12.56175120" />
      <trkpt lat="53.04893170" lon="12.56220280" />
      <trkpt lat="53.04881950" lon="12.56229340" />
      <trkpt lat="53.04873220" lon="12.56240220" />
      <trkpt lat="53.04866290" lon="12.56252160" />
      <trkpt lat="53.04858300" lon="12.56269650" />
      <trkpt lat="53.04810300" lon="12.56380960" />
      <trkpt lat="53.04799150" lon="12.56408630" />
      <trkpt lat="53.04792990" lon="12.56433850" />
      <trkpt lat="53.04779590" lon="12.56434980" />
      <trkpt lat="53.04767010" lon="12.56442980" />
      <trkpt lat="53.04755040" lon="12.56462070" />
      <trkpt lat="53.04741860" lon="12.56486430" />
      <trkpt lat="53.04731180" lon="12.56520000" />
      <trkpt lat="53.04723440" lon="12.56553260" />
      <trkpt lat="53.04716340" lon="12.56653170" />
      <trkpt lat="53.04645460" lon="12.56623770" />
      <trkpt lat="53.04585250" lon="12.56594030" />
      <trkpt lat="53.04376020" lon="12.56218950" />
      <trkpt lat="53.04361030" lon="12.56192080" />
      <trkpt lat="53.04340680" lon="12.56160970" />
      <trkpt lat="53.04321460" lon="12.56126090" />
      <trkpt lat="53.04303820" lon="12.56143060" />
      <trkpt lat="53.04282060" lon="12.56175740" />
      <trkpt lat="53.04263080" lon="12.56193360" />
      <trkpt lat="53.04205780" lon="12.56240840" />
      <trkpt lat="53.04158840" lon="12.56301900" />
      <trkpt lat="53.04090140" lon="12.56384930" />
      <trkpt lat="53.03841720" lon="12.56739480" />
      <trkpt lat="53.03796250" lon="12.56805870" />
      <trkpt lat="53.03741440" lon="12.56886360" />
      <trkpt lat="53.03525060" lon="12.57208710" />
      <trkpt lat="53.03305700" lon="12.57524420" />
      <trkpt lat="53.03286580" lon="12.57563210" />
      <trkpt lat="53.03271470" lon="12.57587480" />
      <trkpt lat="53.03080490" lon="12.57781980" />
      <trkpt lat="53.03064840" lon="12.57797750" />
      <trkpt lat="53.02945330" lon="12.57914500" />
      <trkpt lat="53.02868310" lon="12.58004580" />
      <trkpt lat="53.02848350" lon="12.58038470" />
      <trkpt lat="53.02738840" lon="12.58224400" />
      <trkpt lat="53.02618060" lon="12.58445090" />
      <trkpt lat="53.02522830" lon="12.58619090" />
      <trkpt lat="53.02438910" lon="12.58777050" />
      <trkpt lat="53.02423270" lon="12.58799810" />
      <trkpt lat="53.02383980" lon="12.58856970" />
      <trkpt lat="53.02360040" lon="12.58891790" />
      <trkpt lat="53.02272570" lon="12.59024290" />
      <trkpt lat="53.02238380" lon="12.59076090" />
      <trkpt lat="53.02043860" lon="12.59360870" />
      <trkpt lat="53.01932810" lon="12.59522940" />
      <trkpt lat="53.01830060" lon="12.59674390" />
      <trkpt lat="53.01735760" lon="12.59813420" />
      <trkpt lat="53.01707350" lon="12.59855310" />
      <trkpt lat="53.01505330" lon="12.60143910" />
      <trkpt lat="53.01315560" lon="12.60415350" />
      <trkpt lat="53.01292320" lon="12.60449680" />
      <trkpt lat="53.01252950" lon="12.60470070" />
      <trkpt lat="53.01235970" lon="12.60501990" />
      <trkpt lat="53.01213380" lon="12.60557780" />
      <trkpt lat="53.01154640" lon="12.60640390" />
      <trkpt lat="53.01098480" lon="12.60715490" />
      <trkpt lat="53.01015210" lon="12.60832430" />
      <trkpt lat="53.00894490" lon="12.60991220" />
      <trkpt lat="53.00817030" lon="12.61068470" />
      <trkpt lat="53.00764090" lon="12.61113530" />
      <trkpt lat="53.00736330" lon="12.61136060" />
      <trkpt lat="53.00709220" lon="12.61169320" />
      <trkpt lat="53.00666610" lon="12.61226180" />
      <trkpt lat="53.00645950" lon="12.61256220" />
      <trkpt lat="53.00642080" lon="12.61280900" />
      <trkpt lat="53.00647890" lon="12.61302360" />
      <trkpt lat="53.00644230" lon="12.61316580" />
      <trkpt lat="53.00633460" lon="12.61334040" />
      <trkpt lat="53.00488660" lon="12.61526310" />
      <trkpt lat="53.00271620" lon="12.61817450" />
      <trkpt lat="53.00041890" lon="12.62122750" />
      <trkpt lat="52.99933430" lon="12.62267610" />
      <trkpt lat="52.99887870" lon="12.62312760" />
      <trkpt lat="52.99760850" lon="12.62469430" />
      <trkpt lat="52.99684840" lon="12.62568540" />
      <trkpt lat="52.99616560" lon="12.62659440" />
      <trkpt lat="52.99577380" lon="12.62718560" />
      <trkpt lat="52.99511840" lon="12.62793130" />
      <trkpt lat="52.99475390" lon="12.62839170" />
      <trkpt lat="52.99466110" lon="12.62854870" />
    </trkseg>
  </trk>
  <trk>
    <name>KP23-KP41</name>
    <trkseg>
      <trkpt lat="52.71985730" lon="12.75266730" />
      <trkpt lat="52.71986780" lon="12.75254400" />
      <trkpt lat="52.71986330" lon="12.75241610" />
      <trkpt lat="52.71979760" lon="12.75146780" />
      <trkpt lat="52.71967710" lon="12.74972870" />
      <trkpt lat="52.71962060" lon="12.74891240" />
      <trkpt lat="52.71953710" lon="12.74762120" />
      <trkpt lat="52.71952950" lon="12.74753000" />
      <trkpt lat="52.71944170" lon="12.74631080" />
      <trkpt lat="52.71943820" lon="12.74625560" />
      <trkpt lat="52.71942460" lon="12.74606500" />
      <trkpt lat="52.71936910" lon="12.74528830" />
      <trkpt lat="52.71935640" lon="12.74453210" />
      <trkpt lat="52.71936680" lon="12.74414670" />
      <trkpt lat="52.72060650" lon="12.73508900" />
      <trkpt lat="52.72064540" lon="12.73399430" />
      <trkpt lat="52.72079640" lon="12.72802720" />
      <trkpt lat="52.72087720" lon="12.72694870" />
      <trkpt lat="52.72091120" lon="12.72649570" />
      <trkpt lat="52.72098790" lon="12.72551380" />
      <trkpt lat="52.72100960" lon="12.72524400" />
      <trkpt lat="52.72126330" lon="12.72230590" />
      <trkpt lat="52.72145890" lon="12.71996720" />
      <trkpt lat="52.72154880" lon="12.71889330" />
      <trkpt lat="52.72166340" lon="12.71752280" />
      <trkpt lat="52.72172610" lon="12.71682100" />
      <trkpt lat="52.72178010" lon="12.71621610" />
      <trkpt lat="52.72179650" lon="12.71593130" />
      <trkpt lat="52.72179640" lon="12.71559920" />
      <trkpt lat="52.72178660" lon="12.71508960" />
      <trkpt lat="52.72175900" lon="12.71400060" />
      <trkpt lat="52.72171100" lon="12.71207100" />
      <trkpt lat="52.72168370" lon="12.71123810" />
      <trkpt lat="52.72167160" lon="12.71069020" />
      <trkpt lat="52.72166820" lon="12.71053410" />
      <trkpt lat="52.72165460" lon="12.71010310" />
      <trkpt lat="52.72165270" lon="12.71003610" />
      <trkpt lat="52.72162880" lon="12.70918390" />
      <trkpt lat="52.72161580" lon="12.70774580" />
      <trkpt lat="52.72161260" lon="12.70739730" />
      <trkpt lat="52.72159510" lon="12.70701550" />
      <trkpt lat="52.72159160" lon="12.70695050" />
      <trkpt lat="52.72155470" lon="12.70626690" />
      <trkpt lat="52.72135780" lon="12.70483880" />
      <trkpt lat="52.72123800" lon="12.70396990" />
      <trkpt lat="52.72107630" lon="12.70279720" />
      <trkpt lat="52.72101530" lon="12.70235460" />
      <trkpt lat="52.72093150" lon="12.70174660" />
      <trkpt lat="52.72088960" lon="12.70142850" />
      <trkpt lat="52.72053730" lon="12.69875550" />
      <trkpt lat="52.72001250" lon="12.69477300" />
      <trkpt lat="52.72000270" lon="12.69465410" />
      <trkpt lat="52.71999990" lon="12.69452040" />
      <trkpt lat="52.71999840" lon="12.69438250" />
      <trkpt lat="52.72002200" lon="12.69407390" />
      <trkpt lat="52.72025430" lon="12.69199310" />
      <trkpt lat="52.72046860" lon="12.69073660" />
      <trkpt lat="52.72054750" lon="12.69012910" />
      <trkpt lat="52.72060720" lon="12.68949730" />
      <trkpt lat="52.72072800" lon="12.68785240" />
      <trkpt lat="52.72081400" lon="12.68628610" />
      <trkpt lat="52.72089200" lon="12.68516960" />
      <trkpt lat="52.72094540" lon="12.68440550" />
      <trkpt lat="52.72102010" lon="12.68346710" />
      <trkpt lat="52.72105430" lon="12.68288740" />
      <trkpt lat="52.72107370" lon="12.68259340" />
      <trkpt lat="52.72107820" lon="12.68227780" />
      <trkpt lat="52.72106850" lon="12.68199450" />
      <trkpt lat="52.72101070" lon="12.68142370" />
      <trkpt lat="52.72086730" lon="12.68029310" />
      <trkpt lat="52.72070360" lon="12.67898710" />
      <trkpt lat="52.72065700" lon="12.67858690" />
      <trkpt lat="52.72061260" lon="12.67798200" />
      <trkpt lat="52.72045990" lon="12.67564360" />
      <trkpt lat="52.72033600" lon="12.67383500" />
      <trkpt lat="52.72031620" lon="12.67346160" />
      <trkpt lat="52.72031230" lon="12.67309950" />
      <trkpt lat="52.72033230" lon="12.67292850" />
      <trkpt lat="52.72035790" lon="12.67267440" />
      <trkpt lat="52.72048400" lon="12.67187020" />
      <trkpt lat="52.72065210" lon="12.67073450" />
      <trkpt lat="52.72070350" lon="12.66994110" />
      <trkpt lat="52.72069020" lon="12.66970000" />
      <trkpt lat="52.72065750" lon="12.66945300" />
      <trkpt lat="52.72047030" lon="12.66866890" />
      <trkpt lat="52.72011170" lon="12.66738240" />
      <trkpt lat="52.71930380" lon="12.66555060" />
      <trkpt lat="52.71844250" lon="12.66369780" />
      <trkpt lat="52.71752250" lon="12.66188290" />
      <trkpt lat="52.71659930" lon="12.65897940" />
      <trkpt lat="52.71654530" lon="12.65880970" />
      <trkpt lat="52.71624930" lon="12.65808210" />
      <trkpt lat="52.71585680" lon="12.65731450" />
      <trkpt lat="52.71493820" lon="12.65561440" />
      <trkpt lat="52.71465220" lon="12.65509730" />
      <trkpt lat="52.71387660" lon="12.65355650" />
      <trkpt lat="52.71350220" lon="12.65263140" />
      <trkpt lat="52.71322860" lon="12.65186140" />
      <trkpt lat="52.71303990" lon="12.65105540" />
      <trkpt lat="52.71301540" lon="12.65095070" />
      <trkpt lat="52.71295460" lon="12.65069110" />
      <trkpt lat="52.71290640" lon="12.65047570" />
      <trkpt lat="52.71271180" lon="12.64960490" />
      <trkpt lat="52.71203840" lon="12.64659160" />
      <trkpt lat="52.71195910" lon="12.64617210" />
      <trkpt lat="52.71191340" lon="12.64584710" />
      <trkpt lat="52.71188000" lon="12.64557840" />
      <trkpt lat="52.71139300" lon="12.64358280" />
      <trkpt lat="52.71130550" lon="12.64320420" />
      <trkpt lat="52.71158420" lon="12.64317040" />
      <trkpt lat="52.71166100" lon="12.64315710" />
      <trkpt lat="52.71220060" lon="12.64298370" />
      <trkpt lat="52.71261540" lon="12.64283820" />
      <trkpt lat="52.71299490" lon="12.64265600" />
      <trkpt lat="52.71394320" lon="12.64197840" />
      <trkpt lat="52.71483170" lon="12.64134900" />
      <trkpt lat="52.71500760" lon="12.64123160" />
      <trkpt lat="52.71559330" lon="12.64080050" />
      <trkpt lat="52.71595190" lon="12.64043560" />
      <trkpt lat="52.71671310" lon="12.63941400" />
      <trkpt lat="52.71713130" lon="12.63891320" />
      <trkpt lat="52.71791220" lon="12.63833420" />
      <trkpt lat="52.71826250" lon="12.63807440" />
      <trkpt lat="52.72413960" lon="12.63131590" />
      <trkpt lat="52.72717830" lon="12.62773820" />
      <trkpt lat="52.72838930" lon="12.62613890" />
      <trkpt lat="52.72874980" lon="12.62566280" />
      <trkpt lat="52.72879470" lon="12.62560360" />
    </trkseg>
  </trk>
  <trk>
    <name>KP23-KP95</name>
    <trkseg>
      <trkpt lat="52.71985730" lon="12.75266730" />
      <trkpt lat="52.71951550" lon="12.75229260" />
      <trkpt lat="52.71932710" lon="12.75210330" />
      <trkpt lat="52.70963070" lon="12.74143570" />
      <trkpt lat="52.70361620" lon="12.73482530" />
      <trkpt lat="52.69658890" lon="12.72710240" />
      <trkpt lat="52.69650750" lon="12.72701310" />
      <trkpt lat="52.69645790" lon="12.72714210" />
      <trkpt lat="52.69611980" lon="12.72806540" />
      <trkpt lat="52.69588950" lon="12.72865950" />
      <trkpt lat="52.69580980" lon="12.72867110" />
      <trkpt lat="52.69575100" lon="12.72865800" />
      <trkpt lat="52.69568350" lon="12.72862080" />
      <trkpt lat="52.69443470" lon="12.72732010" />
      <trkpt lat="52.69257460" lon="12.72545820" />
      <trkpt lat="52.69077160" lon="12.72363680" />
      <trkpt lat="52.68804300" lon="12.72087110" />
      <trkpt lat="52.68641310" lon="12.71921850" />
      <trkpt lat="52.68502550" lon="12.71784200" />
      <trkpt lat="52.68449600" lon="12.71731410" />
      <trkpt lat="52.68369900" lon="12.71661940" />
      <trkpt lat="52.68351610" lon="12.71646800" />
      <trkpt lat="52.68086630" lon="12.71429460" />
      <trkpt lat="52.68039210" lon="12.71389690" />
      <trkpt lat="52.68027560" lon="12.71379500" />
      <trkpt lat="52.67973050" lon="12.71334440" />
      <trkpt lat="52.67971110" lon="12.71332830" />
      <trkpt lat="52.67949130" lon="12.71314540" />
      <trkpt lat="52.67870920" lon="12.71254540" />
      <trkpt lat="52.67815520" lon="12.71208110" />
      <trkpt lat="52.67792350" lon="12.71190120" />
      <trkpt lat="52.67744200" lon="12.71150860" />
      <trkpt lat="52.67737330" lon="12.71150040" />
      <trkpt lat="52.67728190" lon="12.71157960" />
      <trkpt lat="52.67710790" lon="12.71191530" />
      <trkpt lat="52.67700250" lon="12.71176400" />
      <trkpt lat="52.67651430" lon="12.71261600" />
      <trkpt lat="52.67647100" lon="12.71255400" />
      <trkpt lat="52.67629820" lon="12.71229400" />
      <trkpt lat="52.67627110" lon="12.71225670" />
      <trkpt lat="52.67612190" lon="12.71252470" />
      <trkpt lat="52.67583160" lon="12.71257570" />
      <trkpt lat="52.67566540" lon="12.71234030" />
      <trkpt lat="52.67562600" lon="12.71228040" />
    </trkseg>
  </trk>
  <trk>
    <name>KP24-KP80</name>
    <trkseg>
      <trkpt lat="53.07126500" lon="13.43165180" />
      <trkpt lat="53.07114020" lon="13.43143190" />
      <trkpt lat="53.07098460" lon="13.43115760" />
      <trkpt lat="53.07096930" lon="13.43112960" />
      <trkpt lat="53.07076940" lon="13.43076250" />
      <trkpt lat="53.07070360" lon="13.43071330" />
      <trkpt lat="53.07068090" lon="13.43067320" />
      <trkpt lat="53.07024790" lon="13.42991010" />
      <trkpt lat="53.07008190" lon="13.42963150" />
      <trkpt lat="53.06925060" lon="13.42816980" />
      <trkpt lat="53.06875630" lon="13.42729960" />
      <trkpt lat="53.06839290" lon="13.42671400" />
      <trkpt lat="53.06684700" lon="13.42430090" />
      <trkpt lat="53.06573150" lon="13.42254500" />
      <trkpt lat="53.06535260" lon="13.42196650" />
      <trkpt lat="53.06530640" lon="13.42189430" />
      <trkpt lat="53.06435080" lon="13.42040200" />
      <trkpt lat="53.06412410" lon="13.42006500" />
      <trkpt lat="53.06348190" lon="13.41911060" />
      <trkpt lat="53.06345740" lon="13.41916510" />
      <trkpt lat="53.06333410" lon="13.41899030" />
      <trkpt lat="53.06323530" lon="13.41884140" />
      <trkpt lat="53.06308820" lon="13.41862410" />
      <trkpt lat="53.06283360" lon="13.41826820" />
      <trkpt lat="53.06239920" lon="13.41760910" />
      <trkpt lat="53.06181450" lon="13.41673960" />
      <trkpt lat="53.06120700" lon="13.41583870" />
      <trkpt lat="53.06101680" lon="13.41555670" />
      <trkpt lat="53.06064760" lon="13.41502280" />
      <trkpt lat="53.05965870" lon="13.41354090" />
      <trkpt lat="53.05944340" lon="13.41323690" />
      <trkpt lat="53.05933440" lon="13.41307450" />
      <trkpt lat="53.05806910" lon="13.41120240" />
      <trkpt lat="53.05786980" lon="13.41089310" />
      <trkpt lat="53.05761650" lon="13.41051690" />
      <trkpt lat="53.05753830" lon="13.41040070" />
      <trkpt lat="53.05739500" lon="13.41056300" />
      <trkpt lat="53.05732260" lon="13.41048140" />
      <trkpt lat="53.05709960" lon="13.40999180" />
      <trkpt lat="53.05583670" lon="13.40742250" />
      <trkpt lat="53.05478470" lon="13.40530330" />
      <trkpt lat="53.05365290" lon="13.40300190" />
      <trkpt lat="53.05267740" lon="13.40106440" />
      <trkpt lat="53.05251820" lon="13.40071060" />
      <trkpt lat="53.05218760" lon="13.40005800" />
      <trkpt lat="53.05199480" lon="13.39972470" />
      <trkpt lat="53.05177420" lon="13.39940080" />
      <trkpt lat="53.05134100" lon="13.39880700" />
      <trkpt lat="53.05055590" lon="13.39776660" />
      <trkpt lat="53.05042130" lon="13.39761720" />
      <trkpt lat="53.04959260" lon="13.39652670" />
      <trkpt lat="53.04867100" lon="13.39532010" />
      <trkpt lat="53.04735850" lon="13.39359270" />
      <trkpt lat="53.04698420" lon="13.39309780" />
      <trkpt lat="53.04668550" lon="13.39271610" />
      <trkpt lat="53.04657190" lon="13.39260590" />
      <trkpt lat="53.04626520" lon="13.39228380" />
      <trkpt lat="53.04590100" lon="13.39197680" />
      <trkpt lat="53.04549370" lon="13.39167690" />
      <trkpt lat="53.04450980" lon="13.39102080" />
      <trkpt lat="53.04405930" lon="13.39074960" />
      <trkpt lat="53.04305180" lon="13.39006660" />
      <trkpt lat="53.04280140" lon="13.38994360" />
      <trkpt lat="53.04186620" lon="13.38926900" />
      <trkpt lat="53.04115980" lon="13.38883120" />
      <trkpt lat="53.04037610" lon="13.38833560" />
      <trkpt lat="53.03922460" lon="13.38755240" />
      <trkpt lat="53.03867630" lon="13.38716080" />
      <trkpt lat="53.03762800" lon="13.38649020" />
      <trkpt lat="53.03750220" lon="13.38634590" />
      <trkpt lat="53.03738430" lon="13.38626200" />
      <trkpt lat="53.03740180" lon="13.38615950" />
      <trkpt lat="53.03707100" lon="13.38593570" />
      <trkpt lat="53.03587360" lon="13.38514550" />
      <trkpt lat="53.03572350" lon="13.38505240" />
      <trkpt lat="53.03560320" lon="13.38500050" />
      <trkpt lat="53.03546730" lon="13.38496700" />
      <trkpt lat="53.03531430" lon="13.38497990" />
      <trkpt lat="53.03514710" lon="13.38504390" />
      <trkpt lat="53.03482050" lon="13.38521070" />
      <trkpt lat="53.03399960" lon="13.38562980" />
      <trkpt lat="53.03352390" lon="13.38587260" />
    </trkseg>
  </trk>
  <trk>
    <name>KP27-KP40</name>
    <trkseg>
      <trkpt lat="52.79888190" lon="12.69726710" />
      <trkpt lat="52.79883700" lon="12.69716460" />
      <trkpt lat="52.79889840" lon="12.69708930" />
      <trkpt lat="52.79939530" lon="12.69647990" />
      <trkpt lat="52.79999390" lon="12.69574130" />
      <trkpt lat="52.80025750" lon="12.69541530" />
      <trkpt lat="52.80034470" lon="12.69525460" />
      <trkpt lat="52.80040010" lon="12.69509920" />
      <trkpt lat="52.80042480" lon="12.69488410" />
      <trkpt lat="52.80044100" lon="12.69412150" />
      <trkpt lat="52.80047430" lon="12.69026770" />
      <trkpt lat="52.80048660" lon="12.68642470" />
      <trkpt lat="52.80043620" lon="12.68160570" />
      <trkpt lat="52.80041820" lon="12.68146840" />
      <trkpt lat="52.79939760" lon="12.67774250" />
      <trkpt lat="52.79904190" lon="12.67606840" />
      <trkpt lat="52.79921920" lon="12.67591220" />
      <trkpt lat="52.79938350" lon="12.67568320" />
      <trkpt lat="52.79936870" lon="12.67547860" />
      <trkpt lat="52.79938670" lon="12.67497470" />
      <trkpt lat="52.79937500" lon="12.67429460" />
      <trkpt lat="52.79953200" lon="12.67248010" />
      <trkpt lat="52.79953150" lon="12.67204330" />
      <trkpt lat="52.79948040" lon="12.67173820" />
      <trkpt lat="52.79936500" lon="12.67118650" />
      <trkpt lat="52.79931110" lon="12.67080710" />
      <trkpt lat="52.79929580" lon="12.67046610" />
      <trkpt lat="52.79933780" lon="12.66968340" />
      <trkpt lat="52.79933020" lon="12.66940340" />
      <trkpt lat="52.79909050" lon="12.66817820" />
      <trkpt lat="52.79896660" lon="12.66736770" />
      <trkpt lat="52.79892140" lon="12.66690990" />
      <trkpt lat="52.79886120" lon="12.66649550" />
      <trkpt lat="52.79878130" lon="12.66621260" />
      <trkpt lat="52.79841710" lon="12.66509050" />
      <trkpt lat="52.79816260" lon="12.66349900" />
      <trkpt lat="52.79812010" lon="12.66310530" />
      <trkpt lat="52.79808760" lon="12.66262530" />
      <trkpt lat="52.79809310" lon="12.66238800" />
      <trkpt lat="52.79812110" lon="12.66220740" />
      <trkpt lat="52.79815860" lon="12.66185100" />
      <trkpt lat="52.79817750" lon="12.66102830" />
      <trkpt lat="52.79838700" lon="12.65964080" />
      <trkpt lat="52.79840740" lon="12.65880540" />
      <trkpt lat="52.79842010" lon="12.65864780" />
      <trkpt lat="52.79845620" lon="12.65836330" />
      <trkpt lat="52.79851670" lon="12.65816870" />
      <trkpt lat="52.79858550" lon="12.65798370" />
      <trkpt lat="52.79898340" lon="12.65726650" />
      <trkpt lat="52.79910270" lon="12.65698270" />
      <trkpt lat="52.79920720" lon="12.65664320" />
      <trkpt lat="52.79930620" lon="12.65617600" />
      <trkpt lat="52.79938100" lon="12.65577290" />
      <trkpt lat="52.79951370" lon="12.65487700" />
      <trkpt lat="52.79964980" lon="12.65369220" />
      <trkpt lat="52.79985370" lon="12.65251090" />
      <trkpt lat="52.79987990" lon="12.65202650" />
      <trkpt lat="52.79988770" lon="12.65189260" />
      <trkpt lat="52.79990460" lon="12.65103540" />
      <trkpt lat="52.79988900" lon="12.65046120" />
      <trkpt lat="52.79981580" lon="12.64965400" />
      <trkpt lat="52.79971870" lon="12.64900100" />
      <trkpt lat="52.79945280" lon="12.64751440" />
      <trkpt lat="52.79931850" lon="12.64705860" />
      <trkpt lat="52.79902600" lon="12.64555300" />
      <trkpt lat="52.79900940" lon="12.64523140" />
      <trkpt lat="52.79887960" lon="12.64484420" />
      <trkpt lat="52.79878580" lon="12.64439670" />
      <trkpt lat="52.79872770" lon="12.64379460" />
      <trkpt lat="52.79858370" lon="12.64319750" />
      <trkpt lat="52.79856760" lon="12.64292210" />
      <trkpt lat="52.79823810" lon="12.64090880" />
      <trkpt lat="52.79793530" lon="12.63914810" />
      <trkpt lat="52.79780820" lon="12.63843610" />
      <trkpt lat="52.79756700" lon="12.63777860" />
      <trkpt lat="52.79747670" lon="12.63744770" />
      <trkpt lat="52.79697290" lon="12.63469330" />
      <trkpt lat="52.79653250" lon="12.63241240" />
      <trkpt lat="52.79596140" lon="12.62939710" />
      <trkpt lat="52.79462670" lon="12.62236190" />
      <trkpt lat="52.79420420" lon="12.62010900" />
      <trkpt lat="52.79405850" lon="12.61967640" />
      <trkpt lat="52.79378930" lon="12.61914800" />
      <trkpt lat="52.79351540" lon="12.61869350" />
      <trkpt lat="52.79094580" lon="12.61472450" />
      <trkpt lat="52.79048660" lon="12.61403360" />
      <trkpt lat="52.79022190" lon="12.61371200" />
      <trkpt lat="52.78975860" lon="12.61312730" />
      <trkpt lat="52.78847960" lon="12.61153460" />
      <trkpt lat="52.78673960" lon="12.60939600" />
      <trkpt lat="52.78591900" lon="12.60840500" />
      <trkpt lat="52.78472660" lon="12.60696830" />
      <trkpt lat="52.78395590" lon="12.60608610" />
      <trkpt lat="52.78380090" lon="12.60590520" />
      <trkpt lat="52.78375500" lon="12.60584040" />
      <trkpt lat="52.78288080" lon="12.60479780" />
      <trkpt lat="52.78251600" lon="12.60439150" />
      <trkpt lat="52.78200080" lon="12.60388000" />
      <trkpt lat="52.78187440" lon="12.60376590" />
      <trkpt lat="52.78197320" lon="12.60347610" />
      <trkpt lat="52.78208030" lon="12.60317120" />
      <trkpt lat="52.78329930" lon="12.59971860" />
      <trkpt lat="52.78371270" lon="12.59857130" />
      <trkpt lat="52.78378030" lon="12.59838470" />
      <trkpt lat="52.78396510" lon="12.59787600" />
      <trkpt lat="52.78399800" lon="12.59778570" />
      <trkpt lat="52.78406610" lon="12.59756500" />
      <trkpt lat="52.78417350" lon="12.59721680" />
      <trkpt lat="52.78427890" lon="12.59691770" />
      <trkpt lat="52.78432570" lon="12.59678480" />
      <trkpt lat="52.78436930" lon="12.59664080" />
      <trkpt lat="52.78438320" lon="12.59659460" />
      <trkpt lat="52.78445880" lon="12.59634430" />
      <trkpt lat="52.78449840" lon="12.59619740" />
      <trkpt lat="52.78451900" lon="12.59602180" />
      <trkpt lat="52.78459760" lon="12.59492280" />
      <trkpt lat="52.78435200" lon="12.59491660" />
      <trkpt lat="52.78392190" lon="12.59489960" />
      <trkpt lat="52.78303350" lon="12.59487350" />
      <trkpt lat="52.78270580" lon="12.59486150" />
      <trkpt lat="52.78083060" lon="12.59474610" />
      <trkpt lat="52.78051250" lon="12.59471760" />
      <trkpt lat="52.78020170" lon="12.59469110" />
      <trkpt lat="52.77891330" lon="12.59457780" />
      <trkpt lat="52.77840870" lon="12.59453010" />
      <trkpt lat="52.77808070" lon="12.59450770" />
      <trkpt lat="52.77786970" lon="12.59448960" />
      <trkpt lat="52.77773100" lon="12.59447770" />
      <trkpt lat="52.77755010" lon="12.59446270" />
      <trkpt lat="52.77744130" lon="12.59445300" />
      <trkpt lat="52.77726980" lon="12.59444240" />
      <trkpt lat="52.77699550" lon="12.59441640" />
      <trkpt lat="52.77669570" lon="12.59439080" />
      <trkpt lat="52.77644970" lon="12.59437270" />
      <trkpt lat="52.77603170" lon="12.59433660" />
      <trkpt lat="52.77591370" lon="12.59432550" />
      <trkpt lat="52.77584120" lon="12.59431980" />
      <trkpt lat="52.77573470" lon="12.59430750" />
      <trkpt lat="52.77563070" lon="12.59429640" />
      <trkpt lat="52.77551940" lon="12.59427790" />
      <trkpt lat="52.77541540" lon="12.59425850" />
      <trkpt lat="52.77530950" lon="12.59423560" />
      <trkpt lat="52.77517480" lon="12.59420160" />
      <trkpt lat="52.77504000" lon="12.59416310" />
      <trkpt lat="52.77413240" lon="12.59383070" />
      <trkpt lat="52.77394940" lon="12.59376280" />
      <trkpt lat="52.77360850" lon="12.59363490" />
      <trkpt lat="52.77278590" lon="12.59332800" />
      <trkpt lat="52.77206560" lon="12.59305900" />
      <trkpt lat="52.77037880" lon="12.59243100" />
      <trkpt lat="52.76999030" lon="12.59228550" />
      <trkpt lat="52.76827600" lon="12.59164500" />
      <trkpt lat="52.76757770" lon="12.59137700" />
      <trkpt lat="52.76693420" lon="12.59110560" />
      <trkpt lat="52.76674990" lon="12.59102760" />
      <trkpt lat="52.76560750" lon="12.59054390" />
      <trkpt lat="52.76377770" lon="12.58976930" />
      <trkpt lat="52.76323480" lon="12.58954130" />
      <trkpt lat="52.76262600" lon="12.58934130" />
      <trkpt lat="52.76263930" lon="12.58915250" />
      <trkpt lat="52.76263420" lon="12.58904920" />
      <trkpt lat="52.76261320" lon="12.58897640" />
      <trkpt lat="52.76256350" lon="12.58890530" />
      <trkpt lat="52.76252610" lon="12.58888580" />
      <trkpt lat="52.76249690" lon="12.58888240" />
      <trkpt lat="52.76246720" lon="12.58890020" />
      <trkpt lat="52.76244010" lon="12.58892310" />
      <trkpt lat="52.76237690" lon="12.58899030" />
      <trkpt lat="52.76230200" lon="12.58905790" />
      <trkpt lat="52.76223970" lon="12.58909070" />
      <trkpt lat="52.76217620" lon="12.58908410" />
      <trkpt lat="52.76212480" lon="12.58906120" />
      <trkpt lat="52.76194060" lon="12.58912810" />
      <trkpt lat="52.76173930" lon="12.58917100" />
      <trkpt lat="52.76108850" lon="12.58911270" />
      <trkpt lat="52.76040760" lon="12.58899120" />
      <trkpt lat="52.76015790" lon="12.58890840" />
      <trkpt lat="52.75985580" lon="12.58881520" />
      <trkpt lat="52.75953060" lon="12.58868720" />
      <trkpt lat="52.75912100" lon="12.58850020" />
      <trkpt lat="52.75869400" lon="12.58826420" />
      <trkpt lat="52.75815760" lon="12.58790800" />
      <trkpt lat="52.75755600" lon="12.58745240" />
      <trkpt lat="52.75710450" lon="12.58710730" />
      <trkpt lat="52.75680020" lon="12.58684950" />
      <trkpt lat="52.75633150" lon="12.58660290" />
      <trkpt lat="52.75610450" lon="12.58648500" />
      <trkpt lat="52.75554980" lon="12.58630280" />
      <trkpt lat="52.75495460" lon="12.58613400" />
      <trkpt lat="52.75377220" lon="12.58556730" />
      <trkpt lat="52.75366010" lon="12.58551760" />
      <trkpt lat="52.75337300" lon="12.58539910" />
      <trkpt lat="52.75278170" lon="12.58519000" />
      <trkpt lat="52.75221570" lon="12.58494150" />
      <trkpt lat="52.75168220" lon="12.58467170" />
      <trkpt lat="52.75118010" lon="12.58440880" />
      <trkpt lat="52.75078970" lon="12.58419550" />
      <trkpt lat="52.75030420" lon="12.58393340" />
      <trkpt lat="52.74977660" lon="12.58365850" />
      <trkpt lat="52.74938450" lon="12.58341300" />
      <trkpt lat="52.74880250" lon="12.58290140" />
      <trkpt lat="52.74816360" lon="12.58233470" />
      <trkpt lat="52.74799970" lon="12.58218590" />
      <trkpt lat="52.74784460" lon="12.58207260" />
      <trkpt lat="52.74763750" lon="12.58196530" />
      <trkpt lat="52.74733450" lon="12.58186050" />
      <trkpt lat="52.74703190" lon="12.58178760" />
      <trkpt lat="52.74654560" lon="12.58169310" />
      <trkpt lat="52.74631590" lon="12.58165680" />
      <trkpt lat="52.74611860" lon="12.58159780" />
      <trkpt lat="52.74590670" lon="12.58147180" />
      <trkpt lat="52.74533490" lon="12.58100430" />
      <trkpt lat="52.74485390" lon="12.58061100" />
      <trkpt lat="52.74446710" lon="12.58029980" />
      <trkpt lat="52.74443350" lon="12.58029720" />
      <trkpt lat="52.74441600" lon="12.58032540" />
      <trkpt lat="52.74438920" lon="12.58038300" />
      <trkpt lat="52.74427920" lon="12.58030260" />
      <trkpt lat="52.74400780" lon="12.58016460" />
      <trkpt lat="52.74383170" lon="12.58005610" />
      <trkpt lat="52.74370640" lon="12.57999610" />
      <trkpt lat="52.74359050" lon="12.57994050" />
      <trkpt lat="52.74357420" lon="12.57993270" />
      <trkpt lat="52.74353730" lon="12.57991680" />
      <trkpt lat="52.74339640" lon="12.57984160" />
      <trkpt lat="52.74291470" lon="12.57957040" />
      <trkpt lat="52.74262630" lon="12.57940480" />
      <trkpt lat="52.74233220" lon="12.57930940" />
      <trkpt lat="52.74219590" lon="12.57927920" />
      <trkpt lat="52.74203850" lon="12.57924920" />
      <trkpt lat="52.74179710" lon="12.57921480" />
      <trkpt lat="52.74159220" lon="12.57915800" />
      <trkpt lat="52.74134620" lon="12.57902560" />
      <trkpt lat="52.74094030" lon="12.57880460" />
      <trkpt lat="52.74079070" lon="12.57875960" />
      <trkpt lat="52.74068760" lon="12.57874710" />
      <trkpt lat="52.74060480" lon="12.57874950" />
      <trkpt lat="52.74053380" lon="12.57876370" />
      <trkpt lat="52.74045740" lon="12.57877890" />
      <trkpt lat="52.74021100" lon="12.57888290" />
      <trkpt lat="52.74006540" lon="12.57894440" />
      <trkpt lat="52.73969330" lon="12.57911990" />
      <trkpt lat="52.73901030" lon="12.57940700" />
      <trkpt lat="52.73838640" lon="12.57966180" />
      <trkpt lat="52.73780870" lon="12.57981910" />
      <trkpt lat="52.73776600" lon="12.57982350" />
      <trkpt lat="52.73767190" lon="12.57981740" />
    </trkseg>
  </trk>
  <trk>
    <name>KP27-KP45</name>
    <trkseg>
      <trkpt lat="52.79888190" lon="12.69726710" />
      <trkpt lat="52.79883700" lon="12.69716460" />
      <trkpt lat="52.79889840" lon="12.69708930" />
      <trkpt lat="52.79939530" lon="12.69647990" />
      <trkpt lat="52.79999390" lon="12.69574130" />
      <trkpt lat="52.80025750" lon="12.69541530" />
      <trkpt lat="52.80034470" lon="12.69525460" />
      <trkpt lat="52.80040010" lon="12.69509920" />
      <trkpt lat="52.80042480" lon="12.69488410" />
      <trkpt lat="52.80044100" lon="12.69412150" />
      <trkpt lat="52.80047430" lon="12.69026770" />
      <trkpt lat="52.80048660" lon="12.68642470" />
      <trkpt lat="52.80043620" lon="12.68160570" />
      <trkpt lat="52.80041820" lon="12.68146840" />
      <trkpt lat="52.79939760" lon="12.67774250" />
      <trkpt lat="52.79904190" lon="12.67606840" />
      <trkpt lat="52.79921920" lon="12.67591220" />
      <trkpt lat="52.79938350" lon="12.67568320" />
      <trkpt lat="52.79936870" lon="12.67547860" />
      <trkpt lat="52.79938670" lon="12.67497470" />
      <trkpt lat="52.79937500" lon="12.67429460" />
      <trkpt lat="52.79953200" lon="12.67248010" />
      <trkpt lat="52.79953150" lon="12.67204330" />
      <trkpt lat="52.79948040" lon="12.67173820" />
      <trkpt lat="52.79936500" lon="12.67118650" />
      <trkpt lat="52.79931110" lon="12.67080710" />
      <trkpt lat="52.79929580" lon="12.67046610" />
      <trkpt lat="52.79933780" lon="12.66968340" />
      <trkpt lat="52.79933020" lon="12.66940340" />
      <trkpt lat="52.79909050" lon="12.66817820" />
      <trkpt lat="52.79896660" lon="12.66736770" />
      <trkpt lat="52.79892140" lon="12.66690990" />
      <trkpt lat="52.79886120" lon="12.66649550" />
      <trkpt lat="52.79878130" lon="12.66621260" />
      <trkpt lat="52.79841710" lon="12.66509050" />
      <trkpt lat="52.79816260" lon="12.66349900" />
      <trkpt lat="52.79812010" lon="12.66310530" />
      <trkpt lat="52.79808760" lon="12.66262530" />
      <trkpt lat="52.79809310" lon="12.66238800" />
      <trkpt lat="52.79812110" lon="12.66220740" />
      <trkpt lat="52.79815860" lon="12.66185100" />
      <trkpt lat="52.79817750" lon="12.66102830" />
      <trkpt lat="52.79838700" lon="12.65964080" />
      <trkpt lat="52.79840740" lon="12.65880540" />
      <trkpt lat="52.79842010" lon="12.65864780" />
      <trkpt lat="52.79845620" lon="12.65836330" />
      <trkpt lat="52.79851670" lon="12.65816870" />
      <trkpt lat="52.79858550" lon="12.65798370" />
      <trkpt lat="52.79898340" lon="12.65726650" />
      <trkpt lat="52.79910270" lon="12.65698270" />
      <trkpt lat="52.79920720" lon="12.65664320" />
      <trkpt lat="52.79930620" lon="12.65617600" />
      <trkpt lat="52.79938100" lon="12.65577290" />
      <trkpt lat="52.79951370" lon="12.65487700" />
      <trkpt lat="52.79964980" lon="12.65369220" />
      <trkpt lat="52.79985370" lon="12.65251090" />
      <trkpt lat="52.79987990" lon="12.65202650" />
      <trkpt lat="52.79988770" lon="12.65189260" />
      <trkpt lat="52.79990460" lon="12.65103540" />
      <trkpt lat="52.79988900" lon="12.65046120" />
      <trkpt lat="52.79981580" lon="12.64965400" />
      <trkpt lat="52.79971870" lon="12.64900100" />
      <trkpt lat="52.79945280" lon="12.64751440" />
      <trkpt lat="52.79931850" lon="12.64705860" />
      <trkpt lat="52.79902600" lon="12.64555300" />
      <trkpt lat="52.79900940" lon="12.64523140" />
      <trkpt lat="52.79887960" lon="12.64484420" />
      <trkpt lat="52.79878580" lon="12.64439670" />
      <trkpt lat="52.79872770" lon="12.64379460" />
      <trkpt lat="52.79858370" lon="12.64319750" />
      <trkpt lat="52.79856760" lon="12.64292210" />
      <trkpt lat="52.79823810" lon="12.64090880" />
      <trkpt lat="52.79793530" lon="12.63914810" />
      <trkpt lat="52.79780820" lon="12.63843610" />
      <trkpt lat="52.79756700" lon="12.63777860" />
      <trkpt lat="52.79747670" lon="12.63744770" />
      <trkpt lat="52.79697290" lon="12.63469330" />
      <trkpt lat="52.79653250" lon="12.63241240" />
      <trkpt lat="52.79596140" lon="12.62939710" />
      <trkpt lat="52.79462670" lon="12.62236190" />
      <trkpt lat="52.79420420" lon="12.62010900" />
      <trkpt lat="52.79405850" lon="12.61967640" />
      <trkpt lat="52.79378930" lon="12.61914800" />
      <trkpt lat="52.79351540" lon="12.61869350" />
      <trkpt lat="52.79094580" lon="12.61472450" />
      <trkpt lat="52.79048660" lon="12.61403360" />
      <trkpt lat="52.79022190" lon="12.61371200" />
      <trkpt lat="52.78975860" lon="12.61312730" />
      <trkpt lat="52.78847960" lon="12.61153460" />
      <trkpt lat="52.78673960" lon="12.60939600" />
      <trkpt lat="52.78591900" lon="12.60840500" />
      <trkpt lat="52.78472660" lon="12.60696830" />
      <trkpt lat="52.78395590" lon="12.60608610" />
      <trkpt lat="52.78380090" lon="12.60590520" />
      <trkpt lat="52.78375500" lon="12.60584040" />
      <trkpt lat="52.78288080" lon="12.60479780" />
      <trkpt lat="52.78251600" lon="12.60439150" />
      <trkpt lat="52.78200080" lon="12.60388000" />
      <trkpt lat="52.78187440" lon="12.60376590" />
      <trkpt lat="52.78197320" lon="12.60347610" />
      <trkpt lat="52.78208030" lon="12.60317120" />
      <trkpt lat="52.78329930" lon="12.59971860" />
      <trkpt lat="52.78371270" lon="12.59857130" />
      <trkpt lat="52.78378030" lon="12.59838470" />
      <trkpt lat="52.78396510" lon="12.59787600" />
      <trkpt lat="52.78399800" lon="12.59778570" />
      <trkpt lat="52.78406610" lon="12.59756500" />
      <trkpt lat="52.78417350" lon="12.59721680" />
      <trkpt lat="52.78427890" lon="12.59691770" />
      <trkpt lat="52.78432570" lon="12.59678480" />
      <trkpt lat="52.78436930" lon="12.59664080" />
      <trkpt lat="52.78438320" lon="12.59659460" />
      <trkpt lat="52.78445880" lon="12.59634430" />
      <trkpt lat="52.78449840" lon="12.59619740" />
      <trkpt lat="52.78451900" lon="12.59602180" />
      <trkpt lat="52.78459760" lon="12.59492280" />
      <trkpt lat="52.78483520" lon="12.59493210" />
      <trkpt lat="52.78508170" lon="12.59494260" />
      <trkpt lat="52.78549210" lon="12.59496500" />
      <trkpt lat="52.78586790" lon="12.59498260" />
      <trkpt lat="52.78596800" lon="12.59499000" />
      <trkpt lat="52.78759880" lon="12.59505410" />
      <trkpt lat="52.78908750" lon="12.59512080" />
      <trkpt lat="52.79296210" lon="12.59527890" />
      <trkpt lat="52.79316120" lon="12.59528600" />
      <trkpt lat="52.79441100" lon="12.59533480" />
      <trkpt lat="52.79454310" lon="12.59534000" />
      <trkpt lat="52.79498820" lon="12.59536230" />
      <trkpt lat="52.79507030" lon="12.59536670" />
      <trkpt lat="52.79539160" lon="12.59537320" />
      <trkpt lat="52.79552830" lon="12.59535920" />
      <trkpt lat="52.79563890" lon="12.59534510" />
      <trkpt lat="52.79783240" lon="12.59493870" />
    </trkseg>
  </trk>
  <trk>
    <name>KP27-KP86</name>
    <trkseg>
      <trkpt lat="53.17796310" lon="12.62839300" />
      <trkpt lat="53.17806350" lon="12.62882940" />
      <trkpt lat="53.17813340" lon="12.62911680" />
      <trkpt lat="53.17816480" lon="12.62925540" />
      <trkpt lat="53.17839870" lon="12.63028690" />
      <trkpt lat="53.17847180" lon="12.63083450" />
      <trkpt lat="53.17849160" lon="12.63117360" />
      <trkpt lat="53.17847840" lon="12.63141070" />
      <trkpt lat="53.17844160" lon="12.63168260" />
      <trkpt lat="53.17842510" lon="12.63179720" />
      <trkpt lat="53.17835610" lon="12.63233420" />
      <trkpt lat="53.17830500" lon="12.63267480" />
      <trkpt lat="53.17823480" lon="12.63314650" />
      <trkpt lat="53.17813580" lon="12.63344890" />
      <trkpt lat="53.17799680" lon="12.63380140" />
      <trkpt lat="53.17792080" lon="12.63404090" />
      <trkpt lat="53.17784790" lon="12.63428720" />
      <trkpt lat="53.17760610" lon="12.63504250" />
      <trkpt lat="53.17719510" lon="12.63633840" />
      <trkpt lat="53.17698800" lon="12.63701750" />
      <trkpt lat="53.17692990" lon="12.63721150" />
      <trkpt lat="53.17681090" lon="12.63759980" />
      <trkpt lat="53.17659860" lon="12.63832820" />
      <trkpt lat="53.17629130" lon="12.63929630" />
      <trkpt lat="53.17592720" lon="12.64048710" />
      <trkpt lat="53.17464110" lon="12.64469380" />
      <trkpt lat="53.17453490" lon="12.64503720" />
      <trkpt lat="53.17443860" lon="12.64534650" />
      <trkpt lat="53.17288810" lon="12.65032960" />
      <trkpt lat="53.17151110" lon="12.65492530" />
      <trkpt lat="53.16983200" lon="12.65957380" />
      <trkpt lat="53.16976130" lon="12.65989240" />
      <trkpt lat="53.17087510" lon="12.67445310" />
      <trkpt lat="53.17133930" lon="12.68054830" />
      <trkpt lat="53.17134250" lon="12.68107180" />
      <trkpt lat="53.17122150" lon="12.68219190" />
      <trkpt lat="53.17105770" lon="12.68360930" />
      <trkpt lat="53.17080470" lon="12.68575600" />
      <trkpt lat="53.17076070" lon="12.68612970" />
      <trkpt lat="53.17065810" lon="12.68731610" />
      <trkpt lat="53.17057200" lon="12.69103250" />
      <trkpt lat="53.17044000" lon="12.69674960" />
      <trkpt lat="53.17033590" lon="12.70118340" />
      <trkpt lat="53.17031070" lon="12.70158210" />
      <trkpt lat="53.17019650" lon="12.70190450" />
      <trkpt lat="53.17002560" lon="12.70206420" />
      <trkpt lat="53.16976770" lon="12.70215810" />
      <trkpt lat="53.16095910" lon="12.70480540" />
      <trkpt lat="53.15835480" lon="12.70561710" />
      <trkpt lat="53.15815790" lon="12.70567070" />
      <trkpt lat="53.15804270" lon="12.70579300" />
      <trkpt lat="53.15802600" lon="12.70629730" />
      <trkpt lat="53.15839580" lon="12.71234690" />
      <trkpt lat="53.15850480" lon="12.71408800" />
      <trkpt lat="53.15868730" lon="12.71687830" />
      <trkpt lat="53.15870000" lon="12.71714760" />
      <trkpt lat="53.15870540" lon="12.71753210" />
      <trkpt lat="53.15868490" lon="12.71806220" />
      <trkpt lat="53.15865590" lon="12.71841880" />
      <trkpt lat="53.15852000" lon="12.71966670" />
      <trkpt lat="53.15765100" lon="12.72744830" />
      <trkpt lat="53.15704300" lon="12.73273550" />
      <trkpt lat="53.15694360" lon="12.73363800" />
      <trkpt lat="53.15691730" lon="12.73390320" />
      <trkpt lat="53.15689180" lon="12.73409980" />
      <trkpt lat="53.15684080" lon="12.73458180" />
      <trkpt lat="53.15616780" lon="12.74040750" />
      <trkpt lat="53.15547780" lon="12.74621670" />
      <trkpt lat="53.15533240" lon="12.74746290" />
      <trkpt lat="53.15528290" lon="12.74803620" />
      <trkpt lat="53.15525880" lon="12.74857210" />
      <trkpt lat="53.15525670" lon="12.74912000" />
      <trkpt lat="53.15530430" lon="12.75040760" />
      <trkpt lat="53.15533360" lon="12.75130890" />
      <trkpt lat="53.15535630" lon="12.75172130" />
      <trkpt lat="53.15540660" lon="12.75205690" />
      <trkpt lat="53.15547790" lon="12.75228330" />
      <trkpt lat="53.15555560" lon="12.75249130" />
      <trkpt lat="53.15560680" lon="12.75259770" />
      <trkpt lat="53.15591010" lon="12.75310430" />
      <trkpt lat="53.15607330" lon="12.75340950" />
      <trkpt lat="53.15623210" lon="12.75374770" />
      <trkpt lat="53.15640410" lon="12.75416030" />
      <trkpt lat="53.15648320" lon="12.75438240" />
      <trkpt lat="53.15655100" lon="12.75461440" />
      <trkpt lat="53.15662030" lon="12.75488340" />
      <trkpt lat="53.15703630" lon="12.75645090" />
      <trkpt lat="53.15724770" lon="12.75727440" />
      <trkpt lat="53.15727200" lon="12.75736890" />
      <trkpt lat="53.15729500" lon="12.75745500" />
      <trkpt lat="53.15732580" lon="12.75757440" />
      <trkpt lat="53.15749380" lon="12.75821550" />
      <trkpt lat="53.15806460" lon="12.76039350" />
      <trkpt lat="53.15813090" lon="12.76065320" />
      <trkpt lat="53.15826750" lon="12.76119780" />
      <trkpt lat="53.15836700" lon="12.76163450" />
      <trkpt lat="53.15839500" lon="12.76175760" />
      <trkpt lat="53.15850060" lon="12.76237400" />
      <trkpt lat="53.15783690" lon="12.76295980" />
      <trkpt lat="53.15629880" lon="12.76430480" />
      <trkpt lat="53.15619000" lon="12.76450510" />
      <trkpt lat="53.15610320" lon="12.76475280" />
      <trkpt lat="53.15585870" lon="12.76540810" />
      <trkpt lat="53.15576220" lon="12.76565070" />
      <trkpt lat="53.15547640" lon="12.76642540" />
      <trkpt lat="53.15542620" lon="12.76679400" />
      <trkpt lat="53.15528250" lon="12.76798270" />
    </trkseg>
  </trk>
  <trk>
    <name>KP3-KP29</name>
    <trkseg>
      <trkpt lat="52.63899820" lon="13.08377060" />
      <trkpt lat="52.63914770" lon="13.08456730" />
      <trkpt lat="52.63921160" lon="13.08490370" />
      <trkpt lat="52.63933080" lon="13.08556900" />
      <trkpt lat="52.63966510" lon="13.08730510" />
      <trkpt lat="52.63967860" lon="13.08767170" />
      <trkpt lat="52.63968390" lon="13.08791630" />
      <trkpt lat="52.63963850" lon="13.08830990" />
      <trkpt lat="52.63966360" lon="13.08880510" />
      <trkpt lat="52.63969600" lon="13.08930200" />
      <trkpt lat="52.63971720" lon="13.08945090" />
      <trkpt lat="52.63976840" lon="13.08963470" />
      <trkpt lat="52.63987870" lon="13.09058480" />
      <trkpt lat="52.63994820" lon="13.09115310" />
      <trkpt lat="52.64008500" lon="13.09211030" />
      <trkpt lat="52.64005730" lon="13.09218650" />
      <trkpt lat="52.64004020" lon="13.09223370" />
      <trkpt lat="52.64009880" lon="13.09269770" />
      <trkpt lat="52.64015420" lon="13.09280630" />
      <trkpt lat="52.64046750" lon="13.09391270" />
      <trkpt lat="52.64047470" lon="13.09393150" />
      <trkpt lat="52.64071810" lon="13.09456520" />
      <trkpt lat="52.64077820" lon="13.09473910" />
      <trkpt lat="52.64075310" lon="13.09480730" />
      <trkpt lat="52.64077730" lon="13.09497120" />
      <trkpt lat="52.64084920" lon="13.09512980" />
      <trkpt lat="52.64098860" lon="13.09537630" />
      <trkpt lat="52.64107540" lon="13.09551000" />
      <trkpt lat="52.64118080" lon="13.09561000" />
      <trkpt lat="52.64136920" lon="13.09572320" />
      <trkpt lat="52.64160830" lon="13.09583310" />
      <trkpt lat="52.64169270" lon="13.09587580" />
      <trkpt lat="52.64177430" lon="13.09593390" />
      <trkpt lat="52.64185370" lon="13.09600850" />
      <trkpt lat="52.64193350" lon="13.09610580" />
      <trkpt lat="52.64199570" lon="13.09620140" />
      <trkpt lat="52.64205360" lon="13.09631160" />
      <trkpt lat="52.64246200" lon="13.09730970" />
      <trkpt lat="52.64293600" lon="13.09846810" />
      <trkpt lat="52.64333600" lon="13.09943510" />
      <trkpt lat="52.64338450" lon="13.09955230" />
      <trkpt lat="52.64348530" lon="13.09977970" />
      <trkpt lat="52.64352360" lon="13.09988910" />
      <trkpt lat="52.64413010" lon="13.10135460" />
      <trkpt lat="52.64439390" lon="13.10199170" />
      <trkpt lat="52.64454620" lon="13.10235960" />
      <trkpt lat="52.64466980" lon="13.10265550" />
      <trkpt lat="52.64478170" lon="13.10292370" />
      <trkpt lat="52.64498540" lon="13.10341200" />
      <trkpt lat="52.64505240" lon="13.10357270" />
      <trkpt lat="52.64510550" lon="13.10370280" />
      <trkpt lat="52.64518200" lon="13.10389060" />
      <trkpt lat="52.64523120" lon="13.10401120" />
      <trkpt lat="52.64524350" lon="13.10404140" />
      <trkpt lat="52.64518880" lon="13.10409760" />
      <trkpt lat="52.64522870" lon="13.10425730" />
      <trkpt lat="52.64537930" lon="13.10462180" />
      <trkpt lat="52.64553590" lon="13.10500060" />
      <trkpt lat="52.64567740" lon="13.10534320" />
      <trkpt lat="52.64583280" lon="13.10571910" />
      <trkpt lat="52.64600110" lon="13.10612630" />
      <trkpt lat="52.64618590" lon="13.10657360" />
      <trkpt lat="52.64633500" lon="13.10693520" />
      <trkpt lat="52.64658650" lon="13.10754520" />
      <trkpt lat="52.64694830" lon="13.10842250" />
      <trkpt lat="52.64729900" lon="13.10933480" />
      <trkpt lat="52.64737750" lon="13.10954430" />
      <trkpt lat="52.64743060" lon="13.10974150" />
      <trkpt lat="52.64749160" lon="13.11001970" />
      <trkpt lat="52.64754610" lon="13.11034880" />
      <trkpt lat="52.64773720" lon="13.11192900" />
      <trkpt lat="52.64819110" lon="13.11536530" />
      <trkpt lat="52.64826020" lon="13.11585250" />
      <trkpt lat="52.64831190" lon="13.11637760" />
      <trkpt lat="52.64834070" lon="13.11665450" />
      <trkpt lat="52.64836240" lon="13.11705920" />
      <trkpt lat="52.64832440" lon="13.11780320" />
      <trkpt lat="52.64825820" lon="13.11914320" />
      <trkpt lat="52.64824960" lon="13.11936240" />
      <trkpt lat="52.64826570" lon="13.11958230" />
      <trkpt lat="52.64825860" lon="13.11973420" />
      <trkpt lat="52.64824170" lon="13.11990820" />
      <trkpt lat="52.64821310" lon="13.12008360" />
      <trkpt lat="52.64814040" lon="13.12101950" />
    </trkseg>
  </trk>
  <trk>
    <name>KP30-KP55</name>
    <trkseg>
      <trkpt lat="52.90697180" lon="12.67422230" />
      <trkpt lat="52.90712670" lon="12.67366510" />
      <trkpt lat="52.90717240" lon="12.67350090" />
      <trkpt lat="52.90750430" lon="12.67234990" />
      <trkpt lat="52.90775080" lon="12.67156580" />
      <trkpt lat="52.90829650" lon="12.66946780" />
      <trkpt lat="52.90878100" lon="12.66760480" />
      <trkpt lat="52.90887240" lon="12.66725830" />
      <trkpt lat="52.90932440" lon="12.66554150" />
      <trkpt lat="52.90948570" lon="12.66493350" />
      <trkpt lat="52.91043180" lon="12.66136690" />
      <trkpt lat="52.91051890" lon="12.66095920" />
      <trkpt lat="52.91056260" lon="12.66075440" />
      <trkpt lat="52.91060310" lon="12.66037580" />
      <trkpt lat="52.91058100" lon="12.65972160" />
      <trkpt lat="52.91054150" lon="12.65904490" />
      <trkpt lat="52.91047750" lon="12.65858170" />
      <trkpt lat="52.91028840" lon="12.65736750" />
      <trkpt lat="52.91007210" lon="12.65597690" />
      <trkpt lat="52.91005840" lon="12.65563180" />
      <trkpt lat="52.91006440" lon="12.65539640" />
      <trkpt lat="52.91017010" lon="12.65362390" />
      <trkpt lat="52.91029070" lon="12.65200550" />
      <trkpt lat="52.91038220" lon="12.65038560" />
      <trkpt lat="52.91048060" lon="12.64573620" />
      <trkpt lat="52.91052300" lon="12.64345780" />
      <trkpt lat="52.91062980" lon="12.64284270" />
      <trkpt lat="52.91204710" lon="12.63987670" />
      <trkpt lat="52.91284550" lon="12.63913710" />
      <trkpt lat="52.91300140" lon="12.63897160" />
      <trkpt lat="52.91344040" lon="12.63835360" />
      <trkpt lat="52.91383870" lon="12.63770520" />
      <trkpt lat="52.91401950" lon="12.63729700" />
      <trkpt lat="52.91415510" lon="12.63686560" />
      <trkpt lat="52.91419450" lon="12.63638560" />
      <trkpt lat="52.91415120" lon="12.63596680" />
      <trkpt lat="52.91311070" lon="12.63144780" />
      <trkpt lat="52.91191390" lon="12.62670820" />
      <trkpt lat="52.91174160" lon="12.62602560" />
      <trkpt lat="52.91167940" lon="12.62578010" />
      <trkpt lat="52.91165030" lon="12.62555750" />
      <trkpt lat="52.91164220" lon="12.62527320" />
      <trkpt lat="52.91166000" lon="12.62498620" />
      <trkpt lat="52.91168560" lon="12.62476850" />
      <trkpt lat="52.91201900" lon="12.62254800" />
      <trkpt lat="52.91222680" lon="12.62152580" />
      <trkpt lat="52.91286020" lon="12.61833690" />
      <trkpt lat="52.91381600" lon="12.61170120" />
      <trkpt lat="52.91383540" lon="12.61159120" />
      <trkpt lat="52.91393570" lon="12.61133370" />
      <trkpt lat="52.91401620" lon="12.61116680" />
      <trkpt lat="52.91504200" lon="12.61049420" />
      <trkpt lat="52.91528790" lon="12.61033730" />
      <trkpt lat="52.91537110" lon="12.61021930" />
      <trkpt lat="52.91543020" lon="12.61010530" />
      <trkpt lat="52.91548360" lon="12.60995240" />
      <trkpt lat="52.91552200" lon="12.60976500" />
      <trkpt lat="52.91552640" lon="12.60957290" />
      <trkpt lat="52.91552240" lon="12.60938640" />
      <trkpt lat="52.91546580" lon="12.60833500" />
      <trkpt lat="52.91543500" lon="12.60802660" />
      <trkpt lat="52.91536310" lon="12.60772620" />
      <trkpt lat="52.91521990" lon="12.60727420" />
      <trkpt lat="52.91516750" lon="12.60711000" />
      <trkpt lat="52.91495100" lon="12.60643070" />
      <trkpt lat="52.91490570" lon="12.60612150" />
      <trkpt lat="52.91491660" lon="12.60582390" />
      <trkpt lat="52.91556600" lon="12.60235630" />
      <trkpt lat="52.91647690" lon="12.59760820" />
      <trkpt lat="52.91645500" lon="12.59725660" />
      <trkpt lat="52.91517410" lon="12.59381520" />
      <trkpt lat="52.91461690" lon="12.59256600" />
      <trkpt lat="52.91420180" lon="12.59163420" />
      <trkpt lat="52.91379390" lon="12.59072570" />
      <trkpt lat="52.91348210" lon="12.59003140" />
      <trkpt lat="52.91272100" lon="12.58832040" />
      <trkpt lat="52.91248230" lon="12.58779550" />
      <trkpt lat="52.91223010" lon="12.58721120" />
      <trkpt lat="52.91191390" lon="12.58678880" />
      <trkpt lat="52.91179020" lon="12.58672180" />
      <trkpt lat="52.91170850" lon="12.58675130" />
      <trkpt lat="52.91163570" lon="12.58686390" />
      <trkpt lat="52.91138010" lon="12.58738430" />
      <trkpt lat="52.91109060" lon="12.58796100" />
      <trkpt lat="52.91104690" lon="12.58802800" />
      <trkpt lat="52.91101300" lon="12.58804010" />
      <trkpt lat="52.91097170" lon="12.58804280" />
      <trkpt lat="52.91092800" lon="12.58802260" />
      <trkpt lat="52.91086250" lon="12.58793950" />
      <trkpt lat="52.91052450" lon="12.58745670" />
      <trkpt lat="52.91023330" lon="12.58701410" />
      <trkpt lat="52.91017130" lon="12.58690360" />
      <trkpt lat="52.90996010" lon="12.58649020" />
      <trkpt lat="52.90991280" lon="12.58638020" />
      <trkpt lat="52.90946450" lon="12.58533860" />
      <trkpt lat="52.90510880" lon="12.57478480" />
      <trkpt lat="52.90500830" lon="12.57454120" />
      <trkpt lat="52.90223380" lon="12.56807300" />
      <trkpt lat="52.90062280" lon="12.56453960" />
      <trkpt lat="52.90039430" lon="12.56403570" />
      <trkpt lat="52.90028340" lon="12.56376740" />
      <trkpt lat="52.90020740" lon="12.56354350" />
      <trkpt lat="52.90013380" lon="12.56329800" />
      <trkpt lat="52.89997080" lon="12.56260470" />
      <trkpt lat="52.89961040" lon="12.56099400" />
      <trkpt lat="52.89937340" lon="12.55992110" />
      <trkpt lat="52.89927140" lon="12.55935120" />
      <trkpt lat="52.89916640" lon="12.55868530" />
      <trkpt lat="52.89888230" lon="12.55670370" />
      <trkpt lat="52.89871970" lon="12.55555580" />
      <trkpt lat="52.89860960" lon="12.55489410" />
      <trkpt lat="52.89856680" lon="12.55475250" />
      <trkpt lat="52.89849740" lon="12.55460610" />
      <trkpt lat="52.89860910" lon="12.55445100" />
      <trkpt lat="52.89897850" lon="12.55434980" />
      <trkpt lat="52.89940020" lon="12.55422660" />
      <trkpt lat="52.90116160" lon="12.55340580" />
      <trkpt lat="52.90325720" lon="12.55220900" />
      <trkpt lat="52.90379000" lon="12.55194060" />
      <trkpt lat="52.90847590" lon="12.54958030" />
      <trkpt lat="52.91123600" lon="12.54815360" />
      <trkpt lat="52.91367660" lon="12.54692960" />
      <trkpt lat="52.91414730" lon="12.54672990" />
      <trkpt lat="52.91709230" lon="12.54360710" />
      <trkpt lat="52.91737170" lon="12.54348320" />
      <trkpt lat="52.91701980" lon="12.54259910" />
      <trkpt lat="52.91660570" lon="12.54146610" />
      <trkpt lat="52.91643220" lon="12.54112080" />
      <trkpt lat="52.91549300" lon="12.53925170" />
      <trkpt lat="52.91417840" lon="12.53659950" />
      <trkpt lat="52.91351040" lon="12.53521560" />
      <trkpt lat="52.91249660" lon="12.53311550" />
      <trkpt lat="52.91105220" lon="12.53001630" />
      <trkpt lat="52.90953040" lon="12.52665180" />
      <trkpt lat="52.90842510" lon="12.52422110" />
      <trkpt lat="52.91272310" lon="12.51892330" />
      <trkpt lat="52.91399620" lon="12.51734820" />
      <trkpt lat="52.91419760" lon="12.51702450" />
      <trkpt lat="52.91485570" lon="12.51515260" />
      <trkpt lat="52.91496120" lon="12.51442200" />
      <trkpt lat="52.91496120" lon="12.51346320" />
      <trkpt lat="52.91490600" lon="12.51236430" />
      <trkpt lat="52.91478910" lon="12.51151320" />
      <trkpt lat="52.91477200" lon="12.51111200" />
      <trkpt lat="52.91534530" lon="12.50815850" />
      <trkpt lat="52.91560730" lon="12.50680890" />
      <trkpt lat="52.91576240" lon="12.50600960" />
    </trkseg>
  </trk>
  <trk>
    <name>KP34-KP56</name>
    <trkseg>
      <trkpt lat="52.85163710" lon="12.60393300" />
      <trkpt lat="52.85153540" lon="12.60378500" />
      <trkpt lat="52.85096900" lon="12.60291690" />
      <trkpt lat="52.85023480" lon="12.60194480" />
      <trkpt lat="52.84924740" lon="12.60067080" />
      <trkpt lat="52.84536610" lon="12.59842610" />
      <trkpt lat="52.84487660" lon="12.59795630" />
      <trkpt lat="52.84346690" lon="12.59650130" />
      <trkpt lat="52.84113050" lon="12.59400920" />
      <trkpt lat="52.84052710" lon="12.59343480" />
      <trkpt lat="52.83689480" lon="12.58615430" />
      <trkpt lat="52.83687630" lon="12.58611730" />
      <trkpt lat="52.83572960" lon="12.58541800" />
      <trkpt lat="52.83545410" lon="12.58514310" />
      <trkpt lat="52.82996830" lon="12.57967050" />
      <trkpt lat="52.82985650" lon="12.57955900" />
      <trkpt lat="52.82946370" lon="12.57932960" />
      <trkpt lat="52.82751400" lon="12.57819090" />
      <trkpt lat="52.82651900" lon="12.57760010" />
      <trkpt lat="52.82605500" lon="12.57737340" />
      <trkpt lat="52.82600210" lon="12.57719850" />
      <trkpt lat="52.82590090" lon="12.57693730" />
      <trkpt lat="52.82582070" lon="12.57674990" />
      <trkpt lat="52.82528820" lon="12.57556040" />
      <trkpt lat="52.82518940" lon="12.57530890" />
      <trkpt lat="52.82486830" lon="12.57426180" />
      <trkpt lat="52.82478160" lon="12.57417470" />
    </trkseg>
  </trk>
  <trk>
    <name>KP37-KP54</name>
    <trkseg>
      <trkpt lat="52.99466110" lon="12.62854870" />
      <trkpt lat="52.99423030" lon="12.62795430" />
      <trkpt lat="52.99397300" lon="12.62758880" />
      <trkpt lat="52.99366460" lon="12.62721050" />
      <trkpt lat="52.99213820" lon="12.62563000" />
      <trkpt lat="52.99164320" lon="12.62504330" />
      <trkpt lat="52.99135030" lon="12.62466440" />
      <trkpt lat="52.98969700" lon="12.62255080" />
      <trkpt lat="52.98869590" lon="12.62127410" />
      <trkpt lat="52.98775940" lon="12.61984710" />
      <trkpt lat="52.98731380" lon="12.61913900" />
      <trkpt lat="52.98706240" lon="12.61853400" />
      <trkpt lat="52.98677350" lon="12.61722610" />
      <trkpt lat="52.98668180" lon="12.61665370" />
      <trkpt lat="52.98653860" lon="12.61574710" />
      <trkpt lat="52.98643240" lon="12.61487950" />
      <trkpt lat="52.98635520" lon="12.61390120" />
      <trkpt lat="52.98631500" lon="12.61339180" />
      <trkpt lat="52.98626340" lon="12.61284460" />
      <trkpt lat="52.98617940" lon="12.61228670" />
      <trkpt lat="52.98583710" lon="12.61078470" />
      <trkpt lat="52.98571450" lon="12.61037000" />
      <trkpt lat="52.98544300" lon="12.60931800" />
      <trkpt lat="52.98533630" lon="12.60891120" />
      <trkpt lat="52.98523490" lon="12.60861130" />
      <trkpt lat="52.98508340" lon="12.60821780" />
      <trkpt lat="52.98491740" lon="12.60785140" />
      <trkpt lat="52.98446090" lon="12.60696450" />
      <trkpt lat="52.98380790" lon="12.60507560" />
      <trkpt lat="52.98345330" lon="12.60362780" />
      <trkpt lat="52.98333700" lon="12.60191120" />
      <trkpt lat="52.98330470" lon="12.60091340" />
      <trkpt lat="52.98333700" lon="12.60040910" />
      <trkpt lat="52.98324010" lon="12.59952940" />
      <trkpt lat="52.98311740" lon="12.59844580" />
      <trkpt lat="52.98310450" lon="12.59755530" />
      <trkpt lat="52.98284610" lon="12.59654680" />
      <trkpt lat="52.98240690" lon="12.59568850" />
      <trkpt lat="52.98178030" lon="12.59457270" />
      <trkpt lat="52.98147670" lon="12.59382160" />
      <trkpt lat="52.98132810" lon="12.59287750" />
      <trkpt lat="52.98108270" lon="12.59120380" />
      <trkpt lat="52.98092120" lon="12.58986270" />
      <trkpt lat="52.98083070" lon="12.58914390" />
      <trkpt lat="52.98081780" lon="12.58788860" />
      <trkpt lat="52.98085310" lon="12.58717570" />
      <trkpt lat="52.98077260" lon="12.58677280" />
      <trkpt lat="52.98085010" lon="12.58644020" />
      <trkpt lat="52.98106330" lon="12.58622560" />
      <trkpt lat="52.98126350" lon="12.58606470" />
      <trkpt lat="52.98139130" lon="12.58571010" />
      <trkpt lat="52.98133460" lon="12.58531370" />
      <trkpt lat="52.98132170" lon="12.58472360" />
      <trkpt lat="52.98121830" lon="12.58419790" />
      <trkpt lat="52.98110580" lon="12.58381700" />
      <trkpt lat="52.98088890" lon="12.58291040" />
      <trkpt lat="52.98005560" lon="12.58047500" />
      <trkpt lat="52.97990050" lon="12.57979910" />
      <trkpt lat="52.97910600" lon="12.57713830" />
      <trkpt lat="52.97902850" lon="12.57622640" />
      <trkpt lat="52.97879590" lon="12.57520710" />
      <trkpt lat="52.97871840" lon="12.57413420" />
      <trkpt lat="52.97842770" lon="12.57331880" />
      <trkpt lat="52.97809820" lon="12.57206360" />
      <trkpt lat="52.97766540" lon="12.56996070" />
      <trkpt lat="52.97725200" lon="12.56875910" />
      <trkpt lat="52.97716150" lon="12.56810460" />
      <trkpt lat="52.97723900" lon="12.56667770" />
      <trkpt lat="52.97738760" lon="12.56518640" />
      <trkpt lat="52.97753620" lon="12.56441390" />
      <trkpt lat="52.97749740" lon="12.56215010" />
      <trkpt lat="52.97760080" lon="12.56127040" />
      <trkpt lat="52.97767830" lon="12.56033690" />
      <trkpt lat="52.97770420" lon="12.55981120" />
      <trkpt lat="52.97768480" lon="12.55951080" />
      <trkpt lat="52.97712920" lon="12.55709680" />
      <trkpt lat="52.97616120" lon="12.55238950" />
      <trkpt lat="52.97606970" lon="12.55182900" />
      <trkpt lat="52.97502310" lon="12.54653970" />
      <trkpt lat="52.97420260" lon="12.54237690" />
      <trkpt lat="52.97285880" lon="12.53570350" />
      <trkpt lat="52.97144160" lon="12.52847200" />
      <trkpt lat="52.97103410" lon="12.52639350" />
      <trkpt lat="52.97096000" lon="12.52637140" />
      <trkpt lat="52.97004010" lon="12.52393540" />
      <trkpt lat="52.96940690" lon="12.52205440" />
      <trkpt lat="52.96923410" lon="12.52161500" />
      <trkpt lat="52.96910880" lon="12.52103600" />
      <trkpt lat="52.96888290" lon="12.51999220" />
      <trkpt lat="52.96616750" lon="12.52153440" />
      <trkpt lat="52.96558590" lon="12.52181280" />
      <trkpt lat="52.96198640" lon="12.52248670" />
      <trkpt lat="52.95776660" lon="12.52440040" />
      <trkpt lat="52.95709980" lon="12.52450970" />
      <trkpt lat="52.95556740" lon="12.52187580" />
      <trkpt lat="52.95438120" lon="12.52117210" />
    </trkseg>
  </trk>
  <trk>
    <name>KP4-KP20</name>
    <trkseg>
      <trkpt lat="52.63770040" lon="13.04247470" />
      <trkpt lat="52.63778530" lon="13.04220850" />
      <trkpt lat="52.63784620" lon="13.04201390" />
      <trkpt lat="52.63856170" lon="13.03910490" />
      <trkpt lat="52.63875430" lon="13.03849670" />
      <trkpt lat="52.63896030" lon="13.03865960" />
      <trkpt lat="52.63971260" lon="13.03900660" />
      <trkpt lat="52.63999370" lon="13.03915940" />
      <trkpt lat="52.64013590" lon="13.03926590" />
      <trkpt lat="52.64016150" lon="13.03919770" />
      <trkpt lat="52.64026560" lon="13.03891960" />
      <trkpt lat="52.64029890" lon="13.03894730" />
      <trkpt lat="52.64033120" lon="13.03896520" />
      <trkpt lat="52.64036450" lon="13.03895830" />
      <trkpt lat="52.64040500" lon="13.03894220" />
      <trkpt lat="52.64044930" lon="13.03890560" />
      <trkpt lat="52.64103110" lon="13.03848140" />
      <trkpt lat="52.64115930" lon="13.03838690" />
      <trkpt lat="52.64189370" lon="13.03784560" />
      <trkpt lat="52.64217030" lon="13.03764170" />
      <trkpt lat="52.64336630" lon="13.03661280" />
      <trkpt lat="52.64340120" lon="13.03639240" />
      <trkpt lat="52.64436230" lon="13.03138630" />
      <trkpt lat="52.64509940" lon="13.02749110" />
      <trkpt lat="52.64589070" lon="13.02337390" />
      <trkpt lat="52.64591910" lon="13.02322370" />
      <trkpt lat="52.64625480" lon="13.02146900" />
      <trkpt lat="52.64634680" lon="13.02104350" />
      <trkpt lat="52.64638010" lon="13.02100210" />
      <trkpt lat="52.64640820" lon="13.02100920" />
      <trkpt lat="52.64714580" lon="13.02168340" />
      <trkpt lat="52.64750340" lon="13.02107700" />
      <trkpt lat="52.64794460" lon="13.02014520" />
      <trkpt lat="52.64870660" lon="13.01855900" />
      <trkpt lat="52.64891550" lon="13.01827200" />
      <trkpt lat="52.64902790" lon="13.01801970" />
      <trkpt lat="52.64934900" lon="13.01724480" />
      <trkpt lat="52.64977300" lon="13.01631670" />
      <trkpt lat="52.65047240" lon="13.01481860" />
      <trkpt lat="52.65056470" lon="13.01453570" />
      <trkpt lat="52.65062440" lon="13.01433430" />
      <trkpt lat="52.65090370" lon="13.01375030" />
      <trkpt lat="52.65114200" lon="13.01327400" />
      <trkpt lat="52.65137120" lon="13.01276670" />
      <trkpt lat="52.65168580" lon="13.01188320" />
      <trkpt lat="52.65170260" lon="13.01177040" />
      <trkpt lat="52.65168680" lon="13.01166930" />
      <trkpt lat="52.65160930" lon="13.01144440" />
      <trkpt lat="52.65161920" lon="13.01131550" />
      <trkpt lat="52.65166970" lon="13.01112100" />
      <trkpt lat="52.65181040" lon="13.01073210" />
      <trkpt lat="52.65185280" lon="13.01061950" />
      <trkpt lat="52.65193570" lon="13.01053760" />
      <trkpt lat="52.65200650" lon="13.01040080" />
      <trkpt lat="52.65210910" lon="13.01014370" />
      <trkpt lat="52.65215400" lon="13.01012510" />
      <trkpt lat="52.65234380" lon="13.01019180" />
      <trkpt lat="52.65258170" lon="13.01028130" />
      <trkpt lat="52.65279220" lon="13.01042890" />
      <trkpt lat="52.65290120" lon="13.01051240" />
      <trkpt lat="52.65292730" lon="13.01054610" />
      <trkpt lat="52.65295750" lon="13.01052400" />
      <trkpt lat="52.65298500" lon="13.01050370" />
      <trkpt lat="52.65312190" lon="13.01016640" />
      <trkpt lat="52.65321060" lon="13.01001510" />
      <trkpt lat="52.65326250" lon="13.00992100" />
      <trkpt lat="52.65334880" lon="13.00969600" />
      <trkpt lat="52.65335520" lon="13.00968000" />
      <trkpt lat="52.65338030" lon="13.00961740" />
      <trkpt lat="52.65339900" lon="13.00957050" />
      <trkpt lat="52.65367410" lon="13.00978660" />
      <trkpt lat="52.65402840" lon="13.01004400" />
      <trkpt lat="52.65534070" lon="13.01099740" />
      <trkpt lat="52.65548360" lon="13.01110860" />
      <trkpt lat="52.65566300" lon="13.01124990" />
      <trkpt lat="52.65604380" lon="13.01148820" />
      <trkpt lat="52.65638130" lon="13.01167690" />
      <trkpt lat="52.65650340" lon="13.01175280" />
      <trkpt lat="52.65652700" lon="13.01176550" />
      <trkpt lat="52.65674320" lon="13.01188200" />
      <trkpt lat="52.65700060" lon="13.01197130" />
      <trkpt lat="52.65719810" lon="13.01203900" />
      <trkpt lat="52.65727760" lon="13.01206540" />
      <trkpt lat="52.65765370" lon="13.01218240" />
      <trkpt lat="52.65776350" lon="13.01221980" />
      <trkpt lat="52.65792370" lon="13.01227020" />
      <trkpt lat="52.65798530" lon="13.01228950" />
      <trkpt lat="52.65813990" lon="13.01234390" />
      <trkpt lat="52.65824930" lon="13.01237890" />
      <trkpt lat="52.65853560" lon="13.01247460" />
      <trkpt lat="52.65859690" lon="13.01249520" />
      <trkpt lat="52.65899710" lon="13.01268020" />
      <trkpt lat="52.65909890" lon="13.01272530" />
      <trkpt lat="52.65922460" lon="13.01278090" />
      <trkpt lat="52.65961540" lon="13.01296650" />
      <trkpt lat="52.65979920" lon="13.01302750" />
      <trkpt lat="52.66033380" lon="13.01311730" />
      <trkpt lat="52.66069950" lon="13.01315720" />
      <trkpt lat="52.66105980" lon="13.01319980" />
      <trkpt lat="52.66148720" lon="13.01324060" />
      <trkpt lat="52.66161070" lon="13.01329280" />
      <trkpt lat="52.66171070" lon="13.01335200" />
      <trkpt lat="52.66174810" lon="13.01337240" />
      <trkpt lat="52.66183190" lon="13.01341810" />
      <trkpt lat="52.66217320" lon="13.01363790" />
      <trkpt lat="52.66238740" lon="13.01374250" />
      <trkpt lat="52.66249580" lon="13.01378610" />
      <trkpt lat="52.66260650" lon="13.01381300" />
      <trkpt lat="52.66268280" lon="13.01382960" />
      <trkpt lat="52.66317990" lon="13.01388670" />
      <trkpt lat="52.66452730" lon="13.01404140" />
      <trkpt lat="52.66473780" lon="13.01408790" />
      <trkpt lat="52.66491390" lon="13.01413690" />
      <trkpt lat="52.66510720" lon="13.01421420" />
      <trkpt lat="52.66529460" lon="13.01430130" />
      <trkpt lat="52.66550610" lon="13.01442400" />
      <trkpt lat="52.66562180" lon="13.01450480" />
      <trkpt lat="52.66687350" lon="13.01549000" />
      <trkpt lat="52.67054920" lon="13.01809330" />
      <trkpt lat="52.67079150" lon="13.01825300" />
      <trkpt lat="52.67087010" lon="13.01829950" />
      <trkpt lat="52.67113920" lon="13.01845880" />
      <trkpt lat="52.67148310" lon="13.01864160" />
      <trkpt lat="52.67305490" lon="13.01927570" />
      <trkpt lat="52.67464480" lon="13.02015320" />
      <trkpt lat="52.67742960" lon="13.02155580" />
      <trkpt lat="52.68217260" lon="13.02302920" />
      <trkpt lat="52.68294090" lon="13.02326790" />
      <trkpt lat="52.68377570" lon="13.02352730" />
      <trkpt lat="52.68811280" lon="13.02501760" />
      <trkpt lat="52.68821240" lon="13.02505180" />
      <trkpt lat="52.69015240" lon="13.02568440" />
    </trkseg>
  </trk>
  <trk>
    <name>KP44-KP54</name>
    <trkseg>
      <trkpt lat="53.21124050" lon="13.28370330" />
      <trkpt lat="53.21122440" lon="13.28360120" />
      <trkpt lat="53.21102550" lon="13.28262710" />
      <trkpt lat="53.21084670" lon="13.28182920" />
      <trkpt lat="53.21001720" lon="13.27926110" />
      <trkpt lat="53.20986890" lon="13.27856050" />
      <trkpt lat="53.20981320" lon="13.27841530" />
      <trkpt lat="53.20977400" lon="13.27837420" />
      <trkpt lat="53.20972590" lon="13.27835000" />
      <trkpt lat="53.20965870" lon="13.27833590" />
      <trkpt lat="53.20953620" lon="13.27838490" />
      <trkpt lat="53.20948800" lon="13.27840730" />
      <trkpt lat="53.20933360" lon="13.27764970" />
      <trkpt lat="53.20868170" lon="13.27761390" />
      <trkpt lat="53.20830010" lon="13.27757650" />
      <trkpt lat="53.20796450" lon="13.27743950" />
      <trkpt lat="53.20790820" lon="13.27741230" />
      <trkpt lat="53.20731130" lon="13.27712440" />
      <trkpt lat="53.20725860" lon="13.27709900" />
      <trkpt lat="53.20723140" lon="13.27706800" />
      <trkpt lat="53.20713560" lon="13.27692210" />
      <trkpt lat="53.20663610" lon="13.27612570" />
      <trkpt lat="53.20648990" lon="13.27593640" />
      <trkpt lat="53.20628100" lon="13.27563000" />
      <trkpt lat="53.20618760" lon="13.27548630" />
      <trkpt lat="53.20604590" lon="13.27533300" />
      <trkpt lat="53.20556780" lon="13.27495630" />
      <trkpt lat="53.20511970" lon="13.27464580" />
      <trkpt lat="53.20458500" lon="13.27436810" />
      <trkpt lat="53.20420940" lon="13.27415390" />
      <trkpt lat="53.20391150" lon="13.27341360" />
      <trkpt lat="53.20325940" lon="13.27251090" />
      <trkpt lat="53.20322970" lon="13.27245850" />
      <trkpt lat="53.20326570" lon="13.27235350" />
      <trkpt lat="53.20335050" lon="13.27210660" />
      <trkpt lat="53.20342980" lon="13.27154670" />
      <trkpt lat="53.20353020" lon="13.27121790" />
      <trkpt lat="53.20386080" lon="13.27051090" />
      <trkpt lat="53.20404630" lon="13.26998420" />
      <trkpt lat="53.20405750" lon="13.26955110" />
      <trkpt lat="53.20380870" lon="13.26848480" />
      <trkpt lat="53.20331840" lon="13.26692830" />
      <trkpt lat="53.20327470" lon="13.26663560" />
      <trkpt lat="53.20333550" lon="13.26632430" />
      <trkpt lat="53.20330520" lon="13.26602670" />
      <trkpt lat="53.20292680" lon="13.26489010" />
      <trkpt lat="53.20217520" lon="13.26218490" />
      <trkpt lat="53.20192120" lon="13.26136070" />
      <trkpt lat="53.19980020" lon="13.25624450" />
      <trkpt lat="53.19819790" lon="13.25243540" />
      <trkpt lat="53.19804380" lon="13.25200830" />
      <trkpt lat="53.19762260" lon="13.25108930" />
      <trkpt lat="53.19644210" lon="13.24835660" />
      <trkpt lat="53.19294690" lon="13.23995740" />
      <trkpt lat="53.19243750" lon="13.23868780" />
      <trkpt lat="53.19231630" lon="13.23851960" />
      <trkpt lat="53.19194960" lon="13.23839700" />
      <trkpt lat="53.19181640" lon="13.23839520" />
      <trkpt lat="53.18945060" lon="13.23820720" />
      <trkpt lat="53.18950240" lon="13.23878450" />
      <trkpt lat="53.18955800" lon="13.24177710" />
      <trkpt lat="53.18952790" lon="13.24209170" />
      <trkpt lat="53.18942540" lon="13.24227520" />
      <trkpt lat="53.18934030" lon="13.24243990" />
      <trkpt lat="53.18840950" lon="13.24399180" />
      <trkpt lat="53.18822460" lon="13.24428030" />
      <trkpt lat="53.18815300" lon="13.24427770" />
      <trkpt lat="53.18806260" lon="13.24427770" />
      <trkpt lat="53.18771190" lon="13.24423660" />
      <trkpt lat="53.18723430" lon="13.24420420" />
      <trkpt lat="53.18711880" lon="13.24419640" />
      <trkpt lat="53.18665240" lon="13.24414560" />
      <trkpt lat="53.18629760" lon="13.24411550" />
      <trkpt lat="53.18589970" lon="13.24408170" />
      <trkpt lat="53.18559850" lon="13.24405270" />
      <trkpt lat="53.18539360" lon="13.24403290" />
      <trkpt lat="53.18470190" lon="13.24399330" />
      <trkpt lat="53.18462750" lon="13.24401520" />
      <trkpt lat="53.18461580" lon="13.24414780" />
      <trkpt lat="53.18461190" lon="13.24427390" />
      <trkpt lat="53.18462050" lon="13.24451860" />
      <trkpt lat="53.18464170" lon="13.24480390" />
      <trkpt lat="53.18471440" lon="13.24521390" />
      <trkpt lat="53.18474610" lon="13.24543300" />
      <trkpt lat="53.18476460" lon="13.24555680" />
      <trkpt lat="53.18474040" lon="13.24572570" />
      <trkpt lat="53.18463180" lon="13.24654480" />
      <trkpt lat="53.18461580" lon="13.24682540" />
      <trkpt lat="53.18457960" lon="13.24701350" />
      <trkpt lat="53.18431900" lon="13.24768610" />
      <trkpt lat="53.18427620" lon="13.24779650" />
      <trkpt lat="53.18423560" lon="13.24790140" />
      <trkpt lat="53.18387180" lon="13.24876450" />
      <trkpt lat="53.18382840" lon="13.24880800" />
      <trkpt lat="53.18379320" lon="13.24880940" />
      <trkpt lat="53.18373810" lon="13.24876860" />
      <trkpt lat="53.18366710" lon="13.24866900" />
      <trkpt lat="53.18358180" lon="13.24858480" />
      <trkpt lat="53.18346890" lon="13.24851750" />
      <trkpt lat="53.18334850" lon="13.24849330" />
      <trkpt lat="53.18323350" lon="13.24850590" />
      <trkpt lat="53.18301550" lon="13.24855980" />
      <trkpt lat="53.18291070" lon="13.24854620" />
      <trkpt lat="53.18278690" lon="13.24851110" />
      <trkpt lat="53.18271930" lon="13.24847940" />
      <trkpt lat="53.18263830" lon="13.24849160" />
      <trkpt lat="53.18255720" lon="13.24853080" />
      <trkpt lat="53.18238710" lon="13.24862670" />
      <trkpt lat="53.18209950" lon="13.24880670" />
      <trkpt lat="53.18167630" lon="13.24900120" />
      <trkpt lat="53.18124780" lon="13.24912590" />
      <trkpt lat="53.18092120" lon="13.24923150" />
      <trkpt lat="53.18076670" lon="13.24933460" />
      <trkpt lat="53.18070880" lon="13.24948260" />
      <trkpt lat="53.18059530" lon="13.24965280" />
      <trkpt lat="53.18049650" lon="13.24976820" />
      <trkpt lat="53.18045170" lon="13.24980700" />
      <trkpt lat="53.18038330" lon="13.24986240" />
      <trkpt lat="53.18015290" lon="13.25004710" />
      <trkpt lat="53.18008110" lon="13.25010860" />
      <trkpt lat="53.18000930" lon="13.25015020" />
      <trkpt lat="53.17979370" lon="13.24966940" />
      <trkpt lat="53.17959600" lon="13.24884110" />
      <trkpt lat="53.17936680" lon="13.24832670" />
      <trkpt lat="53.17889410" lon="13.24782580" />
      <trkpt lat="53.17849980" lon="13.24761390" />
      <trkpt lat="53.17812780" lon="13.24747340" />
      <trkpt lat="53.17754750" lon="13.24754320" />
      <trkpt lat="53.17702530" lon="13.24669880" />
      <trkpt lat="53.17623030" lon="13.24535020" />
      <trkpt lat="53.17542160" lon="13.24369850" />
      <trkpt lat="53.17539630" lon="13.24364690" />
      <trkpt lat="53.17363330" lon="13.24123180" />
      <trkpt lat="53.17311450" lon="13.24081290" />
      <trkpt lat="53.17289820" lon="13.24063860" />
      <trkpt lat="53.17249840" lon="13.24031590" />
      <trkpt lat="53.17227330" lon="13.24013610" />
      <trkpt lat="53.17215530" lon="13.23999980" />
      <trkpt lat="53.17206830" lon="13.23995400" />
      <trkpt lat="53.17196900" lon="13.23993140" />
      <trkpt lat="53.17189460" lon="13.23999020" />
      <trkpt lat="53.17174600" lon="13.24022420" />
      <trkpt lat="53.17163400" lon="13.24045610" />
      <trkpt lat="53.17158990" lon="13.24053940" />
      <trkpt lat="53.17151260" lon="13.24068550" />
      <trkpt lat="53.17145000" lon="13.24075360" />
      <trkpt lat="53.17139600" lon="13.24077230" />
      <trkpt lat="53.17133890" lon="13.24074870" />
      <trkpt lat="53.17129480" lon="13.24073440" />
      <trkpt lat="53.17123280" lon="13.24067670" />
      <trkpt lat="53.17107860" lon="13.24047700" />
      <trkpt lat="53.17076990" lon="13.24010260" />
      <trkpt lat="53.17054980" lon="13.23980520" />
      <trkpt lat="53.17043970" lon="13.23962180" />
      <trkpt lat="53.17035570" lon="13.23954730" />
      <trkpt lat="53.17032780" lon="13.23947240" />
    </trkseg>
  </trk>
  <trk>
    <name>KP5-KP20</name>
    <trkseg>
      <trkpt lat="52.64829750" lon="13.00408170" />
      <trkpt lat="52.64831300" lon="13.00427240" />
      <trkpt lat="52.64907960" lon="13.00499740" />
      <trkpt lat="52.64999060" lon="13.00600170" />
      <trkpt lat="52.65007000" lon="13.00613480" />
      <trkpt lat="52.65075310" lon="13.00691430" />
      <trkpt lat="52.65135220" lon="13.00758190" />
      <trkpt lat="52.65149920" lon="13.00776340" />
      <trkpt lat="52.65207670" lon="13.00846160" />
      <trkpt lat="52.65236670" lon="13.00879280" />
      <trkpt lat="52.65279410" lon="13.00922200" />
      <trkpt lat="52.65307120" lon="13.00945640" />
      <trkpt lat="52.65322820" lon="13.00960130" />
      <trkpt lat="52.65334880" lon="13.00969600" />
      <trkpt lat="52.65335520" lon="13.00968000" />
      <trkpt lat="52.65338030" lon="13.00961740" />
      <trkpt lat="52.65339900" lon="13.00957050" />
      <trkpt lat="52.65367410" lon="13.00978660" />
      <trkpt lat="52.65402840" lon="13.01004400" />
      <trkpt lat="52.65534070" lon="13.01099740" />
      <trkpt lat="52.65548360" lon="13.01110860" />
      <trkpt lat="52.65566300" lon="13.01124990" />
      <trkpt lat="52.65604380" lon="13.01148820" />
      <trkpt lat="52.65638130" lon="13.01167690" />
      <trkpt lat="52.65650340" lon="13.01175280" />
      <trkpt lat="52.65652700" lon="13.01176550" />
      <trkpt lat="52.65674320" lon="13.01188200" />
      <trkpt lat="52.65700060" lon="13.01197130" />
      <trkpt lat="52.65719810" lon="13.01203900" />
      <trkpt lat="52.65727760" lon="13.01206540" />
      <trkpt lat="52.65765370" lon="13.01218240" />
      <trkpt lat="52.65776350" lon="13.01221980" />
      <trkpt lat="52.65792370" lon="13.01227020" />
      <trkpt lat="52.65798530" lon="13.01228950" />
      <trkpt lat="52.65813990" lon="13.01234390" />
      <trkpt lat="52.65824930" lon="13.01237890" />
      <trkpt lat="52.65853560" lon="13.01247460" />
      <trkpt lat="52.65859690" lon="13.01249520" />
      <trkpt lat="52.65899710" lon="13.01268020" />
      <trkpt lat="52.65909890" lon="13.01272530" />
      <trkpt lat="52.65922460" lon="13.01278090" />
      <trkpt lat="52.65961540" lon="13.01296650" />
      <trkpt lat="52.65979920" lon="13.01302750" />
      <trkpt lat="52.66033380" lon="13.01311730" />
      <trkpt lat="52.66069950" lon="13.01315720" />
      <trkpt lat="52.66105980" lon="13.01319980" />
      <trkpt lat="52.66148720" lon="13.01324060" />
      <trkpt lat="52.66161070" lon="13.01329280" />
      <trkpt lat="52.66171070" lon="13.01335200" />
      <trkpt lat="52.66174810" lon="13.01337240" />
      <trkpt lat="52.66183190" lon="13.01341810" />
      <trkpt lat="52.66217320" lon="13.01363790" />
      <trkpt lat="52.66238740" lon="13.01374250" />
      <trkpt lat="52.66249580" lon="13.01378610" />
      <trkpt lat="52.66260650" lon="13.01381300" />
      <trkpt lat="52.66268280" lon="13.01382960" />
      <trkpt lat="52.66317990" lon="13.01388670" />
      <trkpt lat="52.66452730" lon="13.01404140" />
      <trkpt lat="52.66473780" lon="13.01408790" />
      <trkpt lat="52.66491390" lon="13.01413690" />
      <trkpt lat="52.66510720" lon="13.01421420" />
      <trkpt lat="52.66529460" lon="13.01430130" />
      <trkpt lat="52.66550610" lon="13.01442400" />
      <trkpt lat="52.66562180" lon="13.01450480" />
      <trkpt lat="52.66687350" lon="13.01549000" />
      <trkpt lat="52.67054920" lon="13.01809330" />
      <trkpt lat="52.67079150" lon="13.01825300" />
      <trkpt lat="52.67087010" lon="13.01829950" />
      <trkpt lat="52.67113920" lon="13.01845880" />
      <trkpt lat="52.67148310" lon="13.01864160" />
      <trkpt lat="52.67305490" lon="13.01927570" />
      <trkpt lat="52.67464480" lon="13.02015320" />
      <trkpt lat="52.67742960" lon="13.02155580" />
      <trkpt lat="52.68217260" lon="13.02302920" />
      <trkpt lat="52.68294090" lon="13.02326790" />
      <trkpt lat="52.68377570" lon="13.02352730" />
      <trkpt lat="52.68811280" lon="13.02501760" />
      <trkpt lat="52.68821240" lon="13.02505180" />
      <trkpt lat="52.69015240" lon="13.02568440" />
    </trkseg>
  </trk>
  <trk>
    <name>KP6-KP24</name>
    <trkseg>
      <trkpt lat="52.65914880" lon="12.92246260" />
      <trkpt lat="52.65913780" lon="12.92232300" />
      <trkpt lat="52.65935020" lon="12.92243720" />
      <trkpt lat="52.65949180" lon="12.92251860" />
      <trkpt lat="52.65985300" lon="12.92256630" />
      <trkpt lat="52.66014010" lon="12.91863810" />
      <trkpt lat="52.66026560" lon="12.91804860" />
      <trkpt lat="52.66028710" lon="12.91794780" />
      <trkpt lat="52.66114780" lon="12.91528480" />
      <trkpt lat="52.66120420" lon="12.91509050" />
      <trkpt lat="52.66121770" lon="12.91504400" />
      <trkpt lat="52.66122210" lon="12.91502890" />
      <trkpt lat="52.66154340" lon="12.91405120" />
      <trkpt lat="52.66171660" lon="12.91352440" />
      <trkpt lat="52.66193850" lon="12.91283670" />
      <trkpt lat="52.66212950" lon="12.91224460" />
      <trkpt lat="52.66220280" lon="12.91201550" />
      <trkpt lat="52.66228860" lon="12.91174750" />
      <trkpt lat="52.66281560" lon="12.91010110" />
      <trkpt lat="52.66297080" lon="12.90962660" />
      <trkpt lat="52.66317400" lon="12.90900530" />
      <trkpt lat="52.66324910" lon="12.90870560" />
      <trkpt lat="52.66331950" lon="12.90841120" />
      <trkpt lat="52.66335860" lon="12.90812280" />
      <trkpt lat="52.66337590" lon="12.90784710" />
      <trkpt lat="52.66338740" lon="12.90761090" />
      <trkpt lat="52.66337490" lon="12.90705800" />
      <trkpt lat="52.66325350" lon="12.90547490" />
      <trkpt lat="52.66323650" lon="12.90499270" />
      <trkpt lat="52.66358020" lon="12.90262490" />
      <trkpt lat="52.66363830" lon="12.90222470" />
      <trkpt lat="52.66387460" lon="12.90020810" />
      <trkpt lat="52.66414380" lon="12.89816010" />
      <trkpt lat="52.66418510" lon="12.89786860" />
      <trkpt lat="52.66432090" lon="12.89690920" />
      <trkpt lat="52.66432770" lon="12.89686120" />
      <trkpt lat="52.66452510" lon="12.89546670" />
      <trkpt lat="52.66455550" lon="12.89525170" />
      <trkpt lat="52.66460680" lon="12.89488980" />
      <trkpt lat="52.66491870" lon="12.89252420" />
      <trkpt lat="52.66538870" lon="12.88889410" />
      <trkpt lat="52.66554330" lon="12.88459260" />
      <trkpt lat="52.66561970" lon="12.88332180" />
      <trkpt lat="52.66562920" lon="12.88253870" />
      <trkpt lat="52.66562020" lon="12.88240410" />
      <trkpt lat="52.66485340" lon="12.87913630" />
      <trkpt lat="52.66475920" lon="12.87869180" />
      <trkpt lat="52.66401550" lon="12.87512980" />
      <trkpt lat="52.66285450" lon="12.86992630" />
      <trkpt lat="52.66280240" lon="12.86969260" />
      <trkpt lat="52.66267890" lon="12.86913920" />
      <trkpt lat="52.66213960" lon="12.86672210" />
      <trkpt lat="52.66184890" lon="12.86541940" />
      <trkpt lat="52.66231300" lon="12.86468320" />
      <trkpt lat="52.66269840" lon="12.86406960" />
      <trkpt lat="52.66319320" lon="12.86329780" />
      <trkpt lat="52.66403450" lon="12.86205040" />
      <trkpt lat="52.66759580" lon="12.85647880" />
      <trkpt lat="52.67841070" lon="12.83950410" />
      <trkpt lat="52.68147090" lon="12.83473890" />
      <trkpt lat="52.68180880" lon="12.83417270" />
      <trkpt lat="52.68226040" lon="12.83334980" />
      <trkpt lat="52.68263160" lon="12.83262430" />
      <trkpt lat="52.68303500" lon="12.83188460" />
      <trkpt lat="52.68330750" lon="12.83133950" />
      <trkpt lat="52.68339130" lon="12.83104480" />
      <trkpt lat="52.68344150" lon="12.83079370" />
      <trkpt lat="52.68354010" lon="12.83082470" />
      <trkpt lat="52.68359720" lon="12.83081110" />
      <trkpt lat="52.68373180" lon="12.83072110" />
      <trkpt lat="52.68385510" lon="12.83059840" />
      <trkpt lat="52.68417870" lon="12.83021630" />
      <trkpt lat="52.68513400" lon="12.82908350" />
      <trkpt lat="52.68579660" lon="12.82832950" />
      <trkpt lat="52.69229420" lon="12.82054720" />
      <trkpt lat="52.69272260" lon="12.82012950" />
      <trkpt lat="52.69538930" lon="12.81853580" />
      <trkpt lat="52.69562050" lon="12.81836550" />
      <trkpt lat="52.69573610" lon="12.81830870" />
      <trkpt lat="52.69580050" lon="12.81831900" />
      <trkpt lat="52.69606520" lon="12.81864970" />
      <trkpt lat="52.69612020" lon="12.81866940" />
      <trkpt lat="52.69617010" lon="12.81859630" />
      <trkpt lat="52.69622920" lon="12.81853280" />
      <trkpt lat="52.69647670" lon="12.81815580" />
      <trkpt lat="52.69677560" lon="12.81769050" />
      <trkpt lat="52.69752640" lon="12.81661620" />
      <trkpt lat="52.69788690" lon="12.81594520" />
      <trkpt lat="52.70215030" lon="12.80796340" />
    </trkseg>
  </trk>
  <trk>
    <name>KP6-KP35</name>
    <trkseg>
      <trkpt lat="52.659598" lon="12.92267">
        <ele>31.75</ele>
      </trkpt>
      <trkpt lat="52.659808" lon="12.922769">
        <ele>31.75</ele>
      </trkpt>
      <trkpt lat="52.659853" lon="12.922566">
        <ele>31.75</ele>
      </trkpt>
      <trkpt lat="52.65994" lon="12.922607">
        <ele>31.75</ele>
      </trkpt>
      <trkpt lat="52.66004" lon="12.922599">
        <ele>31.75</ele>
      </trkpt>
      <trkpt lat="52.660637" lon="12.922933">
        <ele>30.75</ele>
      </trkpt>
      <trkpt lat="52.662236" lon="12.924355">
        <ele>31</ele>
      </trkpt>
      <trkpt lat="52.66255" lon="12.924651">
        <ele>32</ele>
      </trkpt>
      <trkpt lat="52.662794" lon="12.924798">
        <ele>32</ele>
      </trkpt>
      <trkpt lat="52.663746" lon="12.925776">
        <ele>35.5</ele>
      </trkpt>
      <trkpt lat="52.663768" lon="12.925806">
        <ele>35.75</ele>
      </trkpt>
      <trkpt lat="52.663804" lon="12.925909">
        <ele>36.5</ele>
      </trkpt>
      <trkpt lat="52.66385" lon="12.925983">
        <ele>36.75</ele>
      </trkpt>
      <trkpt lat="52.66391" lon="12.926029">
        <ele>37.25</ele>
      </trkpt>
      <trkpt lat="52.670339" lon="12.928511">
        <ele>40.25</ele>
      </trkpt>
      <trkpt lat="52.670879" lon="12.928705">
        <ele>36</ele>
      </trkpt>
      <trkpt lat="52.673968" lon="12.930789">
        <ele>35.5</ele>
      </trkpt>
      <trkpt lat="52.674703" lon="12.931255">
        <ele>36.5</ele>
      </trkpt>
      <trkpt lat="52.675255" lon="12.931633">
        <ele>34.75</ele>
      </trkpt>
      <trkpt lat="52.67865" lon="12.933887">
        <ele>30.5</ele>
      </trkpt>
      <trkpt lat="52.68069" lon="12.935278">
        <ele>31.5</ele>
      </trkpt>
      <trkpt lat="52.680753" lon="12.935447">
        <ele>31.75</ele>
      </trkpt>
      <trkpt lat="52.682868" lon="12.936847">
        <ele>32</ele>
      </trkpt>
      <trkpt lat="52.683083" lon="12.936934">
        <ele>32</ele>
      </trkpt>
      <trkpt lat="52.683118" lon="12.936867">
        <ele>32</ele>
      </trkpt>
      <trkpt lat="52.683251" lon="12.936872">
        <ele>32</ele>
      </trkpt>
      <trkpt lat="52.683363" lon="12.936851">
        <ele>32</ele>
      </trkpt>
      <trkpt lat="52.683512" lon="12.936853">
        <ele>32</ele>
      </trkpt>
      <trkpt lat="52.683645" lon="12.936871">
        <ele>32.25</ele>
      </trkpt>
      <trkpt lat="52.683833" lon="12.936862">
        <ele>32.25</ele>
      </trkpt>
      <trkpt lat="52.684274" lon="12.936755">
        <ele>33</ele>
      </trkpt>
      <trkpt lat="52.684522" lon="12.936715">
        <ele>33.25</ele>
      </trkpt>
      <trkpt lat="52.684932" lon="12.936731">
        <ele>33.75</ele>
      </trkpt>
      <trkpt lat="52.68523" lon="12.936697">
        <ele>33.5</ele>
      </trkpt>
      <trkpt lat="52.685446" lon="12.936711">
        <ele>33.25</ele>
      </trkpt>
      <trkpt lat="52.685562" lon="12.936713">
        <ele>33.25</ele>
      </trkpt>
      <trkpt lat="52.685985" lon="12.936779">
        <ele>33</ele>
      </trkpt>
      <trkpt lat="52.686388" lon="12.936804">
        <ele>33.5</ele>
      </trkpt>
      <trkpt lat="52.68666" lon="12.936843">
        <ele>33.75</ele>
      </trkpt>
      <trkpt lat="52.686832" lon="12.936869">
        <ele>33.75</ele>
      </trkpt>
      <trkpt lat="52.687023" lon="12.936893">
        <ele>33.5</ele>
      </trkpt>
      <trkpt lat="52.687136" lon="12.936928">
        <ele>33.5</ele>
      </trkpt>
      <trkpt lat="52.687205" lon="12.936943">
        <ele>33.5</ele>
      </trkpt>
      <trkpt lat="52.687264" lon="12.936943">
        <ele>33.5</ele>
      </trkpt>
      <trkpt lat="52.687388" lon="12.937039">
        <ele>33.5</ele>
      </trkpt>
      <trkpt lat="52.687465" lon="12.936889">
        <ele>33.5</ele>
      </trkpt>
      <trkpt lat="52.687615" lon="12.93671">
        <ele>33.75</ele>
      </trkpt>
      <trkpt lat="52.687971" lon="12.936417">
        <ele>33</ele>
      </trkpt>
      <trkpt lat="52.688343" lon="12.936215">
        <ele>32.25</ele>
      </trkpt>
      <trkpt lat="52.688664" lon="12.936154">
        <ele>32</ele>
      </trkpt>
      <trkpt lat="52.688933" lon="12.936118">
        <ele>32</ele>
      </trkpt>
      <trkpt lat="52.689636" lon="12.936038">
        <ele>32</ele>
      </trkpt>
      <trkpt lat="52.69358" lon="12.935528">
        <ele>38.75</ele>
      </trkpt>
      <trkpt lat="52.693663" lon="12.935523">
        <ele>38.5</ele>
      </trkpt>
      <trkpt lat="52.693883" lon="12.935499">
        <ele>38.25</ele>
      </trkpt>
      <trkpt lat="52.69434" lon="12.935457">
        <ele>38.5</ele>
      </trkpt>
      <trkpt lat="52.696266" lon="12.934878">
        <ele>42.25</ele>
      </trkpt>
      <trkpt lat="52.697063" lon="12.934677">
        <ele>41</ele>
      </trkpt>
      <trkpt lat="52.697573" lon="12.934564">
        <ele>38.75</ele>
      </trkpt>
      <trkpt lat="52.697924" lon="12.934574">
        <ele>35.5</ele>
      </trkpt>
      <trkpt lat="52.70472" lon="12.93533">
        <ele>31</ele>
      </trkpt>
      <trkpt lat="52.705696" lon="12.93544">
        <ele>31</ele>
      </trkpt>
      <trkpt lat="52.706057" lon="12.935393">
        <ele>31</ele>
      </trkpt>
      <trkpt lat="52.706332" lon="12.935241">
        <ele>31</ele>
      </trkpt>
      <trkpt lat="52.707052" lon="12.934648">
        <ele>31</ele>
      </trkpt>
      <trkpt lat="52.707469" lon="12.934306">
        <ele>31</ele>
      </trkpt>
      <trkpt lat="52.707834" lon="12.934046">
        <ele>31.25</ele>
      </trkpt>
      <trkpt lat="52.708268" lon="12.933883">
        <ele>31.75</ele>
      </trkpt>
      <trkpt lat="52.708939" lon="12.933772">
        <ele>32</ele>
      </trkpt>
      <trkpt lat="52.709352" lon="12.933739">
        <ele>32</ele>
      </trkpt>
      <trkpt lat="52.709413" lon="12.933734">
        <ele>32.25</ele>
      </trkpt>
      <trkpt lat="52.711079" lon="12.93392">
        <ele>32</ele>
      </trkpt>
      <trkpt lat="52.71154" lon="12.933925">
        <ele>32.5</ele>
      </trkpt>
      <trkpt lat="52.711887" lon="12.933938">
        <ele>32.75</ele>
      </trkpt>
      <trkpt lat="52.712142" lon="12.93395">
        <ele>32.75</ele>
      </trkpt>
      <trkpt lat="52.712352" lon="12.933956">
        <ele>32.75</ele>
      </trkpt>
      <trkpt lat="52.712478" lon="12.933926">
        <ele>32.75</ele>
      </trkpt>
      <trkpt lat="52.712593" lon="12.933798">
        <ele>33</ele>
      </trkpt>
      <trkpt lat="52.712676" lon="12.933638">
        <ele>33</ele>
      </trkpt>
      <trkpt lat="52.712715" lon="12.933466">
        <ele>33</ele>
      </trkpt>
      <trkpt lat="52.713241" lon="12.93524">
        <ele>33</ele>
      </trkpt>
      <trkpt lat="52.713942" lon="12.937248">
        <ele>33.75</ele>
      </trkpt>
      <trkpt lat="52.714744" lon="12.939553">
        <ele>34.5</ele>
      </trkpt>
      <trkpt lat="52.715241" lon="12.940999">
        <ele>34.25</ele>
      </trkpt>
      <trkpt lat="52.715384" lon="12.941238">
        <ele>34</ele>
      </trkpt>
      <trkpt lat="52.716614" lon="12.943182">
        <ele>36.5</ele>
      </trkpt>
      <trkpt lat="52.719891" lon="12.94863">
        <ele>39</ele>
      </trkpt>
      <trkpt lat="52.720029" lon="12.948787">
        <ele>39</ele>
      </trkpt>
      <trkpt lat="52.720304" lon="12.949041">
        <ele>39</ele>
      </trkpt>
      <trkpt lat="52.720968" lon="12.94955">
        <ele>39.75</ele>
      </trkpt>
      <trkpt lat="52.721253" lon="12.950027">
        <ele>41.5</ele>
      </trkpt>
      <trkpt lat="52.721423" lon="12.95018">
        <ele>42.25</ele>
      </trkpt>
      <trkpt lat="52.721852" lon="12.950529">
        <ele>43.5</ele>
      </trkpt>
      <trkpt lat="52.722832" lon="12.951348">
        <ele>43.5</ele>
      </trkpt>
      <trkpt lat="52.722939" lon="12.9515">
        <ele>43.5</ele>
      </trkpt>
      <trkpt lat="52.724179" lon="12.953228">
        <ele>42.75</ele>
      </trkpt>
      <trkpt lat="52.724386" lon="12.953498">
        <ele>42.25</ele>
      </trkpt>
      <trkpt lat="52.724779" lon="12.954001">
        <ele>41.25</ele>
      </trkpt>
      <trkpt lat="52.725204" lon="12.954571">
        <ele>41</ele>
      </trkpt>
      <trkpt lat="52.725977" lon="12.955622">
        <ele>41.5</ele>
      </trkpt>
      <trkpt lat="52.726145" lon="12.955816">
        <ele>41.75</ele>
      </trkpt>
      <trkpt lat="52.726291" lon="12.955955">
        <ele>42</ele>
      </trkpt>
      <trkpt lat="52.726367" lon="12.956032">
        <ele>42</ele>
      </trkpt>
      <trkpt lat="52.72649" lon="12.956234">
        <ele>42.25</ele>
      </trkpt>
      <trkpt lat="52.726733" lon="12.956717">
        <ele>43</ele>
      </trkpt>
      <trkpt lat="52.726537" lon="12.956889">
        <ele>43.25</ele>
      </trkpt>
    </trkseg>
  </trk>
</gpx>